order_item_id,order_id,product_id,quantity,unit_price
1,1,159,2,463.25
2,1,61,2,488.22
3,1,46,4,17.27
4,1,189,3,392.28
5,2,41,1,194.36
6,2,10,4,115.1
7,2,118,3,156.07
8,3,7,2,202.24
9,3,72,1,483.61
10,4,103,3,469.92
11,4,30,3,93.39
12,4,68,1,58.66
13,4,112,3,365.63
14,4,81,4,305.07
15,5,148,2,131.09
16,5,182,4,5.84
17,5,138,2,185.29
18,5,18,3,313.46
19,6,130,3,335.11
20,6,84,4,350.12
21,6,142,2,99.96
22,7,158,3,206.01
23,7,1,3,147.02
24,8,168,3,235.17
25,8,114,2,258.03
26,8,189,2,331.13
27,8,73,3,51.23
28,8,193,2,338.03
29,9,7,1,126.2
30,9,122,1,230.43
31,10,184,4,249.72
32,10,63,2,329.75
33,11,57,2,403.03
34,11,179,4,29.86
35,11,64,1,230.95
36,11,119,3,475.27
37,12,185,4,416.13
38,12,141,4,449.12
39,12,191,4,227.78
40,12,193,2,420.73
41,12,71,4,315.24
42,13,183,3,121.07
43,14,21,2,79.66
44,14,99,2,354.68
45,14,17,4,206.76
46,14,139,4,210.81
47,14,53,4,197.79
48,15,196,4,241.1
49,16,193,4,427.46
50,16,108,2,246.67
51,16,70,4,245.39
52,17,186,2,421.05
53,17,33,1,453.93
54,17,152,1,46.55
55,17,110,2,434.09
56,18,98,3,109.77
57,18,84,3,381.81
58,18,98,3,377.24
59,19,21,4,14.59
60,19,139,1,499.95
61,19,90,2,326.82
62,20,64,2,420.42
63,21,33,4,336.38
64,21,145,2,235.19
65,22,156,1,390.01
66,22,42,3,58.51
67,23,174,4,201.34
68,23,184,2,42.62
69,23,177,2,55.44
70,23,198,3,425.9
71,23,154,1,399.13
72,24,137,4,332.45
73,24,18,3,11.26
74,24,108,4,57.24
75,25,182,2,220.57
76,25,188,3,309.88
77,25,138,4,235.11
78,25,188,3,164.54
79,26,116,2,376.49
80,26,146,4,171.52
81,26,127,3,95.01
82,27,88,3,440.76
83,27,180,3,280.12
84,27,133,2,47.38
85,28,143,2,346.85
86,28,166,4,226.85
87,28,5,1,150.65
88,28,104,2,156.57
89,29,142,3,215.62
90,29,191,3,179.15
91,29,117,3,156.78
92,29,60,1,362.04
93,30,196,2,99.81
94,30,190,4,141.87
95,30,151,3,490.35
96,30,50,3,117.6
97,30,46,3,12.0
98,31,12,1,278.91
99,31,179,2,320.75
100,31,193,4,55.78
101,32,121,4,223.03
102,32,48,1,129.98
103,32,123,1,411.95
104,33,148,1,80.1
105,34,22,2,63.63
106,34,196,4,305.13
107,34,159,2,388.97
108,35,77,4,156.16
109,35,159,1,306.77
110,35,190,1,474.06
111,35,54,2,136.0
112,36,45,1,82.48
113,36,105,4,346.24
114,37,60,3,354.94
115,38,176,2,462.34
116,39,109,1,274.56
117,39,166,2,454.66
118,40,16,2,397.35
119,41,113,1,237.01
120,41,78,4,471.62
121,41,129,4,221.69
122,42,189,3,303.84
123,42,7,1,118.32
124,42,173,1,499.79
125,42,173,3,290.24
126,43,133,4,458.46
127,43,47,4,319.22
128,43,126,1,237.66
129,43,105,3,163.92
130,44,106,4,147.67
131,44,103,1,230.14
132,44,81,3,165.02
133,45,1,4,209.56
134,45,49,3,313.2
135,45,128,4,381.2
136,45,53,3,276.86
137,45,74,4,441.02
138,46,162,2,356.34
139,47,142,4,51.14
140,48,31,2,251.7
141,48,184,3,256.89
142,48,70,4,418.19
143,48,121,2,231.11
144,49,154,2,432.69
145,49,71,4,173.24
146,50,1,3,364.4
147,50,151,4,433.3
148,50,115,4,175.84
149,51,117,3,435.45
150,51,179,2,288.04
151,51,60,4,26.61
152,51,191,4,354.09
153,52,170,2,250.19
154,52,10,2,253.63
155,52,152,3,435.5
156,52,113,1,265.35
157,53,105,2,42.04
158,53,68,3,313.51
159,54,173,4,477.3
160,54,161,4,436.83
161,54,10,1,121.21
162,55,192,1,219.82
163,55,26,1,224.62
164,56,12,3,399.09
165,57,111,2,125.88
166,57,106,2,89.14
167,57,21,4,311.76
168,58,37,2,233.27
169,58,66,4,131.39
170,58,3,4,451.1
171,58,174,2,41.56
172,58,89,3,321.27
173,59,78,2,499.69
174,59,124,1,122.42
175,59,147,3,289.53
176,59,180,3,15.86
177,60,3,1,455.76
178,60,191,4,417.26
179,60,74,2,305.5
180,61,159,3,340.49
181,61,185,2,315.98
182,62,113,1,291.89
183,62,188,2,49.62
184,62,76,3,375.0
185,63,139,3,267.77
186,63,70,2,132.2
187,64,192,3,403.1
188,64,120,1,74.67
189,64,58,4,483.8
190,65,24,4,11.89
191,65,138,1,230.12
192,65,173,3,294.36
193,66,173,2,238.38
194,67,157,2,325.59
195,67,163,4,455.15
196,67,78,4,62.75
197,68,127,1,53.11
198,68,138,2,197.38
199,68,95,4,295.73
200,69,168,1,417.68
201,69,158,4,469.83
202,69,72,1,346.69
203,69,56,4,225.12
204,70,176,3,274.51
205,71,102,3,98.96
206,72,170,2,322.64
207,73,86,2,494.47
208,74,18,2,295.26
209,74,60,3,388.31
210,75,71,2,493.83
211,76,29,1,70.24
212,76,92,2,296.48
213,77,14,2,372.15
214,77,135,1,374.1
215,77,122,4,390.12
216,78,116,2,472.98
217,79,118,1,35.11
218,79,123,4,216.01
219,79,28,4,357.64
220,80,83,2,37.51
221,81,141,3,193.55
222,81,153,3,229.59
223,81,155,4,54.09
224,81,180,1,427.13
225,81,167,2,217.88
226,82,87,4,202.37
227,82,187,1,159.71
228,82,81,3,190.28
229,82,40,4,38.23
230,83,111,1,373.57
231,84,16,3,336.66
232,84,106,3,437.44
233,84,193,4,434.71
234,84,185,1,484.36
235,84,154,3,179.06
236,85,40,4,116.0
237,85,28,3,423.46
238,86,147,2,404.57
239,86,144,1,306.45
240,86,169,3,19.33
241,87,90,1,94.8
242,87,37,4,39.44
243,87,190,1,50.42
244,88,108,4,173.74
245,88,95,3,362.19
246,88,199,1,442.25
247,88,40,2,378.45
248,89,114,4,245.4
249,89,114,4,140.22
250,89,194,1,175.86
251,90,125,3,27.48
252,90,102,1,8.81
253,90,78,2,384.84
254,90,196,3,148.28
255,90,31,1,251.21
256,91,98,2,252.63
257,91,172,3,40.68
258,92,5,4,460.98
259,92,81,4,288.83
260,92,182,4,148.31
261,92,104,1,483.27
262,93,177,3,48.62
263,93,28,2,220.66
264,93,103,1,200.9
265,93,80,3,114.68
266,94,131,1,267.65
267,95,187,2,121.95
268,95,38,3,102.65
269,95,155,2,381.31
270,96,198,4,234.66
271,96,145,4,342.16
272,97,83,3,79.72
273,97,18,4,223.89
274,97,78,3,297.75
275,97,91,1,158.65
276,97,116,1,33.16
277,98,166,1,309.43
278,99,149,1,227.62
279,99,147,2,164.16
280,99,122,2,479.07
281,99,116,1,406.43
282,100,130,2,24.38
283,101,135,2,185.13
284,101,73,4,207.34
285,101,87,1,395.67
286,101,166,3,37.63
287,102,73,3,363.25
288,102,169,2,170.01
289,102,150,2,458.79
290,102,80,4,68.83
291,103,144,4,323.53
292,103,85,2,336.71
293,103,190,1,324.78
294,104,5,3,157.89
295,104,55,3,474.1
296,104,125,2,117.14
297,105,76,1,256.31
298,106,170,3,438.81
299,107,97,2,85.31
300,107,178,2,361.99
301,107,12,4,185.33
302,107,185,2,484.95
303,107,157,3,377.43
304,108,137,2,158.19
305,108,121,2,187.08
306,109,119,3,390.17
307,109,129,4,483.3
308,109,52,2,437.14
309,109,14,4,437.69
310,110,32,3,46.52
311,110,42,3,227.41
312,110,132,2,416.37
313,110,24,2,409.27
314,110,90,1,210.37
315,111,61,4,497.29
316,111,96,2,18.95
317,111,26,3,396.73
318,112,121,2,380.63
319,112,121,4,309.6
320,112,21,1,131.68
321,113,187,4,60.04
322,113,74,2,154.07
323,113,13,2,212.81
324,113,160,4,36.09
325,113,128,1,317.82
326,114,75,4,5.77
327,114,91,2,287.48
328,115,93,1,476.93
329,115,140,1,198.27
330,115,121,1,319.66
331,115,96,3,374.92
332,115,92,1,175.68
333,116,189,3,71.04
334,116,91,3,407.69
335,116,45,4,490.51
336,116,123,2,406.69
337,116,17,4,23.31
338,117,11,3,467.02
339,117,132,4,494.62
340,118,10,2,146.62
341,118,200,1,433.57
342,118,85,3,66.62
343,119,191,4,447.85
344,119,99,3,486.99
345,119,128,4,186.84
346,119,133,3,401.57
347,120,111,2,275.01
348,121,84,3,156.72
349,122,177,4,179.02
350,122,11,3,309.35
351,123,20,4,184.84
352,124,37,4,22.23
353,125,93,4,474.99
354,125,9,2,341.14
355,125,95,3,224.75
356,126,136,3,202.03
357,126,167,3,128.56
358,127,128,4,457.2
359,127,31,3,388.61
360,128,157,3,348.52
361,128,126,2,65.71
362,129,45,4,498.64
363,129,175,3,335.58
364,129,182,1,277.25
365,129,75,3,426.42
366,130,131,2,65.07
367,130,52,2,122.18
368,130,127,1,183.64
369,131,142,2,307.91
370,131,23,1,158.1
371,131,184,4,265.22
372,131,197,4,412.55
373,132,165,1,227.74
374,132,175,3,68.53
375,132,200,2,385.05
376,133,15,1,261.46
377,133,78,2,85.17
378,133,182,2,176.28
379,133,133,3,423.74
380,133,65,2,319.35
381,134,161,3,309.14
382,134,24,2,297.95
383,135,169,3,422.05
384,135,145,1,413.49
385,136,165,3,327.31
386,137,159,1,251.53
387,137,161,3,322.74
388,137,78,4,126.21
389,137,176,4,152.23
390,138,113,4,244.7
391,138,53,3,305.3
392,139,103,2,381.53
393,139,132,1,162.96
394,139,120,1,137.4
395,140,13,3,472.97
396,141,64,2,407.67
397,141,148,3,98.97
398,141,41,4,498.0
399,141,120,4,440.14
400,142,101,4,483.51
401,143,13,1,144.27
402,143,153,4,146.45
403,143,3,1,218.31
404,144,196,4,186.14
405,144,103,1,287.29
406,144,50,3,278.85
407,145,116,3,413.53
408,145,160,1,68.69
409,145,25,4,189.73
410,145,87,3,378.71
411,145,51,4,252.54
412,146,183,3,402.96
413,146,133,4,78.73
414,147,84,3,85.44
415,147,158,3,298.89
416,148,126,3,240.07
417,148,5,3,168.96
418,148,29,4,293.93
419,148,186,1,300.47
420,148,68,2,362.09
421,149,135,4,78.15
422,149,175,2,20.63
423,150,5,4,160.28
424,150,39,4,346.8
425,151,121,1,354.36
426,151,133,2,282.64
427,151,170,4,265.11
428,151,81,2,232.53
429,151,137,3,275.41
430,152,124,2,478.88
431,152,72,3,116.31
432,152,77,3,353.93
433,152,177,4,161.94
434,152,90,3,147.46
435,153,102,3,477.53
436,153,38,3,25.82
437,153,183,1,176.45
438,153,114,3,374.93
439,154,70,3,72.95
440,154,158,2,125.02
441,154,172,2,320.78
442,154,14,1,209.58
443,154,184,4,54.77
444,155,141,2,206.42
445,156,167,2,379.18
446,156,74,3,146.28
447,156,16,1,327.89
448,156,60,1,457.05
449,157,10,4,395.04
450,157,48,3,438.99
451,158,155,1,464.59
452,158,86,3,229.9
453,158,165,4,445.18
454,158,35,4,140.05
455,158,29,3,85.43
456,159,4,3,396.43
457,159,146,2,91.87
458,160,132,3,47.94
459,160,172,1,96.47
460,160,36,4,165.18
461,160,64,1,134.09
462,161,85,3,293.32
463,161,147,1,134.47
464,161,93,2,35.75
465,162,41,4,344.61
466,162,181,3,346.69
467,162,164,3,186.93
468,163,123,2,230.21
469,163,156,3,210.84
470,164,171,2,382.12
471,164,175,1,265.13
472,164,136,3,43.66
473,164,145,1,35.57
474,164,141,2,288.49
475,165,134,4,62.54
476,165,53,4,50.02
477,165,131,4,405.3
478,166,107,4,284.14
479,166,144,4,338.02
480,166,79,1,200.99
481,166,1,2,291.26
482,166,12,4,175.54
483,167,18,4,20.71
484,168,197,4,190.36
485,168,98,4,435.46
486,169,21,2,328.5
487,169,90,1,93.34
488,169,138,4,266.78
489,169,187,2,418.24
490,170,119,4,268.31
491,170,59,2,233.01
492,170,40,3,98.3
493,171,170,4,309.39
494,172,53,1,54.94
495,172,9,4,300.9
496,173,190,1,204.12
497,173,60,2,378.42
498,174,129,3,120.91
499,174,188,3,290.85
500,175,78,2,492.92
501,175,134,2,209.71
502,176,152,2,314.87
503,176,110,4,28.21
504,176,89,4,393.97
505,176,82,4,207.09
506,176,77,4,96.02
507,177,58,3,429.48
508,177,37,4,457.8
509,178,143,2,197.27
510,178,66,2,168.48
511,178,21,4,424.33
512,178,24,2,30.51
513,179,11,1,98.14
514,179,195,2,242.3
515,179,86,3,478.72
516,179,4,2,468.89
517,179,190,1,374.71
518,180,179,2,201.33
519,180,62,3,388.88
520,181,167,3,157.67
521,181,93,4,235.67
522,181,185,4,382.01
523,181,82,2,188.5
524,181,106,1,283.45
525,182,67,4,151.12
526,183,98,2,252.15
527,183,168,3,132.38
528,184,118,2,367.72
529,184,91,2,74.28
530,184,140,4,96.1
531,184,139,1,264.35
532,185,196,1,209.13
533,186,182,2,9.53
534,187,16,4,331.35
535,187,5,1,268.45
536,187,106,1,13.28
537,188,74,1,253.6
538,188,179,4,404.05
539,188,46,1,459.43
540,188,135,2,124.28
541,188,159,3,408.53
542,189,96,4,232.2
543,190,176,1,328.6
544,190,167,1,51.28
545,190,98,4,278.59
546,191,22,4,423.44
547,191,166,3,285.1
548,192,11,2,109.65
549,192,178,4,139.19
550,192,20,3,450.16
551,192,145,1,93.78
552,192,81,1,480.93
553,193,20,3,85.41
554,193,62,4,340.13
555,193,139,3,195.0
556,193,190,2,396.3
557,194,191,3,31.58
558,194,112,2,420.14
559,194,88,4,484.62
560,194,84,1,318.89
561,194,116,4,117.93
562,195,48,4,47.42
563,195,159,3,400.04
564,195,183,1,45.61
565,195,40,4,357.28
566,196,82,3,57.74
567,196,2,3,225.14
568,196,195,3,55.6
569,196,23,2,218.33
570,197,105,1,18.0
571,197,91,1,300.48
572,197,84,4,11.11
573,197,106,4,390.69
574,197,186,2,288.12
575,198,36,3,154.06
576,198,127,2,36.32
577,199,77,4,392.42
578,199,93,3,472.39
579,199,185,4,298.93
580,199,51,4,57.95
581,200,86,4,403.02
582,200,85,4,170.69
583,200,167,2,153.72
584,200,155,2,242.11
585,201,75,4,484.04
586,201,63,3,191.15
587,201,101,3,61.37
588,202,140,2,342.45
589,202,141,1,476.74
590,202,119,2,222.04
591,202,75,1,410.39
592,202,105,4,73.89
593,203,169,2,359.04
594,203,97,1,227.29
595,203,154,4,293.21
596,204,140,1,396.41
597,204,93,1,59.14
598,204,64,3,87.34
599,204,157,1,283.79
600,205,111,1,10.22
601,205,67,2,257.78
602,205,133,2,225.66
603,206,177,2,175.76
604,206,7,4,56.75
605,206,107,1,62.45
606,206,187,2,177.42
607,206,88,4,393.21
608,207,122,1,221.89
609,207,179,4,162.86
610,207,77,1,406.04
611,208,166,1,340.18
612,208,43,2,260.42
613,208,142,2,168.84
614,209,104,2,97.26
615,209,169,4,200.81
616,210,116,4,197.47
617,210,181,2,106.86
618,211,27,2,186.07
619,211,51,4,61.41
620,211,172,4,266.22
621,211,164,3,300.5
622,211,157,4,295.57
623,212,159,2,407.8
624,212,181,3,459.75
625,212,152,1,337.69
626,212,81,1,123.09
627,213,178,2,257.86
628,213,108,2,289.53
629,213,109,2,245.9
630,214,43,4,147.97
631,214,48,3,421.78
632,214,159,1,433.43
633,214,3,4,72.58
634,214,99,4,207.52
635,215,126,2,45.92
636,215,8,2,149.58
637,215,71,2,271.12
638,215,44,4,285.0
639,216,131,1,288.49
640,216,69,3,273.31
641,216,194,1,381.2
642,216,113,2,494.94
643,216,27,2,152.37
644,217,90,1,222.34
645,217,31,2,108.89
646,217,189,3,431.22
647,218,158,2,393.5
648,218,53,1,287.19
649,219,138,2,165.21
650,219,181,3,148.22
651,219,69,1,72.12
652,219,193,4,459.79
653,219,71,2,352.21
654,220,183,3,415.1
655,220,195,4,247.28
656,221,97,4,42.38
657,221,197,1,204.41
658,221,192,3,348.88
659,221,95,4,475.38
660,222,199,1,366.81
661,223,137,4,112.83
662,224,69,3,415.03
663,224,87,2,285.24
664,224,125,3,447.61
665,224,196,1,27.74
666,225,32,2,223.44
667,226,177,2,441.66
668,226,78,2,437.84
669,227,168,3,128.94
670,228,102,3,364.36
671,229,168,1,353.33
672,229,1,2,241.02
673,229,34,2,262.12
674,229,114,1,8.99
675,230,178,2,241.46
676,230,59,4,49.22
677,230,27,1,160.11
678,230,77,2,194.45
679,231,18,1,307.11
680,231,43,4,178.84
681,232,158,4,430.68
682,232,23,1,74.31
683,232,32,4,179.01
684,232,110,3,396.58
685,233,64,3,390.59
686,234,53,2,375.18
687,234,76,1,392.98
688,234,62,4,196.01
689,235,19,1,493.51
690,235,82,2,196.48
691,235,146,4,185.88
692,235,175,2,382.55
693,235,198,1,13.26
694,236,56,1,461.68
695,236,102,3,316.14
696,236,129,4,214.67
697,237,138,2,142.35
698,237,80,1,258.1
699,237,53,2,270.51
700,237,101,1,158.53
701,237,112,2,33.66
702,238,117,1,158.1
703,239,4,2,352.24
704,240,134,3,87.65
705,240,33,3,367.8
706,240,31,1,170.83
707,241,17,3,357.6
708,241,148,1,250.59
709,241,131,3,32.44
710,241,146,2,187.01
711,241,66,1,447.66
712,242,190,1,26.8
713,242,4,2,27.76
714,243,46,1,278.67
715,243,183,4,116.14
716,244,70,1,287.91
717,244,31,1,93.78
718,244,133,1,477.27
719,245,199,3,167.01
720,245,142,4,8.94
721,245,52,3,284.08
722,246,119,3,297.89
723,246,127,2,367.57
724,247,2,4,16.84
725,247,139,3,319.79
726,248,1,4,425.26
727,248,187,3,56.45
728,248,136,2,212.81
729,249,183,3,51.05
730,249,60,4,351.92
731,250,149,1,255.19
732,251,152,1,220.32
733,252,75,3,426.2
734,252,101,3,162.44
735,253,52,2,391.07
736,254,28,2,227.54
737,254,81,4,64.76
738,255,79,4,136.18
739,255,31,1,83.02
740,255,176,3,414.06
741,255,179,1,111.44
742,256,24,2,484.36
743,256,102,1,340.21
744,257,104,4,280.2
745,258,119,1,402.93
746,259,16,2,69.7
747,260,176,1,293.25
748,260,67,1,15.79
749,260,17,2,451.74
750,261,85,1,26.13
751,262,147,4,411.73
752,262,102,4,19.59
753,263,91,2,454.61
754,263,71,3,225.78
755,264,159,2,325.4
756,264,128,4,441.98
757,264,123,1,48.42
758,264,99,2,212.52
759,264,165,2,317.22
760,265,98,3,242.44
761,266,145,3,197.25
762,266,47,1,162.84
763,266,57,1,448.4
764,267,121,3,384.59
765,268,64,2,136.93
766,269,148,4,180.63
767,269,45,2,122.09
768,270,8,3,474.04
769,270,145,2,283.74
770,270,49,4,273.35
771,270,45,4,23.79
772,270,15,2,302.82
773,271,1,3,459.36
774,271,52,2,173.68
775,271,46,3,34.48
776,271,38,2,388.31
777,272,19,3,353.75
778,272,170,4,295.08
779,272,87,3,164.69
780,273,164,4,326.34
781,273,45,3,115.5
782,273,151,2,192.3
783,273,188,3,68.04
784,274,101,1,95.13
785,274,82,2,321.63
786,274,27,4,74.62
787,274,191,1,122.81
788,274,82,2,319.91
789,275,115,1,136.28
790,275,64,1,178.49
791,275,28,1,28.83
792,276,106,4,441.48
793,276,90,4,55.21
794,277,42,4,41.49
795,277,9,3,14.94
796,278,88,2,444.53
797,279,24,3,299.05
798,279,158,4,353.73
799,279,111,2,305.62
800,279,112,2,31.51
801,279,85,2,487.33
802,280,68,3,152.21
803,280,25,1,199.49
804,280,141,4,81.03
805,280,93,1,216.66
806,280,76,4,103.84
807,281,164,3,488.64
808,281,122,1,157.63
809,282,170,3,50.11
810,282,140,4,96.52
811,282,98,3,97.36
812,282,12,3,222.67
813,283,145,1,79.81
814,283,179,1,47.43
815,283,89,4,485.5
816,284,16,4,410.11
817,284,108,4,288.49
818,284,61,4,152.93
819,284,102,1,253.54
820,284,133,2,64.54
821,285,43,2,405.19
822,285,33,1,214.57
823,286,161,2,417.88
824,286,67,3,455.85
825,287,100,4,278.27
826,288,118,1,394.34
827,288,160,4,60.7
828,288,39,2,285.46
829,288,150,1,462.84
830,288,145,1,393.94
831,289,106,3,194.61
832,289,125,4,23.55
833,289,71,4,76.21
834,290,102,3,346.8
835,291,96,1,172.24
836,291,78,3,143.77
837,291,126,1,486.39
838,292,191,4,388.15
839,292,83,3,365.76
840,292,155,1,98.03
841,293,195,3,411.4
842,293,132,2,37.48
843,293,182,4,72.15
844,293,135,1,91.0
845,294,64,1,230.94
846,295,71,3,412.64
847,295,130,4,319.53
848,296,96,4,299.05
849,296,46,4,295.51
850,297,67,1,146.11
851,297,99,1,85.64
852,298,166,2,340.46
853,298,69,4,259.07
854,299,34,2,302.57
855,299,3,2,129.93
856,299,79,3,214.78
857,299,97,3,232.2
858,300,174,4,294.32
859,300,2,3,282.92
860,300,153,3,152.75
861,301,87,3,322.09
862,302,168,3,98.24
863,302,133,2,450.35
864,302,154,4,331.96
865,303,168,4,498.75
866,304,100,1,293.6
867,304,147,2,174.87
868,304,183,2,344.73
869,304,164,4,453.73
870,305,77,2,421.12
871,305,143,2,150.42
872,305,121,2,371.75
873,305,186,2,473.73
874,305,86,1,115.02
875,306,85,3,133.98
876,306,76,4,426.35
877,306,121,1,433.86
878,306,150,1,238.75
879,307,175,4,267.27
880,308,36,2,174.62
881,308,146,4,75.9
882,309,125,3,317.36
883,310,2,4,140.4
884,311,196,2,247.34
885,311,196,1,69.06
886,311,112,4,204.68
887,311,123,4,7.31
888,311,137,2,366.68
889,312,194,2,13.87
890,312,2,2,117.0
891,312,89,3,68.82
892,313,79,2,37.32
893,313,12,3,474.49
894,313,117,3,219.66
895,313,176,2,174.65
896,313,126,3,376.31
897,314,59,2,364.95
898,315,151,2,65.97
899,316,164,3,386.77
900,316,160,1,298.99
901,316,13,1,328.52
902,316,6,1,346.43
903,317,32,3,239.83
904,317,40,2,349.12
905,317,162,1,154.05
906,317,170,1,332.93
907,318,180,2,212.32
908,318,27,1,144.94
909,318,28,4,103.33
910,318,52,3,416.59
911,318,52,3,353.2
912,319,141,4,455.63
913,320,61,1,11.31
914,320,23,1,418.44
915,320,172,4,78.83
916,321,186,1,452.87
917,322,76,3,234.82
918,322,26,2,437.7
919,322,75,3,401.79
920,322,81,4,370.58
921,323,36,2,167.69
922,324,69,1,189.45
923,324,88,2,61.35
924,324,103,4,139.56
925,324,99,4,400.95
926,324,167,2,60.96
927,325,27,4,456.06
928,325,124,4,94.72
929,326,8,2,244.12
930,326,125,1,444.36
931,326,113,1,36.35
932,326,168,3,11.12
933,326,174,2,489.06
934,327,134,1,219.26
935,327,187,2,243.56
936,327,170,4,78.58
937,327,143,1,10.76
938,327,41,4,426.68
939,328,193,4,163.71
940,329,130,2,277.5
941,330,21,4,224.87
942,330,147,4,48.57
943,331,31,4,373.89
944,331,5,1,204.7
945,331,10,1,413.82
946,332,164,3,445.6
947,332,144,2,329.03
948,332,117,3,184.85
949,332,14,2,422.94
950,332,85,4,359.75
951,333,25,2,6.09
952,334,134,3,352.54
953,334,12,2,248.75
954,334,184,4,57.95
955,334,157,2,97.83
956,334,101,2,231.24
957,335,28,4,28.02
958,335,163,1,387.21
959,335,116,4,330.94
960,336,128,1,267.53
961,336,13,4,420.21
962,337,178,2,366.59
963,337,33,1,196.77
964,338,130,4,212.24
965,338,156,2,140.43
966,338,88,3,229.16
967,339,155,3,422.32
968,339,141,3,357.38
969,339,142,2,104.44
970,339,160,3,344.87
971,340,129,3,356.62
972,340,195,3,283.33
973,341,173,3,439.35
974,341,109,1,263.75
975,341,7,4,76.94
976,341,172,1,103.95
977,342,175,3,77.48
978,342,16,3,105.98
979,342,139,1,182.55
980,343,173,2,372.49
981,343,144,4,122.61
982,343,179,3,348.0
983,343,13,4,196.84
984,343,176,3,483.09
985,344,52,4,415.84
986,344,163,3,378.78
987,344,140,2,389.19
988,345,115,2,491.81
989,345,20,2,481.43
990,345,189,1,191.71
991,346,68,2,84.66
992,346,66,1,168.63
993,346,182,2,24.77
994,346,83,1,387.96
995,346,161,3,247.82
996,347,19,3,265.07
997,347,48,1,394.2
998,347,41,4,273.82
999,348,57,2,333.35
1000,348,85,3,150.32
1001,348,193,4,498.33
1002,349,172,3,225.61
1003,350,63,1,342.86
1004,350,83,4,458.39
1005,350,30,4,132.01
1006,350,186,3,17.23
1007,350,133,3,259.58
1008,351,12,3,449.65
1009,351,50,3,259.38
1010,351,25,2,485.96
1011,351,198,1,315.33
1012,352,27,2,271.19
1013,352,180,4,325.05
1014,352,19,2,16.76
1015,352,184,3,23.75
1016,353,65,1,289.61
1017,353,59,3,206.78
1018,354,81,1,197.8
1019,354,31,1,322.5
1020,354,159,1,379.2
1021,354,150,1,351.94
1022,355,28,3,394.51
1023,355,78,1,144.35
1024,355,113,4,200.58
1025,355,170,1,239.62
1026,355,137,2,72.51
1027,356,163,2,152.54
1028,356,187,3,478.91
1029,356,3,2,66.0
1030,357,101,1,155.82
1031,357,192,3,109.81
1032,357,166,2,84.67
1033,357,57,3,101.19
1034,357,47,1,426.44
1035,358,166,1,148.87
1036,358,18,3,53.61
1037,358,186,4,476.01
1038,358,92,2,337.29
1039,359,159,1,450.56
1040,359,82,4,228.07
1041,359,158,3,348.26
1042,360,94,3,479.54
1043,360,44,1,160.04
1044,360,57,4,141.96
1045,360,93,2,341.39
1046,360,85,4,234.11
1047,361,142,1,92.01
1048,361,156,1,421.69
1049,361,36,2,135.3
1050,361,161,1,365.08
1051,362,162,1,407.26
1052,362,149,4,385.75
1053,362,55,1,278.04
1054,362,140,4,328.68
1055,362,39,3,199.29
1056,363,35,4,253.06
1057,363,24,4,185.11
1058,363,3,2,424.75
1059,364,194,2,225.88
1060,364,46,2,369.28
1061,365,57,4,119.72
1062,366,11,2,261.35
1063,366,93,4,237.49
1064,367,167,3,56.1
1065,368,190,3,291.42
1066,368,146,2,191.45
1067,368,97,3,295.9
1068,369,65,4,486.47
1069,369,58,4,179.68
1070,369,89,4,397.37
1071,369,155,1,253.41
1072,369,36,4,86.97
1073,370,55,2,97.52
1074,370,93,1,332.25
1075,370,107,3,361.53
1076,371,54,2,325.39
1077,371,106,1,125.62
1078,371,33,2,71.69
1079,371,132,1,445.94
1080,372,67,2,260.74
1081,372,104,1,439.86
1082,373,56,4,305.23
1083,374,57,4,302.42
1084,374,150,2,313.49
1085,375,186,3,461.56
1086,375,153,1,118.76
1087,376,5,2,263.74
1088,377,39,1,92.82
1089,377,158,1,439.49
1090,377,137,1,51.13
1091,377,169,2,451.48
1092,378,134,4,188.34
1093,378,12,4,118.6
1094,378,124,4,178.51
1095,378,190,1,215.62
1096,379,22,3,301.15
1097,379,140,4,132.61
1098,380,134,1,262.28
1099,380,97,2,345.44
1100,380,81,4,184.32
1101,380,40,4,327.53
1102,380,65,3,428.21
1103,381,157,3,495.94
1104,381,102,2,209.55
1105,381,143,4,93.47
1106,382,65,3,290.94
1107,382,199,4,369.21
1108,382,169,1,375.17
1109,382,115,2,54.64
1110,383,141,1,84.57
1111,383,163,1,403.16
1112,383,38,4,463.3
1113,384,68,2,188.56
1114,385,103,3,357.24
1115,385,153,1,473.13
1116,385,45,4,222.29
1117,385,52,3,101.4
1118,386,133,2,309.52
1119,386,173,1,183.07
1120,386,168,1,487.94
1121,386,23,3,390.94
1122,386,91,4,205.7
1123,387,189,1,459.99
1124,388,150,3,177.0
1125,388,71,2,305.15
1126,388,50,4,465.21
1127,388,148,1,134.25
1128,388,105,1,281.52
1129,389,30,3,438.68
1130,389,148,3,348.62
1131,389,97,4,386.13
1132,390,175,4,448.78
1133,390,8,4,62.55
1134,390,18,4,318.66
1135,390,57,2,401.08
1136,391,138,1,351.91
1137,391,68,2,147.21
1138,391,103,3,42.63
1139,391,46,4,160.37
1140,391,56,3,95.48
1141,392,189,2,121.26
1142,392,62,3,107.36
1143,392,52,2,418.99
1144,392,92,2,390.57
1145,393,158,1,383.3
1146,393,139,1,424.77
1147,393,96,3,248.71
1148,393,148,3,247.95
1149,394,102,2,376.33
1150,394,33,1,265.24
1151,394,109,4,470.13
1152,395,101,2,231.31
1153,395,31,4,161.25
1154,395,3,1,338.68
1155,396,84,3,308.33
1156,397,68,2,138.36
1157,397,157,3,186.13
1158,397,128,4,109.21
1159,397,180,3,185.71
1160,397,103,3,228.11
1161,398,176,2,408.02
1162,398,185,3,403.02
1163,398,143,4,428.87
1164,398,51,2,401.02
1165,398,190,2,239.13
1166,399,128,2,497.8
1167,399,162,3,393.74
1168,399,77,3,283.26
1169,399,146,1,202.21
1170,400,56,3,240.89
1171,401,191,3,133.59
1172,401,93,3,175.35
1173,401,106,1,178.79
1174,401,174,2,290.54
1175,402,200,3,180.78
1176,402,173,4,388.5
1177,403,158,3,234.56
1178,403,38,2,322.09
1179,403,87,4,317.48
1180,403,147,4,425.21
1181,404,88,2,160.17
1182,404,168,3,356.66
1183,405,114,3,375.21
1184,405,134,4,209.92
1185,405,48,1,66.89
1186,406,54,2,201.54
1187,407,141,1,18.05
1188,407,102,1,56.44
1189,407,159,2,46.73
1190,407,100,3,118.53
1191,408,161,2,69.98
1192,408,44,1,22.4
1193,408,92,3,432.8
1194,408,120,3,276.53
1195,409,152,4,317.37
1196,409,163,4,264.11
1197,410,89,4,272.14
1198,410,23,4,157.39
1199,410,106,3,82.08
1200,411,195,2,175.22
1201,411,121,1,345.45
1202,411,126,4,153.31
1203,411,197,4,399.99
1204,411,153,2,399.4
1205,412,106,4,200.4
1206,412,42,4,415.07
1207,413,109,2,260.72
1208,414,73,3,209.39
1209,414,18,2,72.63
1210,414,29,4,310.78
1211,415,49,3,14.6
1212,415,13,1,97.04
1213,415,27,3,138.25
1214,415,184,4,364.92
1215,416,4,4,112.51
1216,416,108,3,393.93
1217,417,179,1,168.47
1218,417,193,2,32.74
1219,417,199,4,40.34
1220,417,121,2,100.14
1221,418,4,1,487.43
1222,418,183,2,195.47
1223,418,114,2,370.12
1224,418,9,2,233.11
1225,419,171,2,239.05
1226,419,175,3,468.43
1227,419,41,1,373.64
1228,419,141,1,130.39
1229,419,164,3,103.37
1230,420,29,2,318.29
1231,420,84,1,87.84
1232,421,102,2,9.42
1233,422,177,2,188.84
1234,422,23,2,83.06
1235,422,24,3,465.77
1236,422,195,1,34.59
1237,423,28,2,246.48
1238,423,82,3,403.74
1239,423,113,2,15.57
1240,423,97,3,363.58
1241,423,65,1,245.22
1242,424,139,4,98.94
1243,424,48,3,165.22
1244,424,120,3,434.49
1245,425,18,2,227.45
1246,425,68,3,229.77
1247,426,188,2,442.05
1248,426,159,3,389.13
1249,426,62,3,361.9
1250,426,169,4,98.99
1251,427,40,3,164.69
1252,427,165,3,59.68
1253,427,134,1,26.67
1254,427,34,2,437.38
1255,427,52,1,245.26
1256,428,165,4,330.67
1257,428,135,3,29.3
1258,428,57,1,11.48
1259,428,54,4,464.56
1260,428,21,4,401.5
1261,429,191,4,411.9
1262,429,182,1,412.7
1263,429,69,1,368.48
1264,429,78,1,472.58
1265,429,133,1,55.11
1266,430,49,2,265.47
1267,430,64,2,281.42
1268,430,143,4,374.32
1269,430,197,3,338.87
1270,431,43,2,277.23
1271,432,137,4,467.09
1272,432,81,3,423.2
1273,433,156,2,283.76
1274,433,55,4,384.03
1275,433,191,3,183.2
1276,434,1,1,491.56
1277,434,153,1,261.22
1278,434,78,1,153.67
1279,434,57,2,428.58
1280,435,131,2,51.67
1281,435,118,3,82.27
1282,435,68,3,445.36
1283,435,64,2,131.84
1284,435,77,1,287.39
1285,436,186,3,397.49
1286,437,25,3,23.5
1287,437,148,4,43.85
1288,437,15,3,177.23
1289,437,112,4,465.47
1290,437,31,2,375.1
1291,438,163,4,31.79
1292,439,139,2,166.78
1293,439,179,2,80.83
1294,439,173,4,485.66
1295,440,130,1,114.93
1296,440,75,4,78.27
1297,440,87,1,240.55
1298,440,191,1,276.34
1299,440,68,1,202.27
1300,441,124,2,246.49
1301,441,167,2,282.78
1302,442,63,1,136.8
1303,442,111,3,343.95
1304,443,172,4,214.65
1305,444,89,1,385.99
1306,444,44,3,310.03
1307,444,114,2,223.03
1308,445,176,3,82.22
1309,445,187,1,60.62
1310,446,38,3,11.8
1311,446,178,1,156.03
1312,446,121,1,169.28
1313,446,190,2,105.88
1314,446,134,3,276.66
1315,447,97,1,131.45
1316,448,179,3,31.28
1317,448,168,1,37.97
1318,449,28,1,149.79
1319,449,167,4,119.43
1320,449,98,1,452.42
1321,450,23,2,103.44
1322,450,118,1,24.68
1323,450,136,3,170.12
1324,450,101,2,14.09
1325,450,176,3,180.91
1326,451,71,1,314.77
1327,451,100,1,472.35
1328,451,72,2,80.1
1329,451,101,2,48.46
1330,451,98,2,211.58
1331,452,80,3,227.34
1332,452,34,2,327.97
1333,452,149,2,431.98
1334,452,80,2,217.88
1335,453,41,3,38.57
1336,453,137,1,96.15
1337,453,38,1,383.89
1338,453,106,4,155.16
1339,453,191,3,80.22
1340,454,48,1,382.41
1341,454,157,3,304.77
1342,455,60,2,345.25
1343,455,92,1,345.63
1344,455,123,2,253.65
1345,455,155,4,357.45
1346,455,96,2,426.8
1347,456,42,2,117.01
1348,456,105,1,463.09
1349,457,191,2,380.1
1350,457,17,2,463.92
1351,458,177,3,434.05
1352,458,64,4,205.41
1353,458,11,4,361.5
1354,458,101,1,262.72
1355,459,63,4,492.0
1356,460,133,1,98.98
1357,460,113,4,442.78
1358,460,199,3,233.37
1359,460,109,3,308.5
1360,461,119,4,49.77
1361,461,129,1,93.99
1362,462,101,4,165.11
1363,462,7,2,229.57
1364,463,24,3,165.42
1365,463,167,2,360.6
1366,463,32,1,61.51
1367,463,116,3,47.23
1368,464,157,2,192.45
1369,464,98,1,385.29
1370,464,86,2,85.25
1371,464,38,2,385.73
1372,464,14,4,157.49
1373,465,161,2,63.19
1374,465,34,2,6.75
1375,465,196,3,11.04
1376,466,2,4,122.75
1377,466,151,4,229.6
1378,466,114,1,302.6
1379,466,2,2,441.67
1380,466,72,2,29.21
1381,467,10,2,427.65
1382,467,171,3,168.9
1383,467,23,1,58.9
1384,468,157,2,483.32
1385,468,192,3,466.08
1386,468,24,3,164.8
1387,469,195,4,422.44
1388,470,35,1,348.84
1389,470,71,3,265.89
1390,470,135,2,349.44
1391,470,157,1,59.1
1392,471,124,3,216.39
1393,472,135,3,463.92
1394,472,158,4,262.25
1395,472,162,4,248.79
1396,473,182,3,489.73
1397,473,1,1,16.87
1398,474,158,4,209.95
1399,474,86,3,282.41
1400,475,164,2,346.56
1401,476,77,3,384.68
1402,476,30,3,173.97
1403,476,186,1,416.86
1404,477,173,4,458.5
1405,477,10,2,243.34
1406,477,161,4,446.57
1407,478,106,1,418.38
1408,478,77,3,279.81
1409,478,5,2,290.81
1410,478,85,3,37.78
1411,479,87,4,315.12
1412,480,156,4,97.75
1413,480,30,3,354.11
1414,480,81,1,139.39
1415,480,23,4,439.14
1416,480,96,4,415.58
1417,481,78,2,60.55
1418,481,10,2,457.11
1419,481,114,1,400.52
1420,481,129,2,99.15
1421,481,124,3,388.89
1422,482,174,2,106.57
1423,482,10,4,196.86
1424,482,134,1,7.03
1425,482,12,1,169.98
1426,482,12,1,262.69
1427,483,148,3,321.23
1428,484,50,3,141.94
1429,484,82,4,337.21
1430,485,71,1,12.55
1431,485,160,1,107.26
1432,486,70,2,471.92
1433,486,73,2,89.78
1434,486,80,3,272.59
1435,487,121,1,57.43
1436,488,101,2,353.82
1437,488,152,4,310.08
1438,488,80,3,409.63
1439,488,183,1,486.97
1440,489,34,1,407.36
1441,489,179,4,53.15
1442,489,80,4,237.92
1443,489,58,2,431.24
1444,489,158,3,456.87
1445,490,84,4,246.32
1446,490,17,4,60.88
1447,490,123,4,423.65
1448,491,148,2,256.44
1449,491,104,1,166.31
1450,491,167,1,397.25
1451,491,137,4,203.4
1452,491,106,2,312.33
1453,492,99,1,173.65
1454,492,178,4,393.24
1455,492,112,3,274.54
1456,492,61,2,332.99
1457,493,30,4,166.06
1458,493,25,4,92.21
1459,493,104,1,301.14
1460,493,176,4,167.07
1461,494,56,2,444.19
1462,495,170,2,229.22
1463,495,75,4,309.71
1464,496,175,3,153.37
1465,496,174,3,459.66
1466,497,23,1,307.69
1467,497,131,4,424.58
1468,497,76,1,187.77
1469,498,181,3,59.3
1470,499,111,4,314.48
1471,499,183,4,205.99
1472,500,170,2,240.06
1473,500,49,4,422.45
1474,501,74,2,71.47
1475,501,19,1,76.28
1476,502,35,1,72.92
1477,502,107,4,447.32
1478,502,179,4,313.51
1479,502,117,4,278.26
1480,503,58,2,215.26
1481,503,2,4,424.17
1482,503,61,3,208.36
1483,504,9,1,286.23
1484,504,181,3,61.02
1485,504,124,1,75.33
1486,505,120,1,264.06
1487,505,157,1,126.39
1488,505,162,1,343.62
1489,506,157,1,452.27
1490,506,137,1,237.09
1491,506,132,4,289.11
1492,507,76,3,87.92
1493,507,178,3,364.85
1494,507,145,3,35.4
1495,508,147,1,329.88
1496,508,75,1,146.97
1497,509,20,3,129.77
1498,509,158,3,141.23
1499,509,66,1,372.01
1500,509,155,2,455.52
1501,509,190,2,331.28
1502,510,180,2,245.03
1503,510,136,1,174.71
1504,510,22,2,299.79
1505,511,193,4,386.33
1506,511,61,4,364.37
1507,511,43,2,290.99
1508,511,89,1,322.92
1509,512,43,4,202.38
1510,513,60,4,343.34
1511,513,100,4,135.0
1512,513,136,4,10.87
1513,513,115,4,340.85
1514,513,136,1,53.2
1515,514,157,3,170.81
1516,514,69,1,131.4
1517,514,150,4,233.25
1518,514,173,2,368.49
1519,515,87,2,160.07
1520,515,3,1,416.69
1521,515,4,4,53.36
1522,515,27,4,179.0
1523,515,186,3,129.69
1524,516,24,1,469.56
1525,516,169,2,475.49
1526,516,164,1,355.5
1527,516,31,1,428.94
1528,516,34,4,329.92
1529,517,29,2,130.4
1530,517,120,1,321.2
1531,518,178,3,132.38
1532,518,200,1,142.26
1533,518,16,4,197.35
1534,518,16,3,478.02
1535,519,18,4,489.81
1536,519,52,4,93.33
1537,519,126,1,76.22
1538,519,197,4,113.1
1539,520,184,3,56.13
1540,520,19,1,287.82
1541,520,65,4,14.29
1542,520,128,2,328.17
1543,521,69,2,351.53
1544,521,101,1,260.11
1545,521,198,4,241.68
1546,521,104,1,272.36
1547,522,32,3,170.05
1548,522,78,4,32.32
1549,522,166,1,185.85
1550,522,88,1,421.38
1551,523,46,1,483.92
1552,523,170,2,152.94
1553,524,125,1,443.18
1554,524,113,2,74.27
1555,524,50,1,361.27
1556,525,100,1,397.41
1557,525,165,3,252.34
1558,525,116,1,23.34
1559,525,15,3,394.95
1560,526,55,4,470.34
1561,527,190,2,462.78
1562,527,10,2,247.0
1563,528,12,2,352.14
1564,528,34,1,90.26
1565,528,13,3,411.27
1566,528,25,4,307.56
1567,528,152,1,409.81
1568,529,153,2,36.24
1569,529,52,4,171.98
1570,529,189,4,165.5
1571,529,176,2,164.19
1572,530,152,2,171.07
1573,531,194,4,88.19
1574,531,95,2,222.14
1575,532,35,1,396.57
1576,533,200,2,12.74
1577,533,125,1,8.14
1578,533,46,1,354.84
1579,533,152,3,211.03
1580,534,53,2,321.71
1581,534,134,4,208.96
1582,535,178,1,300.15
1583,535,184,4,307.96
1584,535,23,3,177.19
1585,535,2,2,99.99
1586,535,136,1,311.37
1587,536,57,4,386.31
1588,536,169,2,141.83
1589,536,50,1,399.32
1590,536,176,4,251.27
1591,536,41,1,31.74
1592,537,112,3,170.48
1593,537,195,4,26.44
1594,538,46,2,393.82
1595,538,125,1,40.08
1596,538,61,4,298.39
1597,538,84,4,103.38
1598,538,174,3,118.88
1599,539,26,2,370.19
1600,539,52,4,446.23
1601,540,125,1,445.79
1602,540,38,2,464.3
1603,540,117,2,196.73
1604,540,35,4,361.31
1605,540,162,3,487.9
1606,541,9,1,143.9
1607,541,29,4,232.0
1608,542,76,2,395.83
1609,542,164,2,291.17
1610,543,106,4,431.79
1611,544,119,3,12.18
1612,544,110,2,127.68
1613,544,112,2,446.45
1614,544,152,2,457.31
1615,545,12,1,495.68
1616,545,188,1,215.72
1617,545,101,4,405.81
1618,545,179,1,228.96
1619,546,193,1,348.11
1620,546,105,2,70.69
1621,546,76,2,325.58
1622,546,24,1,242.49
1623,546,79,2,353.14
1624,547,7,4,234.56
1625,547,36,4,96.55
1626,547,95,4,353.43
1627,547,1,1,195.52
1628,547,177,3,267.81
1629,548,179,2,394.91
1630,548,21,3,369.2
1631,548,15,3,444.55
1632,549,120,1,185.96
1633,549,45,1,282.58
1634,549,199,2,73.51
1635,550,30,4,370.0
1636,550,193,2,377.82
1637,550,195,2,163.63
1638,550,69,4,142.19
1639,550,17,3,175.89
1640,551,32,4,356.36
1641,551,174,3,228.73
1642,551,95,1,98.24
1643,551,118,1,44.68
1644,551,46,3,479.34
1645,552,71,1,350.06
1646,552,128,2,438.12
1647,553,107,2,239.58
1648,553,108,4,370.17
1649,553,6,3,98.59
1650,554,166,3,208.79
1651,554,88,3,245.64
1652,554,171,4,231.71
1653,554,146,2,449.65
1654,554,79,2,395.69
1655,555,74,1,78.43
1656,555,73,4,478.33
1657,555,159,2,357.35
1658,556,182,2,84.82
1659,556,30,1,496.92
1660,557,67,3,96.33
1661,557,144,1,334.45
1662,557,89,2,189.59
1663,557,139,2,269.15
1664,558,128,2,474.16
1665,558,82,2,7.13
1666,558,190,3,325.39
1667,558,76,4,448.51
1668,559,145,4,172.65
1669,559,29,4,450.59
1670,560,79,1,203.81
1671,561,92,1,166.55
1672,561,156,2,293.8
1673,561,57,3,101.88
1674,561,22,4,340.15
1675,562,101,2,247.78
1676,562,155,1,454.68
1677,562,93,4,78.23
1678,562,110,3,196.13
1679,562,4,3,175.74
1680,563,23,2,365.29
1681,563,114,4,402.82
1682,563,74,2,403.81
1683,563,109,4,74.09
1684,563,151,1,76.1
1685,564,86,1,466.91
1686,564,152,4,48.78
1687,564,105,3,210.18
1688,564,143,4,356.57
1689,564,194,2,103.63
1690,565,142,4,25.91
1691,565,78,3,249.58
1692,565,190,4,116.14
1693,566,68,3,478.23
1694,566,163,4,66.47
1695,567,46,4,453.86
1696,567,166,2,19.08
1697,567,196,3,249.06
1698,567,18,3,292.63
1699,568,161,4,487.26
1700,568,31,3,258.7
1701,568,148,1,423.41
1702,569,38,3,233.22
1703,570,42,1,139.97
1704,570,108,3,29.11
1705,570,75,1,259.36
1706,571,154,2,274.14
1707,572,70,3,52.44
1708,572,149,3,412.54
1709,572,4,2,261.49
1710,573,88,2,55.7
1711,573,40,2,416.63
1712,573,144,1,211.59
1713,573,20,1,410.33
1714,574,90,3,347.07
1715,574,36,4,445.41
1716,574,153,3,90.24
1717,574,78,1,373.51
1718,575,178,2,345.58
1719,575,79,2,108.87
1720,576,20,1,388.47
1721,577,51,1,21.23
1722,578,16,4,63.87
1723,578,65,1,37.79
1724,578,171,1,378.5
1725,578,32,2,295.86
1726,578,52,2,336.95
1727,579,192,3,474.65
1728,579,90,3,84.48
1729,580,130,1,54.06
1730,580,149,1,266.78
1731,581,44,1,486.92
1732,581,26,2,460.64
1733,581,182,4,186.4
1734,582,173,1,94.52
1735,582,91,4,214.93
1736,582,132,2,206.75
1737,582,195,3,66.19
1738,583,127,3,353.84
1739,583,143,1,45.71
1740,584,73,4,302.19
1741,584,80,4,116.81
1742,584,105,3,492.56
1743,584,110,2,429.1
1744,585,46,1,499.37
1745,585,126,1,201.2
1746,585,134,1,64.01
1747,586,27,2,37.03
1748,586,51,3,104.13
1749,586,104,1,120.27
1750,586,109,4,142.87
1751,586,183,3,379.37
1752,587,122,4,493.82
1753,587,131,3,77.95
1754,587,117,1,65.48
1755,588,161,2,19.71
1756,588,189,1,416.0
1757,589,98,3,80.6
1758,589,160,1,381.28
1759,590,120,2,150.31
1760,590,128,4,254.87
1761,590,139,3,405.69
1762,590,139,1,476.53
1763,591,99,4,160.71
1764,592,10,1,92.55
1765,592,169,3,442.93
1766,592,43,4,218.19
1767,592,80,4,246.29
1768,593,169,4,240.58
1769,593,41,1,198.74
1770,593,127,4,310.39
1771,593,91,3,163.64
1772,594,33,3,177.69
1773,595,196,3,193.38
1774,596,106,3,32.94
1775,596,63,2,121.14
1776,596,80,1,455.64
1777,597,87,2,14.76
1778,598,169,4,286.18
1779,598,108,3,15.1
1780,598,121,1,492.95
1781,598,97,4,164.6
1782,599,177,2,171.3
1783,600,158,3,184.85
1784,600,112,2,250.99
1785,601,55,3,136.25
1786,601,77,4,403.28
1787,601,160,1,360.26
1788,601,149,1,297.97
1789,601,70,1,285.38
1790,602,54,3,398.85
1791,602,167,3,254.8
1792,602,77,4,333.41
1793,602,81,2,210.09
1794,603,117,2,441.04
1795,603,161,2,290.54
1796,603,55,4,137.63
1797,603,164,4,467.64
1798,603,187,1,263.52
1799,604,62,2,374.48
1800,604,196,3,422.84
1801,605,163,2,423.75
1802,606,66,2,205.9
1803,606,30,2,100.0
1804,607,125,4,213.9
1805,607,10,2,83.88
1806,607,35,1,132.91
1807,607,72,2,323.93
1808,608,15,1,160.38
1809,609,94,1,201.46
1810,609,186,2,121.84
1811,609,147,1,263.37
1812,609,149,3,250.74
1813,610,32,3,168.0
1814,610,150,4,403.89
1815,610,191,2,468.07
1816,610,56,2,57.87
1817,610,55,3,222.54
1818,611,126,3,351.31
1819,612,109,4,342.96
1820,612,72,2,184.68
1821,612,184,3,411.58
1822,612,6,1,421.53
1823,612,170,1,346.89
1824,613,142,4,158.09
1825,613,180,3,452.06
1826,613,176,1,269.78
1827,614,3,4,464.12
1828,614,66,3,49.67
1829,614,194,2,152.22
1830,614,42,4,317.52
1831,615,71,1,412.48
1832,616,189,4,463.62
1833,616,86,4,439.0
1834,616,26,2,350.75
1835,616,130,1,179.17
1836,617,117,1,382.18
1837,617,165,2,316.93
1838,617,165,2,6.52
1839,618,148,1,59.86
1840,618,64,2,424.25
1841,618,176,4,397.36
1842,619,189,2,134.04
1843,619,176,3,400.77
1844,619,51,1,210.18
1845,619,47,4,438.81
1846,620,6,1,461.94
1847,620,166,2,453.89
1848,621,68,2,29.64
1849,621,159,4,302.19
1850,622,44,1,11.99
1851,622,135,4,387.81
1852,622,117,4,63.66
1853,623,69,3,374.49
1854,623,98,2,218.5
1855,624,73,2,212.07
1856,624,105,2,19.24
1857,625,159,4,454.13
1858,625,95,4,47.44
1859,626,178,4,344.99
1860,626,183,4,355.68
1861,626,189,3,41.16
1862,627,86,2,238.11
1863,628,182,1,7.65
1864,628,130,4,154.74
1865,628,102,3,70.46
1866,628,144,1,292.34
1867,628,67,2,254.35
1868,629,34,1,162.07
1869,629,136,4,75.19
1870,629,30,3,26.86
1871,629,33,4,436.48
1872,630,111,3,451.88
1873,630,68,3,260.9
1874,630,112,2,161.19
1875,631,169,4,31.34
1876,631,39,1,118.78
1877,631,10,4,133.81
1878,631,181,4,221.03
1879,631,127,1,223.55
1880,632,118,4,60.68
1881,632,185,2,66.21
1882,632,24,2,434.75
1883,632,47,2,376.22
1884,633,170,2,293.86
1885,633,2,2,211.13
1886,633,20,2,385.29
1887,633,174,1,444.25
1888,633,7,3,342.25
1889,634,96,1,419.3
1890,634,40,1,45.13
1891,634,182,4,229.76
1892,634,69,1,168.07
1893,635,84,2,109.63
1894,635,13,3,164.97
1895,635,15,1,275.84
1896,635,155,4,50.81
1897,636,198,4,49.15
1898,636,54,2,197.31
1899,637,31,3,247.97
1900,637,111,3,452.35
1901,638,171,1,416.87
1902,638,132,2,247.36
1903,638,100,4,137.9
1904,639,194,4,406.44
1905,640,162,4,51.01
1906,640,132,3,486.77
1907,640,174,2,325.57
1908,640,183,2,465.68
1909,641,75,4,221.49
1910,642,39,2,343.74
1911,642,77,2,263.93
1912,642,76,1,277.74
1913,643,28,4,209.44
1914,643,119,3,180.95
1915,643,150,1,385.48
1916,643,5,1,371.56
1917,643,119,2,394.16
1918,644,22,4,438.99
1919,645,186,4,379.89
1920,645,116,3,173.96
1921,645,48,2,96.62
1922,645,192,3,436.45
1923,645,28,4,269.52
1924,646,4,2,329.62
1925,647,186,4,154.89
1926,647,158,3,346.88
1927,647,177,4,403.3
1928,647,23,2,71.88
1929,647,49,1,408.9
1930,648,54,4,326.07
1931,649,161,2,47.62
1932,649,198,4,78.34
1933,649,109,1,62.65
1934,649,40,4,482.11
1935,650,150,2,104.66
1936,650,146,4,30.21
1937,650,3,1,317.05
1938,650,183,4,489.85
1939,651,153,3,23.32
1940,651,103,4,259.11
1941,651,186,4,119.79
1942,651,16,1,213.89
1943,651,81,1,137.59
1944,652,30,4,313.23
1945,652,166,3,226.92
1946,652,112,1,84.86
1947,652,186,2,237.27
1948,653,57,3,461.26
1949,653,184,4,69.92
1950,653,76,4,480.1
1951,653,173,3,399.01
1952,653,42,2,144.82
1953,654,34,2,103.74
1954,654,156,4,54.95
1955,654,107,4,155.31
1956,654,54,1,499.63
1957,655,174,2,91.48
1958,655,129,1,404.37
1959,655,87,4,61.41
1960,656,58,4,132.62
1961,656,88,3,385.84
1962,656,198,3,448.68
1963,656,177,1,354.67
1964,656,113,4,481.51
1965,657,157,1,412.69
1966,658,43,1,436.08
1967,659,187,3,355.54
1968,659,196,4,367.61
1969,660,86,2,65.88
1970,660,52,4,484.97
1971,660,197,1,126.43
1972,661,74,2,47.19
1973,661,96,4,183.52
1974,661,171,2,80.05
1975,662,59,2,401.88
1976,662,106,4,449.54
1977,662,133,3,472.15
1978,662,114,2,386.23
1979,663,22,3,160.83
1980,664,16,4,380.8
1981,664,170,2,451.74
1982,664,15,3,212.56
1983,664,175,3,362.17
1984,665,72,2,351.65
1985,666,160,4,350.25
1986,666,167,4,388.82
1987,666,78,1,23.3
1988,666,86,4,363.92
1989,666,190,2,262.63
1990,667,24,3,263.06
1991,667,194,2,16.59
1992,668,67,2,416.95
1993,668,78,4,493.54
1994,668,29,1,421.58
1995,668,67,3,66.29
1996,668,194,1,227.12
1997,669,87,2,403.67
1998,669,149,2,178.42
1999,669,73,2,358.6
2000,669,134,2,57.09
2001,670,200,3,229.88
2002,670,38,4,415.08
2003,671,109,2,240.75
2004,672,174,4,296.18
2005,672,133,4,436.65
2006,672,150,4,320.05
2007,673,42,2,255.36
2008,673,125,4,69.05
2009,673,181,1,348.76
2010,673,117,4,21.14
2011,674,31,4,59.62
2012,674,95,3,24.94
2013,674,40,1,188.88
2014,675,125,1,396.65
2015,675,37,4,29.08
2016,675,79,3,111.71
2017,676,32,3,38.44
2018,677,147,3,285.05
2019,677,87,4,240.24
2020,677,185,2,382.17
2021,677,130,4,382.03
2022,678,187,3,49.21
2023,678,160,4,196.68
2024,679,139,1,479.25
2025,679,114,3,324.73
2026,679,43,1,288.14
2027,680,166,1,323.74
2028,680,22,2,477.81
2029,680,139,1,478.86
2030,680,134,2,376.53
2031,680,129,1,64.54
2032,681,5,3,394.44
2033,681,63,4,46.9
2034,682,103,1,248.28
2035,682,6,3,221.32
2036,682,107,1,430.53
2037,683,24,1,489.99
2038,683,139,2,146.25
2039,683,47,3,385.31
2040,684,174,2,34.16
2041,684,84,2,18.45
2042,684,15,3,198.02
2043,684,82,2,209.35
2044,685,31,1,105.27
2045,685,193,2,249.02
2046,685,193,4,474.93
2047,685,69,1,162.58
2048,686,124,1,206.71
2049,687,142,1,126.93
2050,687,143,2,155.78
2051,687,105,4,46.53
2052,688,37,3,272.52
2053,688,44,2,271.08
2054,689,11,1,407.26
2055,689,159,3,328.26
2056,689,43,1,34.79
2057,689,124,3,300.94
2058,690,162,2,294.65
2059,690,131,3,27.51
2060,690,190,1,153.82
2061,691,186,3,439.75
2062,691,54,3,442.55
2063,692,193,4,140.14
2064,692,170,3,174.11
2065,692,118,3,12.86
2066,693,156,4,7.12
2067,694,143,4,382.42
2068,694,138,1,394.72
2069,694,167,1,271.63
2070,694,172,4,337.76
2071,695,92,4,92.71
2072,695,197,1,66.76
2073,695,95,2,225.07
2074,695,57,1,380.42
2075,695,175,3,99.8
2076,696,184,2,120.96
2077,696,127,3,23.21
2078,696,127,2,8.53
2079,697,72,4,89.39
2080,698,145,2,37.35
2081,698,33,1,68.08
2082,698,146,2,441.1
2083,698,187,3,99.97
2084,698,174,1,496.02
2085,699,65,4,5.97
2086,699,110,1,427.66
2087,699,83,4,422.95
2088,699,105,3,65.25
2089,699,133,4,250.31
2090,700,13,3,459.6
2091,700,137,4,161.54
2092,701,21,1,495.18
2093,701,58,4,479.1
2094,701,64,2,86.42
2095,702,8,4,218.81
2096,703,65,2,58.38
2097,703,62,3,417.1
2098,703,86,2,472.06
2099,704,113,1,314.55
2100,704,149,1,47.34
2101,704,16,1,191.81
2102,704,178,1,392.41
2103,704,16,4,32.12
2104,705,27,1,281.83
2105,706,25,4,120.39
2106,706,154,1,229.44
2107,706,119,4,440.57
2108,706,159,1,173.11
2109,707,133,3,295.97
2110,707,28,1,11.08
2111,707,183,1,298.48
2112,707,50,2,320.5
2113,708,124,4,97.03
2114,708,36,1,34.94
2115,708,80,4,259.0
2116,708,167,3,159.04
2117,709,38,4,157.79
2118,709,88,3,187.57
2119,710,169,2,33.37
2120,710,130,1,213.92
2121,710,51,2,322.07
2122,710,52,1,174.07
2123,710,171,4,348.92
2124,711,149,3,309.97
2125,711,108,3,85.33
2126,711,117,1,250.49
2127,712,178,2,235.94
2128,712,55,2,242.97
2129,713,53,4,96.2
2130,713,2,3,9.9
2131,713,92,1,279.57
2132,713,37,3,223.0
2133,714,12,1,103.57
2134,714,73,2,113.38
2135,714,68,2,173.21
2136,715,51,1,92.16
2137,715,68,1,15.39
2138,716,168,1,172.5
2139,716,54,3,230.82
2140,716,95,3,332.15
2141,716,135,4,439.8
2142,717,34,2,99.88
2143,717,97,3,162.39
2144,718,196,2,427.95
2145,719,64,1,316.58
2146,719,72,2,426.49
2147,719,150,4,108.57
2148,720,17,2,256.76
2149,720,193,3,251.8
2150,720,119,2,164.3
2151,720,96,4,359.25
2152,720,127,4,137.83
2153,721,54,2,447.97
2154,722,56,3,215.39
2155,722,97,2,468.07
2156,722,96,3,277.52
2157,722,35,1,151.05
2158,723,150,1,235.3
2159,723,160,3,215.92
2160,724,95,4,161.93
2161,724,98,1,93.89
2162,724,60,3,324.45
2163,724,92,1,150.79
2164,725,165,1,394.01
2165,725,59,1,63.7
2166,725,93,1,275.28
2167,725,86,2,339.18
2168,725,65,3,373.88
2169,726,181,2,499.21
2170,726,193,3,9.22
2171,727,104,4,411.82
2172,727,194,1,238.64
2173,727,132,2,433.41
2174,728,122,2,260.33
2175,728,142,4,362.64
2176,729,81,2,217.25
2177,730,113,4,427.21
2178,730,8,3,73.78
2179,731,189,1,252.4
2180,731,169,3,173.21
2181,731,108,4,344.45
2182,732,84,1,285.95
2183,732,9,2,81.08
2184,732,85,4,490.19
2185,733,137,4,98.23
2186,734,116,3,51.15
2187,734,27,2,20.87
2188,734,177,4,18.29
2189,734,51,1,456.12
2190,734,99,3,106.92
2191,735,117,1,187.48
2192,736,106,4,82.73
2193,736,29,2,270.54
2194,736,123,1,197.55
2195,737,53,3,218.94
2196,737,182,4,83.6
2197,738,52,4,141.34
2198,738,2,2,225.64
2199,738,103,2,265.3
2200,738,146,4,232.8
2201,738,148,1,369.96
2202,739,180,3,198.59
2203,739,45,4,128.32
2204,739,159,4,231.62
2205,740,25,4,350.83
2206,740,12,2,443.34
2207,740,41,3,441.87
2208,740,138,3,335.0
2209,740,18,2,454.82
2210,741,95,1,378.92
2211,742,116,2,130.12
2212,742,130,1,233.77
2213,742,19,4,193.67
2214,742,191,4,428.61
2215,743,65,1,356.0
2216,744,125,4,38.78
2217,744,141,2,358.22
2218,744,113,2,238.04
2219,744,72,2,89.44
2220,745,46,3,66.45
2221,746,20,1,340.3
2222,746,40,4,182.25
2223,747,56,4,349.89
2224,747,163,1,198.36
2225,747,79,4,30.95
2226,747,2,1,387.34
2227,747,197,2,464.77
2228,748,24,1,213.73
2229,748,4,3,411.16
2230,749,25,2,363.39
2231,749,12,4,258.69
2232,750,144,2,314.21
2233,750,139,4,469.77
2234,750,31,2,110.82
2235,751,4,4,328.73
2236,751,4,4,110.32
2237,752,167,3,26.75
2238,752,56,4,154.26
2239,752,154,4,491.64
2240,753,44,3,479.72
2241,753,154,3,490.8
2242,753,179,4,340.56
2243,753,198,2,169.36
2244,753,163,3,489.12
2245,754,86,1,306.22
2246,755,131,2,254.19
2247,755,181,1,120.14
2248,755,158,1,157.88
2249,755,189,4,379.84
2250,756,36,3,251.87
2251,757,53,1,122.84
2252,757,186,4,370.93
2253,757,85,2,142.67
2254,757,165,1,262.83
2255,758,59,3,174.65
2256,759,171,2,401.72
2257,760,98,3,95.86
2258,760,162,1,36.99
2259,760,126,1,477.06
2260,760,14,2,469.45
2261,760,33,1,90.97
2262,761,130,1,215.99
2263,761,120,3,86.26
2264,762,46,2,155.03
2265,762,148,4,484.02
2266,762,52,3,431.9
2267,762,124,1,475.75
2268,763,43,4,223.48
2269,763,130,4,381.36
2270,763,124,1,382.16
2271,763,110,1,380.63
2272,764,138,2,278.66
2273,764,45,3,193.32
2274,764,79,4,145.2
2275,764,144,4,40.61
2276,764,35,4,101.88
2277,765,4,3,248.27
2278,766,191,3,195.1
2279,766,79,1,207.35
2280,766,10,1,195.49
2281,766,145,2,101.14
2282,767,131,4,319.31
2283,767,95,1,327.2
2284,767,109,2,124.96
2285,768,179,2,134.36
2286,769,64,2,11.11
2287,769,198,1,323.98
2288,769,99,4,354.5
2289,770,49,4,87.08
2290,770,110,3,347.46
2291,770,129,4,295.11
2292,770,188,4,377.47
2293,770,187,1,59.09
2294,771,69,2,465.36
2295,771,102,3,8.18
2296,772,25,1,388.0
2297,773,168,3,367.86
2298,773,44,2,190.45
2299,773,181,2,103.02
2300,773,47,1,228.08
2301,774,52,1,376.21
2302,774,195,2,133.38
2303,775,161,1,434.84
2304,775,43,1,150.1
2305,775,97,1,142.0
2306,775,88,1,294.89
2307,776,3,1,136.71
2308,777,11,1,109.48
2309,777,2,4,303.48
2310,777,195,3,466.4
2311,777,122,3,304.16
2312,777,87,3,342.52
2313,778,93,4,192.33
2314,778,15,3,437.17
2315,779,117,4,363.98
2316,780,155,1,435.16
2317,781,116,4,259.88
2318,781,170,2,6.55
2319,781,164,3,13.23
2320,782,174,4,120.61
2321,782,125,4,370.91
2322,782,21,3,216.82
2323,783,188,4,150.46
2324,784,147,1,68.29
2325,784,23,3,417.02
2326,784,141,4,88.19
2327,784,115,1,243.67
2328,784,139,2,125.46
2329,785,112,1,84.32
2330,786,197,3,114.09
2331,786,66,4,475.99
2332,786,172,1,334.41
2333,786,137,4,49.77
2334,787,148,1,323.77
2335,787,97,4,328.69
2336,788,60,2,133.25
2337,788,75,1,60.13
2338,788,88,2,373.59
2339,788,30,3,68.07
2340,789,189,1,158.85
2341,789,152,2,424.32
2342,789,109,3,386.78
2343,789,174,2,262.28
2344,789,155,2,57.76
2345,790,81,2,408.99
2346,790,76,2,252.42
2347,790,117,2,302.73
2348,790,38,1,301.45
2349,791,71,4,317.38
2350,792,181,4,34.11
2351,792,86,2,414.8
2352,792,54,2,351.7
2353,793,187,4,153.06
2354,793,169,2,495.58
2355,793,141,4,172.02
2356,793,174,4,495.21
2357,794,19,3,144.77
2358,794,50,4,53.17
2359,794,83,1,425.66
2360,794,182,3,231.48
2361,795,114,4,149.09
2362,795,38,2,112.98
2363,796,93,1,340.77
2364,797,110,2,463.36
2365,797,25,3,487.21
2366,797,46,1,63.09
2367,797,132,3,298.73
2368,798,63,1,63.81
2369,798,102,4,154.83
2370,798,153,2,328.13
2371,798,97,1,389.98
2372,799,162,4,186.82
2373,799,31,1,45.91
2374,799,126,2,16.4
2375,800,71,1,398.2
2376,800,47,4,244.67
2377,800,166,4,152.69
2378,800,33,1,165.99
2379,801,104,1,199.93
2380,801,138,4,36.65
2381,802,183,1,377.99
2382,802,54,1,94.43
2383,802,154,2,7.64
2384,802,115,3,65.91
2385,802,33,2,328.06
2386,803,193,1,46.88
2387,803,32,3,184.96
2388,803,140,2,214.41
2389,804,77,1,473.38
2390,804,133,3,331.28
2391,805,126,3,263.72
2392,805,91,2,345.53
2393,805,170,1,122.36
2394,805,49,2,153.36
2395,805,56,2,303.06
2396,806,72,2,365.91
2397,806,109,1,277.18
2398,806,67,4,326.64
2399,807,22,3,339.88
2400,807,178,2,270.27
2401,807,19,3,497.7
2402,807,179,2,358.65
2403,808,42,4,411.68
2404,808,81,4,192.58
2405,808,155,2,43.37
2406,808,32,1,343.57
2407,808,105,1,168.03
2408,809,200,3,77.43
2409,809,58,3,9.88
2410,809,97,2,192.42
2411,810,135,3,296.47
2412,810,126,1,266.84
2413,811,142,3,305.7
2414,811,13,2,162.41
2415,811,193,4,94.43
2416,812,153,4,241.05
2417,812,33,3,9.7
2418,812,132,2,330.49
2419,812,37,4,285.94
2420,812,69,1,459.63
2421,813,174,4,354.86
2422,813,47,4,493.19
2423,814,74,3,476.55
2424,814,134,2,156.07
2425,814,23,3,206.22
2426,814,81,1,319.16
2427,814,20,2,472.71
2428,815,22,3,279.31
2429,816,174,2,242.43
2430,816,132,1,205.71
2431,816,158,2,455.89
2432,816,191,1,358.51
2433,817,63,1,305.65
2434,817,44,2,91.53
2435,817,94,2,259.27
2436,818,127,4,89.39
2437,818,29,3,457.45
2438,818,64,1,148.58
2439,818,124,3,136.05
2440,819,56,3,464.91
2441,819,165,1,468.03
2442,819,159,4,33.46
2443,819,2,4,167.63
2444,820,90,2,204.02
2445,821,126,2,46.95
2446,821,132,2,208.31
2447,821,125,1,82.04
2448,821,169,3,116.92
2449,822,94,4,446.64
2450,822,138,3,58.8
2451,822,113,4,85.11
2452,823,92,2,59.78
2453,824,102,4,373.24
2454,824,9,2,334.77
2455,825,31,4,247.09
2456,825,127,2,165.82
2457,825,196,4,253.42
2458,826,29,1,397.39
2459,826,33,2,175.34
2460,827,174,3,217.68
2461,828,123,3,144.7
2462,828,22,4,127.63
2463,828,40,2,128.49
2464,828,197,1,432.76
2465,829,51,4,354.7
2466,829,27,2,98.39
2467,829,152,2,118.55
2468,829,34,4,23.99
2469,830,5,2,50.01
2470,830,14,4,206.61
2471,830,79,2,114.78
2472,830,110,4,35.37
2473,831,29,3,184.97
2474,831,90,4,127.25
2475,831,13,2,25.24
2476,832,74,4,143.68
2477,832,156,1,218.3
2478,833,86,3,60.21
2479,833,172,1,343.07
2480,833,198,2,168.95
2481,834,136,3,122.93
2482,834,71,2,294.24
2483,834,23,1,69.59
2484,834,191,1,25.31
2485,834,168,2,100.5
2486,835,140,3,154.23
2487,836,185,2,26.69
2488,836,50,4,277.5
2489,836,65,3,447.98
2490,836,115,1,455.87
2491,836,18,4,212.41
2492,837,43,3,349.87
2493,838,145,1,398.22
2494,839,127,1,86.93
2495,839,193,4,283.44
2496,839,100,4,305.57
2497,839,53,2,6.78
2498,840,179,1,440.18
2499,840,132,4,254.39
2500,840,185,3,155.19
2501,840,57,3,355.59
2502,840,142,1,89.7
2503,841,75,1,321.61
2504,841,72,2,138.87
2505,842,54,1,5.69
2506,842,89,3,165.66
2507,843,185,2,207.13
2508,843,157,3,165.69
2509,843,15,1,412.85
2510,844,66,1,271.01
2511,844,200,1,362.69
2512,845,161,2,409.34
2513,845,57,3,138.05
2514,845,149,4,82.04
2515,846,38,4,51.38
2516,846,47,4,96.59
2517,846,46,2,286.98
2518,847,6,3,85.64
2519,847,46,4,345.25
2520,847,49,1,76.04
2521,848,166,4,54.62
2522,848,135,2,364.75
2523,848,4,1,192.05
2524,848,6,1,414.15
2525,849,64,1,137.49
2526,849,161,1,397.24
2527,850,189,3,427.1
2528,850,22,2,73.92
2529,850,195,4,408.66
2530,850,79,3,242.06
2531,850,63,1,274.05
2532,851,6,1,55.89
2533,852,107,2,5.6
2534,852,58,1,117.2
2535,852,99,2,179.89
2536,852,74,2,461.24
2537,852,176,4,344.95
2538,853,44,1,116.14
2539,853,73,3,42.76
2540,853,86,1,183.44
2541,853,22,1,304.23
2542,854,86,2,341.32
2543,854,39,3,314.26
2544,854,74,3,438.32
2545,854,70,4,332.56
2546,854,68,1,395.48
2547,855,82,2,198.35
2548,855,185,4,408.25
2549,856,187,3,76.61
2550,856,83,2,95.03
2551,856,99,3,163.06
2552,856,109,4,348.24
2553,857,36,2,194.68
2554,857,141,4,271.68
2555,857,127,2,195.39
2556,858,148,2,353.03
2557,858,61,3,6.42
2558,858,5,3,281.4
2559,858,35,1,34.49
2560,858,90,3,425.13
2561,859,118,2,418.45
2562,859,142,4,125.04
2563,859,58,1,374.76
2564,860,188,1,349.58
2565,860,109,3,31.77
2566,860,28,1,241.03
2567,860,153,2,19.94
2568,861,63,1,11.18
2569,862,196,2,237.53
2570,862,36,3,237.74
2571,863,166,1,146.95
2572,863,40,1,441.17
2573,863,9,2,254.13
2574,863,3,4,417.18
2575,864,183,3,459.98
2576,864,129,3,356.13
2577,864,109,2,139.55
2578,864,24,4,489.07
2579,864,33,2,203.2
2580,865,48,1,409.2
2581,865,120,4,160.03
2582,865,165,4,414.49
2583,865,43,1,402.65
2584,866,70,1,56.68
2585,866,93,3,18.88
2586,867,28,1,109.9
2587,867,3,3,97.93
2588,867,52,1,123.97
2589,867,22,1,284.05
2590,867,124,1,28.78
2591,868,92,3,479.58
2592,869,193,4,364.22
2593,869,34,1,169.0
2594,869,190,1,253.58
2595,870,151,4,241.09
2596,871,42,2,342.78
2597,871,21,1,476.65
2598,871,60,2,404.7
2599,872,129,3,226.5
2600,872,34,3,148.97
2601,873,183,4,123.36
2602,874,40,4,53.22
2603,875,141,1,251.96
2604,875,117,3,89.01
2605,875,76,2,38.74
2606,876,23,1,93.7
2607,876,198,4,132.68
2608,876,122,3,382.76
2609,877,146,4,24.6
2610,878,105,2,223.21
2611,878,132,3,189.97
2612,878,175,4,255.44
2613,878,68,1,312.2
2614,879,180,1,81.51
2615,879,27,3,191.03
2616,880,58,4,437.71
2617,881,120,4,323.03
2618,881,120,1,47.48
2619,881,188,1,459.14
2620,882,52,4,167.72
2621,882,82,3,498.24
2622,882,125,2,352.63
2623,882,122,1,142.8
2624,883,121,2,321.91
2625,883,82,1,493.97
2626,884,93,4,489.39
2627,885,6,4,138.57
2628,885,163,2,46.38
2629,886,21,3,437.52
2630,886,116,4,264.77
2631,886,172,3,96.12
2632,886,14,1,448.0
2633,887,43,2,177.89
2634,887,108,4,240.37
2635,887,177,2,482.97
2636,888,100,1,282.65
2637,888,153,2,43.52
2638,888,171,2,165.25
2639,888,188,3,12.02
2640,888,118,2,252.23
2641,889,68,1,494.18
2642,889,33,4,321.26
2643,889,149,1,23.06
2644,889,191,2,212.99
2645,890,97,2,177.3
2646,890,49,1,188.28
2647,890,94,1,154.46
2648,890,79,1,351.16
2649,890,167,4,209.96
2650,891,110,3,61.12
2651,891,46,4,217.05
2652,891,46,2,273.67
2653,891,98,3,423.32
2654,891,177,4,318.88
2655,892,23,1,49.37
2656,893,27,4,376.22
2657,893,160,1,318.59
2658,893,129,1,335.52
2659,893,108,2,115.33
2660,894,30,2,428.89
2661,894,32,3,483.97
2662,894,119,4,454.46
2663,894,166,4,8.76
2664,895,73,3,440.41
2665,895,68,3,420.05
2666,895,107,2,7.06
2667,895,107,1,12.69
2668,895,40,3,421.18
2669,896,86,2,479.78
2670,896,111,2,280.09
2671,896,101,2,310.05
2672,897,110,2,470.0
2673,897,100,2,204.54
2674,897,82,2,221.51
2675,897,26,2,254.61
2676,897,162,4,422.3
2677,898,41,3,105.86
2678,898,24,1,221.52
2679,898,161,2,18.77
2680,898,182,1,288.04
2681,898,7,2,491.79
2682,899,62,2,151.98
2683,899,138,2,364.52
2684,900,169,1,141.11
2685,900,37,1,321.0
2686,900,149,1,59.91
2687,901,28,2,144.82
2688,902,20,4,423.09
2689,903,26,4,398.74
2690,903,106,1,245.83
2691,903,161,1,109.1
2692,903,108,4,445.41
2693,904,47,3,10.02
2694,904,46,1,63.02
2695,905,158,1,83.4
2696,905,190,3,463.66
2697,905,50,1,270.3
2698,905,133,2,112.07
2699,906,8,3,73.59
2700,906,22,2,137.46
2701,907,90,3,236.19
2702,908,132,4,461.56
2703,908,65,2,102.95
2704,908,184,3,481.13
2705,908,27,3,87.0
2706,909,115,4,300.18
2707,909,70,3,313.34
2708,909,156,4,217.51
2709,909,146,3,190.11
2710,910,43,1,479.26
2711,910,65,4,150.27
2712,910,166,3,202.16
2713,910,30,2,405.48
2714,911,63,1,111.52
2715,911,96,3,76.79
2716,911,81,1,9.77
2717,912,55,4,285.9
2718,912,83,2,283.01
2719,912,99,3,302.89
2720,913,144,3,359.55
2721,914,166,4,342.66
2722,914,112,3,407.63
2723,914,51,2,29.58
2724,914,127,4,28.16
2725,914,71,4,64.03
2726,915,84,4,122.03
2727,915,6,3,13.83
2728,915,148,1,456.26
2729,915,73,2,421.61
2730,915,104,1,448.44
2731,916,87,1,39.38
2732,917,71,3,378.08
2733,917,103,1,280.44
2734,917,81,4,308.1
2735,918,127,1,422.32
2736,918,159,1,19.5
2737,918,13,1,73.67
2738,918,83,4,117.04
2739,919,138,1,467.38
2740,919,14,3,442.24
2741,919,12,1,28.76
2742,920,85,4,138.61
2743,920,44,2,293.81
2744,920,31,2,163.07
2745,921,164,4,335.78
2746,921,134,2,291.05
2747,921,170,4,488.29
2748,921,83,4,116.79
2749,922,91,2,331.44
2750,923,20,4,34.83
2751,924,99,2,246.38
2752,924,88,2,407.93
2753,924,195,3,381.44
2754,924,80,4,329.37
2755,925,34,2,458.77
2756,926,132,2,391.11
2757,926,49,1,142.53
2758,926,43,3,475.99
2759,926,148,1,77.91
2760,926,28,1,124.08
2761,927,69,1,240.74
2762,927,136,4,179.22
2763,928,91,4,109.97
2764,929,131,3,31.31
2765,929,70,3,53.42
2766,929,167,4,367.34
2767,929,109,2,150.53
2768,930,71,4,261.72
2769,930,28,1,324.94
2770,930,29,2,62.02
2771,930,10,3,123.19
2772,930,137,1,141.35
2773,931,101,4,55.15
2774,931,188,3,250.11
2775,931,44,2,177.08
2776,931,74,3,368.27
2777,932,180,4,370.85
2778,932,177,2,89.27
2779,932,175,1,87.49
2780,932,86,4,75.21
2781,932,4,4,216.82
2782,933,20,2,341.21
2783,933,3,3,484.92
2784,933,150,1,246.71
2785,934,12,1,285.8
2786,935,129,2,378.72
2787,935,199,1,54.5
2788,935,189,3,229.05
2789,935,189,3,494.95
2790,935,66,4,130.5
2791,936,78,3,446.23
2792,936,199,4,60.82
2793,936,176,1,78.21
2794,937,92,4,20.3
2795,937,148,4,182.91
2796,938,97,1,482.9
2797,938,161,4,493.73
2798,939,68,3,444.56
2799,939,101,4,472.91
2800,940,11,3,417.91
2801,940,32,4,398.69
2802,941,29,1,251.97
2803,941,176,2,235.83
2804,941,39,3,313.78
2805,942,125,3,36.99
2806,942,76,1,229.66
2807,942,56,3,413.61
2808,943,79,1,218.01
2809,943,170,1,29.7
2810,943,36,3,439.97
2811,943,129,2,477.07
2812,944,188,2,218.87
2813,944,21,3,113.33
2814,945,174,4,214.17
2815,945,26,3,460.5
2816,946,145,4,341.07
2817,946,83,2,343.24
2818,947,107,2,154.03
2819,947,22,3,285.5
2820,948,47,4,392.29
2821,948,112,1,73.61
2822,948,114,3,254.39
2823,948,176,3,236.85
2824,948,110,4,213.15
2825,949,144,1,478.96
2826,950,158,3,394.38
2827,950,149,3,68.0
2828,951,14,4,67.34
2829,951,172,1,234.09
2830,951,196,4,420.4
2831,952,167,1,170.07
2832,952,25,3,284.89
2833,952,177,3,432.84
2834,953,190,1,352.28
2835,953,133,2,283.21
2836,953,127,2,115.65
2837,953,173,2,153.94
2838,953,80,1,403.78
2839,954,18,1,80.75
2840,955,25,2,106.13
2841,955,122,1,417.2
2842,955,114,4,32.55
2843,955,32,3,205.26
2844,955,48,2,421.65
2845,956,175,4,430.36
2846,956,158,1,219.02
2847,956,163,1,96.48
2848,956,191,2,89.53
2849,956,190,2,240.7
2850,957,151,4,186.83
2851,958,179,1,234.66
2852,958,109,2,18.85
2853,958,118,1,284.28
2854,958,3,3,21.87
2855,959,11,3,481.58
2856,959,120,4,142.07
2857,959,41,3,252.82
2858,959,129,2,177.67
2859,960,132,1,91.38
2860,960,39,3,329.69
2861,960,145,3,232.44
2862,960,36,3,393.56
2863,961,18,4,191.38
2864,961,121,2,290.14
2865,961,130,3,69.06
2866,961,83,3,294.32
2867,962,12,1,426.76
2868,963,171,1,252.22
2869,964,195,2,490.76
2870,964,188,2,57.19
2871,964,45,4,379.13
2872,965,157,3,61.66
2873,966,196,3,305.23
2874,966,8,2,163.97
2875,966,179,4,191.93
2876,966,164,2,101.88
2877,967,58,2,372.37
2878,967,112,2,47.58
2879,967,7,1,105.75
2880,968,93,4,286.31
2881,969,48,4,99.12
2882,969,54,4,252.92
2883,969,92,2,401.79
2884,970,19,1,67.96
2885,970,133,3,54.95
2886,970,128,2,30.48
2887,970,139,3,16.16
2888,971,100,3,38.64
2889,971,41,3,42.01
2890,971,148,2,427.33
2891,972,80,4,311.23
2892,972,140,1,293.47
2893,972,68,1,20.98
2894,972,108,3,104.25
2895,972,196,1,73.95
2896,973,61,4,41.09
2897,974,180,1,176.19
2898,974,19,4,301.08
2899,974,157,1,444.32
2900,974,123,2,138.9
2901,974,11,1,22.62
2902,975,111,4,155.19
2903,975,59,1,465.97
2904,975,7,2,269.42
2905,976,142,4,30.81
2906,977,111,4,277.02
2907,977,30,4,63.41
2908,978,50,3,221.08
2909,978,15,2,119.86
2910,978,151,1,117.43
2911,979,12,1,437.26
2912,979,64,1,42.92
2913,979,33,4,94.39
2914,979,12,3,178.09
2915,979,168,2,499.05
2916,980,123,1,330.01
2917,980,20,3,469.49
2918,980,53,4,354.1
2919,980,92,2,224.55
2920,981,75,2,265.79
2921,981,69,3,350.4
2922,981,129,1,31.73
2923,981,106,4,143.49
2924,981,53,2,421.51
2925,982,190,2,65.76
2926,982,186,2,22.75
2927,982,61,4,326.7
2928,983,128,1,138.8
2929,984,22,1,143.15
2930,984,157,4,250.2
2931,984,98,4,224.79
2932,985,48,4,268.58
2933,985,170,3,20.5
2934,985,196,3,468.93
2935,985,156,3,461.74
2936,986,56,1,173.77
2937,986,160,4,433.54
2938,986,187,1,404.66
2939,986,142,4,476.47
2940,986,174,3,429.96
2941,987,109,3,85.46
2942,987,98,4,374.09
2943,987,61,2,454.32
2944,987,72,3,47.34
2945,988,87,4,24.11
2946,988,71,3,138.03
2947,988,65,1,66.53
2948,989,46,4,234.05
2949,989,113,1,235.89
2950,989,92,4,320.68
2951,990,15,1,141.84
2952,990,157,3,476.88
2953,990,113,2,132.71
2954,990,71,3,435.18
2955,991,38,1,120.17
2956,991,168,1,96.21
2957,992,82,1,278.94
2958,992,59,1,476.09
2959,992,67,3,12.98
2960,992,91,1,302.29
2961,992,90,1,43.35
2962,993,20,2,106.0
2963,993,147,3,415.42
2964,993,175,4,40.34
2965,993,110,3,75.82
2966,993,84,3,170.82
2967,994,76,1,84.35
2968,994,12,3,465.5
2969,994,152,1,57.58
2970,994,55,3,257.84
2971,995,183,3,470.27
2972,995,97,1,330.24
2973,995,39,4,382.49
2974,995,167,1,477.81
2975,995,58,4,271.79
2976,996,156,4,331.3
2977,997,69,2,418.82
2978,997,76,2,167.7
2979,997,197,3,119.29
2980,998,114,4,184.13
2981,998,91,1,457.74
2982,999,59,4,394.22
2983,999,59,2,463.23
2984,999,63,4,338.68
2985,999,171,2,304.75
2986,999,74,3,160.35
2987,1000,130,2,290.13
2988,1000,162,2,450.44
2989,1000,117,1,87.55
2990,1000,108,3,383.93
2991,1001,33,1,417.76
2992,1002,34,4,452.61
2993,1003,179,2,357.43
2994,1003,31,3,449.23
2995,1003,87,1,497.1
2996,1003,12,1,370.68
2997,1004,162,4,371.65
2998,1004,112,3,380.04
2999,1004,180,2,368.05
3000,1004,186,1,80.37
3001,1005,95,4,192.79
3002,1005,113,2,256.79
3003,1005,151,3,472.66
3004,1005,25,2,152.19
3005,1005,88,1,284.25
3006,1006,131,4,146.2
3007,1006,99,3,379.86
3008,1006,37,1,407.92
3009,1006,189,2,218.12
3010,1006,72,3,54.24
3011,1007,74,3,245.88
3012,1008,67,1,462.64
3013,1008,171,3,74.8
3014,1008,53,2,18.54
3015,1009,138,2,8.3
3016,1009,7,3,105.55
3017,1009,147,4,367.38
3018,1009,134,2,416.36
3019,1009,76,1,359.54
3020,1010,111,4,135.21
3021,1010,36,3,367.16
3022,1010,30,3,402.8
3023,1010,191,2,365.04
3024,1011,86,3,229.46
3025,1011,189,1,354.87
3026,1011,81,1,219.52
3027,1011,181,3,99.25
3028,1011,143,1,474.85
3029,1012,36,4,436.7
3030,1012,57,2,136.32
3031,1013,188,4,144.89
3032,1013,51,1,475.66
3033,1014,112,1,247.89
3034,1015,10,4,345.55
3035,1015,158,4,317.36
3036,1016,136,2,439.56
3037,1016,60,3,335.65
3038,1016,126,4,300.93
3039,1016,140,4,151.23
3040,1017,108,4,166.07
3041,1017,170,4,62.33
3042,1017,119,3,332.0
3043,1018,199,4,420.86
3044,1018,126,4,345.17
3045,1019,130,2,445.46
3046,1019,105,1,283.32
3047,1019,83,3,339.12
3048,1020,109,4,134.05
3049,1020,14,3,245.33
3050,1020,57,3,319.95
3051,1020,12,3,226.58
3052,1021,138,2,390.88
3053,1021,29,3,68.96
3054,1022,98,1,391.31
3055,1023,17,1,261.73
3056,1023,93,2,492.68
3057,1023,138,4,430.56
3058,1023,59,3,401.64
3059,1023,96,3,209.63
3060,1024,10,1,378.79
3061,1025,102,4,25.93
3062,1025,73,3,17.0
3063,1025,162,2,21.72
3064,1025,192,1,407.43
3065,1025,97,4,69.94
3066,1026,20,1,254.73
3067,1027,4,2,52.3
3068,1028,156,3,393.46
3069,1028,109,1,154.57
3070,1029,68,4,191.41
3071,1030,105,3,244.26
3072,1030,180,2,194.29
3073,1031,196,1,228.87
3074,1031,148,1,201.69
3075,1031,60,4,188.06
3076,1032,86,2,405.79
3077,1032,22,1,282.64
3078,1032,54,4,298.74
3079,1033,158,4,264.09
3080,1033,146,2,34.17
3081,1033,127,3,208.87
3082,1033,190,3,417.99
3083,1034,154,4,436.36
3084,1034,69,2,378.74
3085,1034,126,4,159.94
3086,1034,167,2,164.31
3087,1034,182,4,259.64
3088,1035,109,1,190.96
3089,1036,134,1,87.27
3090,1036,113,1,24.34
3091,1037,161,4,74.23
3092,1037,141,4,202.71
3093,1038,76,3,263.63
3094,1038,158,3,284.09
3095,1038,43,2,148.65
3096,1038,176,2,402.39
3097,1039,155,3,238.69
3098,1039,54,3,463.9
3099,1039,185,2,86.3
3100,1039,184,4,9.86
3101,1039,107,2,79.42
3102,1040,180,2,103.64
3103,1040,25,4,168.86
3104,1040,16,4,299.25
3105,1041,58,3,316.27
3106,1041,50,3,145.67
3107,1041,110,3,186.8
3108,1041,197,4,467.48
3109,1041,144,2,43.35
3110,1042,72,2,135.15
3111,1042,27,2,399.46
3112,1043,148,3,483.5
3113,1043,189,4,108.61
3114,1043,1,2,494.6
3115,1044,37,2,240.35
3116,1044,1,3,43.5
3117,1045,131,4,215.58
3118,1045,121,3,154.77
3119,1046,144,4,191.77
3120,1046,99,4,180.72
3121,1047,136,1,442.23
3122,1047,55,2,473.02
3123,1047,72,2,420.74
3124,1048,178,3,344.26
3125,1048,143,4,327.79
3126,1048,46,1,433.74
3127,1048,120,3,365.6
3128,1049,49,4,190.23
3129,1049,192,1,101.94
3130,1049,93,2,7.78
3131,1049,80,3,51.58
3132,1049,95,3,253.88
3133,1050,9,3,322.63
3134,1050,102,1,497.89
3135,1050,181,3,140.72
3136,1051,184,4,498.63
3137,1052,45,4,376.22
3138,1052,166,1,23.91
3139,1052,8,2,354.29
3140,1052,46,2,46.0
3141,1053,114,1,160.55
3142,1054,50,1,169.67
3143,1054,173,3,449.38
3144,1054,44,3,260.59
3145,1055,171,1,37.15
3146,1055,195,2,365.83
3147,1055,22,2,224.48
3148,1055,71,2,345.91
3149,1056,80,3,282.48
3150,1057,146,1,285.26
3151,1057,119,1,62.55
3152,1057,24,2,366.13
3153,1057,48,3,297.62
3154,1058,3,2,320.78
3155,1058,118,1,439.21
3156,1059,175,2,374.97
3157,1059,189,2,158.69
3158,1059,98,3,93.11
3159,1060,106,2,418.46
3160,1060,70,2,92.67
3161,1060,76,3,350.29
3162,1061,91,3,177.69
3163,1061,165,4,415.6
3164,1061,176,2,23.18
3165,1061,150,4,82.07
3166,1062,89,3,107.69
3167,1062,180,3,49.92
3168,1062,198,2,132.82
3169,1062,120,3,20.57
3170,1063,122,2,236.29
3171,1063,83,3,284.07
3172,1064,83,1,316.59
3173,1065,108,4,170.68
3174,1065,166,1,97.62
3175,1066,120,2,377.26
3176,1066,113,4,298.82
3177,1067,122,2,130.02
3178,1067,96,3,243.87
3179,1067,103,3,24.86
3180,1067,60,1,213.39
3181,1068,103,1,86.19
3182,1068,43,3,443.86
3183,1068,179,2,475.99
3184,1068,146,2,69.3
3185,1068,86,1,485.31
3186,1069,118,4,86.84
3187,1069,1,2,104.2
3188,1069,45,3,157.23
3189,1070,112,1,363.45
3190,1070,40,3,7.45
3191,1071,121,4,350.9
3192,1072,119,2,382.71
3193,1072,25,4,68.61
3194,1072,196,2,202.94
3195,1072,84,3,410.8
3196,1073,101,1,176.7
3197,1073,172,1,114.74
3198,1073,156,2,385.08
3199,1073,95,3,173.23
3200,1073,1,4,457.72
3201,1074,128,2,26.9
3202,1074,78,4,50.96
3203,1075,39,3,158.99
3204,1075,173,4,22.24
3205,1075,108,2,85.95
3206,1075,175,1,235.14
3207,1076,168,4,402.76
3208,1077,33,4,344.72
3209,1077,3,4,328.64
3210,1077,172,4,214.12
3211,1078,67,1,303.8
3212,1078,116,3,391.6
3213,1078,183,3,422.86
3214,1078,94,1,393.82
3215,1079,173,1,79.44
3216,1079,87,3,102.82
3217,1079,158,4,220.27
3218,1079,119,3,24.72
3219,1080,94,1,445.14
3220,1080,176,3,129.9
3221,1080,87,3,384.58
3222,1080,7,3,93.47
3223,1081,115,3,152.35
3224,1082,92,1,267.98
3225,1083,22,1,67.4
3226,1083,38,4,218.39
3227,1084,177,2,459.79
3228,1084,188,4,25.12
3229,1084,84,3,23.95
3230,1084,156,1,194.05
3231,1085,164,3,214.15
3232,1085,6,2,475.43
3233,1085,66,1,419.24
3234,1086,147,3,497.48
3235,1086,158,2,348.66
3236,1087,122,2,381.56
3237,1087,112,3,374.7
3238,1087,200,2,142.04
3239,1087,172,1,304.29
3240,1087,47,3,139.98
3241,1088,107,2,141.01
3242,1089,25,2,116.29
3243,1089,182,3,114.42
3244,1089,157,3,365.44
3245,1090,108,3,273.02
3246,1090,122,1,174.76
3247,1090,82,3,412.2
3248,1090,39,4,427.91
3249,1090,128,2,268.46
3250,1091,104,1,332.05
3251,1091,147,1,317.54
3252,1091,144,3,46.13
3253,1092,78,3,376.67
3254,1092,116,4,19.63
3255,1092,160,2,314.01
3256,1093,196,1,376.94
3257,1093,73,4,494.89
3258,1093,97,2,192.32
3259,1093,32,1,200.9
3260,1094,75,2,433.12
3261,1094,197,4,277.28
3262,1094,91,2,212.0
3263,1094,154,3,163.1
3264,1094,93,1,333.8
3265,1095,138,4,116.42
3266,1095,104,4,379.63
3267,1095,74,4,82.7
3268,1095,46,4,147.76
3269,1095,137,3,382.65
3270,1096,99,4,487.25
3271,1097,159,2,73.59
3272,1098,154,4,473.02
3273,1099,43,4,343.76
3274,1099,95,1,372.77
3275,1100,131,2,425.9
3276,1100,42,4,187.69
3277,1100,62,2,238.72
3278,1100,183,2,164.75
3279,1100,76,1,447.75
3280,1101,118,2,343.42
3281,1101,114,2,399.39
3282,1101,119,1,402.83
3283,1101,85,2,126.21
3284,1102,192,1,342.6
3285,1103,99,1,392.61
3286,1103,67,1,359.32
3287,1103,156,1,222.07
3288,1103,186,1,150.02
3289,1104,103,4,217.15
3290,1104,32,1,77.26
3291,1104,68,1,362.39
3292,1105,37,2,398.8
3293,1105,54,3,53.08
3294,1105,165,1,231.83
3295,1106,194,3,174.51
3296,1106,177,4,168.68
3297,1107,71,1,381.85
3298,1107,38,3,17.84
3299,1107,95,3,358.33
3300,1107,79,2,285.98
3301,1107,79,4,357.97
3302,1108,191,2,77.53
3303,1108,75,4,132.37
3304,1109,150,3,78.44
3305,1109,4,3,185.26
3306,1110,123,2,486.34
3307,1110,165,2,295.63
3308,1110,129,3,264.05
3309,1110,97,4,325.95
3310,1111,45,4,449.08
3311,1111,4,1,174.47
3312,1111,80,2,116.03
3313,1111,72,1,326.75
3314,1112,146,1,420.79
3315,1112,135,2,371.98
3316,1112,94,1,202.25
3317,1112,26,3,256.17
3318,1113,190,1,485.37
3319,1113,15,4,285.52
3320,1113,64,2,131.76
3321,1113,190,2,346.4
3322,1113,167,2,118.03
3323,1114,11,3,278.23
3324,1114,24,2,368.0
3325,1115,134,3,35.13
3326,1115,59,2,294.91
3327,1116,26,1,162.83
3328,1116,163,1,102.23
3329,1116,30,4,46.28
3330,1116,51,1,273.47
3331,1117,77,1,292.95
3332,1117,29,4,389.81
3333,1117,50,4,496.16
3334,1117,65,4,302.67
3335,1118,130,4,259.53
3336,1118,166,3,135.78
3337,1118,137,2,173.87
3338,1119,80,4,60.18
3339,1119,194,2,246.35
3340,1119,82,4,250.42
3341,1119,46,1,381.42
3342,1119,173,3,51.81
3343,1120,164,2,100.83
3344,1120,28,2,110.54
3345,1120,129,3,163.41
3346,1121,176,3,464.14
3347,1122,83,2,99.99
3348,1122,102,2,426.92
3349,1123,133,4,328.48
3350,1123,107,3,118.22
3351,1123,68,4,467.49
3352,1124,38,3,170.19
3353,1124,91,3,227.61
3354,1124,109,4,382.53
3355,1125,105,3,324.67
3356,1126,5,2,108.26
3357,1126,184,3,150.92
3358,1126,96,1,164.31
3359,1127,143,2,399.75
3360,1127,159,4,428.92
3361,1127,28,1,125.35
3362,1128,121,1,391.71
3363,1128,100,4,128.67
3364,1128,156,4,34.36
3365,1128,15,3,141.64
3366,1128,95,4,462.19
3367,1129,192,1,165.65
3368,1129,199,4,413.03
3369,1130,77,2,283.11
3370,1130,113,2,167.28
3371,1130,140,3,280.55
3372,1130,75,1,74.53
3373,1130,198,1,436.01
3374,1131,198,4,374.9
3375,1131,55,2,164.03
3376,1131,59,4,184.29
3377,1132,155,1,74.43
3378,1132,165,4,216.53
3379,1132,125,1,416.68
3380,1133,5,4,497.85
3381,1133,130,3,396.12
3382,1133,126,3,289.53
3383,1134,145,1,487.24
3384,1135,41,1,289.09
3385,1135,120,2,377.19
3386,1135,197,4,409.79
3387,1135,120,4,445.23
3388,1135,190,2,326.97
3389,1136,87,4,266.22
3390,1136,178,4,445.25
3391,1136,103,3,8.15
3392,1136,100,1,9.23
3393,1136,83,4,79.49
3394,1137,173,3,268.52
3395,1137,168,2,386.11
3396,1137,148,3,447.16
3397,1137,184,2,98.48
3398,1137,38,2,157.7
3399,1138,155,1,390.83
3400,1138,139,3,477.56
3401,1138,84,3,464.59
3402,1138,169,2,104.84
3403,1138,42,4,495.55
3404,1139,7,2,439.43
3405,1139,113,1,417.91
3406,1139,97,1,224.76
3407,1140,13,4,222.08
3408,1140,51,2,386.64
3409,1140,152,1,50.96
3410,1140,45,1,85.63
3411,1141,190,3,376.09
3412,1141,82,4,99.54
3413,1141,24,3,241.6
3414,1141,131,1,472.72
3415,1142,108,4,480.98
3416,1142,26,3,183.39
3417,1142,80,1,219.9
3418,1142,167,3,118.53
3419,1143,121,1,475.9
3420,1143,71,3,27.46
3421,1143,64,2,284.47
3422,1143,33,2,74.41
3423,1144,153,2,433.84
3424,1145,159,4,412.51
3425,1145,108,2,91.45
3426,1145,133,2,372.27
3427,1146,29,2,19.84
3428,1146,53,3,204.81
3429,1146,96,3,312.85
3430,1147,8,4,21.94
3431,1147,37,4,28.02
3432,1147,97,2,83.3
3433,1148,24,4,494.15
3434,1148,29,4,234.89
3435,1149,35,1,159.16
3436,1149,121,3,68.46
3437,1149,169,3,478.67
3438,1149,172,1,241.51
3439,1150,33,2,259.79
3440,1150,37,2,331.31
3441,1151,73,1,128.64
3442,1151,65,2,366.36
3443,1151,78,3,356.68
3444,1151,119,3,381.15
3445,1152,96,2,291.79
3446,1152,9,4,317.78
3447,1152,51,2,12.09
3448,1152,163,1,418.51
3449,1153,83,1,288.18
3450,1153,124,3,97.94
3451,1153,148,4,228.79
3452,1153,55,4,312.55
3453,1154,191,3,329.45
3454,1155,48,3,173.79
3455,1155,125,4,333.31
3456,1155,172,3,382.82
3457,1156,110,1,482.55
3458,1156,33,1,117.43
3459,1156,118,1,64.54
3460,1157,89,3,229.02
3461,1157,142,1,483.31
3462,1158,102,2,75.15
3463,1158,175,2,389.08
3464,1159,154,2,283.63
3465,1159,136,1,401.13
3466,1159,93,2,348.38
3467,1159,136,2,190.36
3468,1159,26,2,319.28
3469,1160,193,2,272.71
3470,1160,157,4,429.86
3471,1161,76,4,450.97
3472,1161,108,4,236.66
3473,1161,35,3,5.18
3474,1161,65,3,108.33
3475,1162,18,1,378.81
3476,1162,36,2,243.06
3477,1162,42,2,198.66
3478,1162,41,4,198.54
3479,1162,50,2,417.99
3480,1163,36,4,66.12
3481,1163,190,2,106.89
3482,1163,37,3,381.49
3483,1164,80,1,386.97
3484,1164,154,4,119.93
3485,1164,113,3,412.01
3486,1164,139,4,81.07
3487,1164,194,3,438.24
3488,1165,66,1,315.31
3489,1165,110,2,438.74
3490,1165,178,4,380.44
3491,1165,58,1,48.84
3492,1166,93,2,435.33
3493,1166,171,4,419.17
3494,1166,111,4,33.04
3495,1166,27,3,421.95
3496,1166,188,3,452.84
3497,1167,108,3,491.63
3498,1167,22,1,55.06
3499,1167,125,2,294.96
3500,1168,171,3,56.46
3501,1168,200,4,282.53
3502,1168,145,4,305.28
3503,1168,171,4,25.84
3504,1169,148,1,63.15
3505,1170,149,4,408.57
3506,1170,184,1,176.92
3507,1170,113,4,288.81
3508,1171,161,4,336.19
3509,1171,7,2,285.63
3510,1171,7,3,53.91
3511,1171,106,1,365.88
3512,1172,175,3,179.43
3513,1172,64,3,225.77
3514,1172,13,3,231.81
3515,1173,54,3,371.65
3516,1173,193,3,391.58
3517,1174,86,3,310.12
3518,1175,79,1,457.51
3519,1175,24,4,159.9
3520,1175,128,2,379.5
3521,1176,90,3,403.92
3522,1176,93,2,479.86
3523,1176,83,1,60.18
3524,1176,149,3,454.87
3525,1177,194,2,202.0
3526,1177,179,1,103.32
3527,1177,24,4,426.84
3528,1178,91,4,70.85
3529,1178,99,1,423.28
3530,1178,189,3,308.64
3531,1178,22,3,499.72
3532,1178,114,1,126.72
3533,1179,127,2,417.46
3534,1180,113,2,76.96
3535,1180,76,2,482.47
3536,1181,113,4,280.38
3537,1181,146,2,209.1
3538,1181,133,4,315.49
3539,1181,100,3,354.84
3540,1182,95,3,450.53
3541,1182,61,3,272.48
3542,1182,20,2,164.22
3543,1182,180,2,398.8
3544,1183,130,4,270.0
3545,1184,185,3,360.19
3546,1184,166,2,235.32
3547,1185,159,4,251.08
3548,1185,112,1,476.82
3549,1185,44,1,282.18
3550,1185,144,1,448.44
3551,1186,175,3,37.38
3552,1187,65,1,358.24
3553,1187,126,4,353.59
3554,1187,35,4,111.53
3555,1187,116,3,271.51
3556,1187,173,3,168.61
3557,1188,37,3,432.05
3558,1188,157,1,357.5
3559,1188,92,1,388.44
3560,1188,19,1,267.24
3561,1189,64,2,418.69
3562,1189,8,4,365.69
3563,1190,104,4,403.43
3564,1191,88,2,52.45
3565,1191,91,2,355.1
3566,1192,24,2,133.95
3567,1192,52,2,178.84
3568,1192,166,1,173.16
3569,1192,193,1,264.31
3570,1193,143,1,342.94
3571,1194,136,1,7.31
3572,1195,146,3,430.38
3573,1196,163,4,94.98
3574,1196,56,3,53.0
3575,1197,96,2,446.26
3576,1197,181,2,256.13
3577,1197,114,1,312.93
3578,1197,138,1,404.57
3579,1197,80,3,58.35
3580,1198,133,2,450.61
3581,1198,128,2,303.73
3582,1198,157,3,469.22
3583,1198,169,4,393.11
3584,1198,30,1,172.48
3585,1199,126,2,398.06
3586,1199,11,3,34.02
3587,1200,26,1,333.44
3588,1200,83,4,379.68
3589,1200,165,2,144.87
3590,1200,35,4,382.94
3591,1200,75,4,205.1
3592,1201,7,4,56.64
3593,1201,144,4,306.78
3594,1201,79,4,496.18
3595,1201,198,3,386.57
3596,1202,11,2,473.66
3597,1202,79,2,322.26
3598,1202,190,1,269.47
3599,1202,13,3,195.53
3600,1202,91,1,412.75
3601,1203,135,2,256.83
3602,1203,175,1,455.78
3603,1203,26,4,475.23
3604,1203,57,3,41.12
3605,1203,53,4,107.33
3606,1204,12,4,106.98
3607,1205,2,2,331.5
3608,1205,85,2,493.61
3609,1205,59,3,459.2
3610,1206,37,2,312.77
3611,1206,67,4,341.8
3612,1207,168,3,207.56
3613,1207,3,4,412.66
3614,1208,200,4,130.45
3615,1208,3,4,25.69
3616,1209,170,2,39.91
3617,1209,30,1,83.67
3618,1210,47,3,87.85
3619,1211,73,3,145.93
3620,1211,146,3,58.7
3621,1211,31,4,412.32
3622,1211,52,1,279.6
3623,1212,133,1,237.13
3624,1212,28,1,118.18
3625,1213,22,1,124.67
3626,1213,158,3,221.86
3627,1214,197,1,333.12
3628,1214,129,2,385.43
3629,1214,186,3,26.66
3630,1214,4,2,173.97
3631,1214,65,2,178.31
3632,1215,98,2,473.68
3633,1215,130,1,116.49
3634,1215,161,2,171.26
3635,1215,185,4,17.53
3636,1216,155,3,280.64
3637,1216,37,3,33.07
3638,1217,133,1,311.2
3639,1217,44,3,188.33
3640,1217,37,1,343.74
3641,1217,2,4,6.69
3642,1218,31,2,382.28
3643,1218,10,1,14.8
3644,1218,122,4,144.82
3645,1218,158,4,227.59
3646,1218,192,2,343.03
3647,1219,163,4,242.17
3648,1219,40,4,270.55
3649,1219,93,2,76.48
3650,1220,66,2,187.2
3651,1220,6,4,403.7
3652,1220,37,1,232.67
3653,1220,182,2,493.81
3654,1221,104,4,442.39
3655,1221,118,4,224.73
3656,1222,87,3,334.36
3657,1222,35,2,126.77
3658,1222,183,2,286.35
3659,1223,119,4,190.53
3660,1223,79,2,199.45
3661,1223,121,1,273.7
3662,1224,106,1,103.71
3663,1224,87,2,331.53
3664,1224,133,4,94.26
3665,1224,114,1,348.51
3666,1224,99,2,140.29
3667,1225,165,4,289.66
3668,1225,51,2,208.59
3669,1226,196,4,161.53
3670,1226,196,1,339.71
3671,1227,6,1,460.49
3672,1228,24,3,466.12
3673,1228,92,2,373.07
3674,1228,55,3,421.14
3675,1229,150,4,240.17
3676,1229,181,2,148.42
3677,1229,26,2,450.9
3678,1230,31,4,83.35
3679,1230,142,4,351.43
3680,1230,72,2,488.18
3681,1230,170,2,455.05
3682,1231,98,4,192.79
3683,1231,44,1,295.16
3684,1232,150,2,226.43
3685,1232,6,4,473.57
3686,1232,146,3,443.37
3687,1232,22,3,39.1
3688,1233,174,4,458.8
3689,1233,29,2,480.98
3690,1233,83,3,357.15
3691,1234,155,4,12.9
3692,1234,152,4,495.89
3693,1234,94,3,100.05
3694,1235,126,3,453.38
3695,1236,68,4,498.1
3696,1236,87,1,140.05
3697,1236,195,4,331.41
3698,1237,34,1,368.65
3699,1238,52,4,193.11
3700,1238,10,3,349.94
3701,1238,86,3,402.56
3702,1238,109,4,355.1
3703,1239,142,2,246.97
3704,1239,69,1,457.11
3705,1239,172,1,403.71
3706,1240,30,1,406.32
3707,1240,196,1,125.27
3708,1240,46,3,37.15
3709,1240,147,2,390.54
3710,1240,20,1,362.94
3711,1241,19,2,293.46
3712,1241,118,3,394.14
3713,1241,28,1,32.8
3714,1241,36,2,459.41
3715,1241,21,2,50.39
3716,1242,111,2,109.06
3717,1243,83,2,240.64
3718,1243,51,4,304.7
3719,1243,48,4,147.59
3720,1243,174,1,224.05
3721,1244,46,2,135.31
3722,1245,49,1,352.92
3723,1245,20,2,97.59
3724,1245,83,2,85.4
3725,1245,163,3,302.77
3726,1245,130,3,113.04
3727,1246,136,1,329.15
3728,1246,175,3,144.32
3729,1247,17,4,175.39
3730,1248,194,4,44.58
3731,1248,196,4,10.94
3732,1248,191,1,162.61
3733,1248,198,3,350.55
3734,1248,156,1,286.75
3735,1249,92,4,188.37
3736,1249,77,4,160.17
3737,1249,191,2,117.92
3738,1249,44,1,346.98
3739,1250,84,4,234.49
3740,1250,119,4,80.58
3741,1250,189,4,212.7
3742,1250,7,2,395.19
3743,1251,94,1,220.02
3744,1251,170,2,79.76
3745,1251,48,2,51.95
3746,1251,101,4,79.2
3747,1252,128,4,83.37
3748,1253,59,2,245.83
3749,1253,186,4,219.26
3750,1253,41,4,484.7
3751,1254,18,3,354.48
3752,1255,61,4,402.79
3753,1255,107,4,11.42
3754,1256,162,3,343.61
3755,1256,110,1,301.56
3756,1256,136,3,173.84
3757,1257,145,4,36.25
3758,1257,115,3,211.42
3759,1257,54,3,345.7
3760,1258,72,3,290.72
3761,1258,85,2,451.42
3762,1258,83,2,355.51
3763,1258,157,2,407.59
3764,1259,121,1,160.16
3765,1259,25,4,376.35
3766,1259,160,3,45.25
3767,1259,126,4,303.29
3768,1259,187,3,38.13
3769,1260,183,2,185.07
3770,1260,200,1,239.5
3771,1260,58,1,166.97
3772,1261,144,2,392.92
3773,1261,82,4,492.72
3774,1261,155,2,412.95
3775,1261,166,2,479.07
3776,1262,76,1,369.07
3777,1263,73,2,396.4
3778,1263,109,1,152.6
3779,1263,53,2,151.57
3780,1263,8,4,43.96
3781,1263,120,2,226.11
3782,1264,153,4,380.44
3783,1264,28,3,230.69
3784,1265,73,2,295.31
3785,1265,83,1,66.34
3786,1265,84,4,187.57
3787,1265,81,4,277.31
3788,1266,102,2,166.67
3789,1266,195,1,323.59
3790,1266,83,1,442.21
3791,1267,17,1,74.26
3792,1267,27,2,470.36
3793,1267,61,1,378.56
3794,1267,92,3,45.17
3795,1268,103,1,264.72
3796,1268,165,4,348.82
3797,1268,141,1,408.11
3798,1268,115,2,62.05
3799,1269,62,1,324.16
3800,1269,143,1,30.98
3801,1270,11,1,113.41
3802,1270,60,2,477.44
3803,1270,36,3,164.86
3804,1270,194,4,14.53
3805,1271,7,4,277.27
3806,1271,11,2,296.89
3807,1271,54,2,293.46
3808,1271,2,3,352.4
3809,1272,43,4,110.33
3810,1272,138,1,458.02
3811,1272,191,3,136.5
3812,1272,96,4,84.13
3813,1272,52,3,170.57
3814,1273,31,3,228.57
3815,1273,115,4,106.27
3816,1273,29,1,196.79
3817,1273,28,2,104.07
3818,1274,152,3,183.66
3819,1274,14,2,285.59
3820,1275,131,1,158.4
3821,1275,56,2,430.88
3822,1276,185,3,231.65
3823,1276,101,2,460.81
3824,1276,123,3,398.53
3825,1276,171,2,43.45
3826,1277,159,1,429.3
3827,1278,78,4,193.8
3828,1279,14,3,111.58
3829,1280,20,3,211.66
3830,1280,6,3,386.37
3831,1280,31,3,75.21
3832,1281,163,1,440.74
3833,1282,4,1,47.62
3834,1282,61,4,435.55
3835,1283,70,1,352.92
3836,1283,123,1,367.06
3837,1283,40,2,37.25
3838,1284,10,4,219.08
3839,1285,4,1,330.02
3840,1285,198,3,356.4
3841,1286,69,1,337.27
3842,1286,49,2,346.39
3843,1287,145,4,281.68
3844,1288,184,1,146.83
3845,1288,23,3,230.85
3846,1289,96,3,364.47
3847,1289,139,2,163.75
3848,1290,45,4,189.19
3849,1290,89,3,78.08
3850,1290,173,4,339.48
3851,1290,105,3,480.89
3852,1291,36,3,462.74
3853,1291,166,4,228.13
3854,1291,139,2,445.42
3855,1292,154,3,272.4
3856,1292,191,2,426.29
3857,1293,178,4,45.46
3858,1293,108,1,495.3
3859,1294,27,1,131.08
3860,1294,141,2,371.16
3861,1294,176,3,247.14
3862,1294,84,3,276.48
3863,1294,102,4,113.44
3864,1295,58,4,82.07
3865,1296,130,1,250.13
3866,1297,62,4,154.91
3867,1297,54,1,476.02
3868,1297,49,1,13.03
3869,1298,48,1,38.18
3870,1298,116,1,213.85
3871,1299,179,3,174.87
3872,1300,110,4,319.43
3873,1300,152,1,341.16
3874,1300,9,4,163.22
3875,1301,99,1,214.24
3876,1301,151,3,474.82
3877,1301,176,4,497.35
3878,1301,98,1,481.57
3879,1302,65,1,46.07
3880,1302,186,1,230.07
3881,1302,192,3,124.48
3882,1302,121,1,164.82
3883,1303,158,4,52.0
3884,1303,176,2,298.75
3885,1304,114,1,253.53
3886,1304,119,3,350.08
3887,1304,100,1,130.34
3888,1304,31,4,91.09
3889,1304,116,3,427.51
3890,1305,85,4,59.29
3891,1305,40,1,103.57
3892,1305,125,2,7.82
3893,1305,199,2,387.37
3894,1305,12,3,95.43
3895,1306,59,4,405.17
3896,1306,30,1,86.39
3897,1306,34,1,221.86
3898,1306,94,4,15.17
3899,1307,28,4,239.46
3900,1307,72,4,280.85
3901,1307,109,1,37.26
3902,1307,68,3,239.94
3903,1307,130,2,453.78
3904,1308,7,2,47.76
3905,1309,169,3,280.9
3906,1309,123,1,485.58
3907,1309,169,2,293.15
3908,1309,30,1,119.96
3909,1310,192,4,10.54
3910,1310,16,1,60.81
3911,1311,136,1,155.16
3912,1311,36,3,460.76
3913,1311,123,2,98.39
3914,1311,122,4,241.97
3915,1311,26,2,196.99
3916,1312,38,2,429.63
3917,1313,132,1,285.25
3918,1313,64,4,420.69
3919,1313,93,2,414.85
3920,1313,105,1,377.42
3921,1314,8,2,337.47
3922,1314,96,4,227.67
3923,1314,58,2,242.29
3924,1314,131,4,324.79
3925,1315,154,3,251.08
3926,1315,20,4,301.91
3927,1316,22,2,387.59
3928,1316,11,3,142.31
3929,1316,72,4,326.83
3930,1316,88,3,418.98
3931,1316,155,3,460.07
3932,1317,125,4,379.92
3933,1317,177,2,237.32
3934,1317,24,4,487.74
3935,1317,137,1,129.54
3936,1317,69,3,438.0
3937,1318,81,3,454.07
3938,1318,145,2,177.51
3939,1319,133,4,142.87
3940,1319,154,4,336.49
3941,1319,49,2,402.11
3942,1320,176,3,357.75
3943,1320,142,3,106.21
3944,1321,45,1,363.67
3945,1321,75,2,106.84
3946,1321,163,3,95.62
3947,1321,166,4,190.62
3948,1321,101,4,359.94
3949,1322,138,3,77.44
3950,1322,156,1,130.01
3951,1322,97,4,6.62
3952,1322,49,3,464.26
3953,1323,71,4,103.6
3954,1323,14,4,315.92
3955,1323,126,1,240.8
3956,1323,100,3,64.13
3957,1323,47,1,183.86
3958,1324,18,3,58.19
3959,1325,25,4,106.42
3960,1325,170,1,9.88
3961,1326,73,4,124.14
3962,1326,57,3,464.29
3963,1326,91,2,80.09
3964,1327,196,2,90.06
3965,1327,99,2,273.15
3966,1327,5,2,50.13
3967,1328,125,1,52.36
3968,1328,105,2,124.8
3969,1328,157,2,446.48
3970,1329,28,1,123.19
3971,1329,79,4,291.92
3972,1329,154,4,225.85
3973,1330,105,4,224.05
3974,1331,193,4,16.4
3975,1331,196,3,106.54
3976,1331,173,4,221.14
3977,1331,135,3,164.43
3978,1331,128,4,419.92
3979,1332,37,1,302.47
3980,1332,179,4,88.35
3981,1332,104,2,112.87
3982,1333,64,3,449.73
3983,1333,98,4,480.52
3984,1333,176,2,324.51
3985,1334,100,3,182.96
3986,1335,186,4,455.05
3987,1335,23,4,131.19
3988,1335,59,3,186.46
3989,1335,67,4,83.26
3990,1336,154,2,423.72
3991,1336,98,3,28.75
3992,1336,59,1,355.02
3993,1336,41,1,309.65
3994,1336,142,1,128.94
3995,1337,39,3,75.11
3996,1337,112,3,436.15
3997,1337,48,2,207.68
3998,1337,43,1,119.75
3999,1338,147,2,147.68
4000,1339,61,1,404.83
4001,1339,51,1,38.35
4002,1340,137,1,390.63
4003,1340,142,3,362.99
4004,1341,63,1,166.11
4005,1341,44,3,259.06
4006,1342,15,4,71.8
4007,1342,13,4,82.18
4008,1342,34,2,431.54
4009,1342,95,3,233.89
4010,1342,117,2,356.55
4011,1343,164,1,38.2
4012,1343,97,2,5.28
4013,1344,174,4,277.41
4014,1344,186,4,444.95
4015,1344,120,3,394.26
4016,1344,148,4,377.06
4017,1345,129,4,67.49
4018,1345,10,2,41.34
4019,1346,155,4,194.37
4020,1347,81,4,103.36
4021,1348,199,2,227.72
4022,1348,152,2,326.29
4023,1348,78,4,126.02
4024,1348,5,2,452.31
4025,1349,120,4,188.93
4026,1349,53,4,69.55
4027,1349,14,2,474.12
4028,1349,164,1,151.23
4029,1350,99,4,43.67
4030,1350,76,3,411.44
4031,1350,142,4,25.06
4032,1350,123,1,179.48
4033,1351,43,1,496.09
4034,1351,38,3,34.64
4035,1351,131,2,317.18
4036,1351,96,1,226.94
4037,1351,86,4,176.73
4038,1352,14,1,442.35
4039,1352,195,4,219.54
4040,1352,132,1,334.83
4041,1353,18,2,466.81
4042,1353,97,3,332.01
4043,1353,113,3,76.26
4044,1353,196,2,51.13
4045,1353,99,3,200.23
4046,1354,4,2,101.27
4047,1354,146,2,211.71
4048,1354,39,4,275.79
4049,1355,17,2,430.13
4050,1356,57,4,457.99
4051,1357,21,4,406.79
4052,1358,121,3,290.64
4053,1358,141,3,317.6
4054,1358,84,2,335.54
4055,1359,175,3,404.06
4056,1359,200,2,116.97
4057,1359,6,4,244.28
4058,1359,85,3,251.94
4059,1359,186,4,30.39
4060,1360,28,2,279.73
4061,1360,57,2,234.85
4062,1360,40,1,350.2
4063,1361,191,4,212.55
4064,1361,85,3,45.16
4065,1361,42,4,474.5
4066,1361,170,1,388.61
4067,1362,104,4,81.25
4068,1362,122,1,170.22
4069,1362,95,1,157.46
4070,1362,125,4,464.28
4071,1363,104,4,425.48
4072,1363,74,2,307.23
4073,1364,154,3,298.76
4074,1364,22,1,45.64
4075,1365,139,4,248.86
4076,1365,24,2,495.96
4077,1366,9,2,149.25
4078,1366,94,3,334.7
4079,1367,80,3,54.49
4080,1367,150,1,494.15
4081,1368,44,4,412.97
4082,1368,126,1,137.33
4083,1369,19,3,73.61
4084,1369,119,3,82.91
4085,1369,199,1,250.73
4086,1369,58,3,20.86
4087,1369,87,2,348.98
4088,1370,131,3,150.36
4089,1370,181,4,211.89
4090,1370,61,3,334.8
4091,1371,39,2,23.21
4092,1371,16,1,78.1
4093,1371,115,2,78.92
4094,1371,19,3,386.33
4095,1372,62,4,220.49
4096,1372,32,3,469.03
4097,1372,54,4,329.81
4098,1372,94,2,198.44
4099,1372,89,1,29.21
4100,1373,48,4,234.43
4101,1373,102,3,227.56
4102,1373,84,4,330.91
4103,1373,193,2,8.68
4104,1374,107,1,246.01
4105,1374,86,2,25.8
4106,1374,36,2,258.83
4107,1375,185,2,211.85
4108,1375,198,1,317.61
4109,1376,96,3,6.35
4110,1376,124,2,109.48
4111,1376,86,3,267.78
4112,1376,136,2,220.29
4113,1376,188,1,230.2
4114,1377,75,4,27.03
4115,1377,86,1,206.63
4116,1377,161,1,239.89
4117,1377,107,4,457.48
4118,1377,156,2,461.93
4119,1378,116,3,153.64
4120,1378,167,1,409.28
4121,1379,102,3,7.12
4122,1379,59,1,114.79
4123,1379,116,2,201.51
4124,1380,71,4,13.09
4125,1381,170,1,250.83
4126,1381,149,2,269.37
4127,1381,142,3,390.94
4128,1381,61,4,282.57
4129,1381,85,2,274.81
4130,1382,21,3,325.19
4131,1382,123,1,54.23
4132,1382,192,3,88.67
4133,1382,75,3,210.71
4134,1383,187,2,183.91
4135,1383,196,3,158.2
4136,1384,20,2,437.24
4137,1385,17,3,482.75
4138,1385,30,4,172.08
4139,1386,131,1,243.21
4140,1386,158,3,393.82
4141,1386,92,1,179.85
4142,1386,100,2,274.93
4143,1387,197,1,496.1
4144,1387,42,2,174.34
4145,1387,134,2,241.95
4146,1387,194,3,19.75
4147,1387,100,4,56.27
4148,1388,43,2,312.43
4149,1388,124,1,488.19
4150,1389,143,4,196.7
4151,1389,165,3,103.56
4152,1389,11,1,229.19
4153,1389,1,3,13.48
4154,1390,107,1,484.94
4155,1390,119,1,71.37
4156,1390,25,1,298.48
4157,1391,142,3,64.28
4158,1391,9,3,126.79
4159,1391,138,4,150.26
4160,1391,28,1,469.83
4161,1391,171,2,349.47
4162,1392,72,3,425.62
4163,1392,20,3,42.18
4164,1393,6,1,490.72
4165,1393,84,2,357.34
4166,1393,36,1,184.45
4167,1393,25,3,385.16
4168,1394,148,2,293.2
4169,1394,21,2,29.29
4170,1395,21,3,453.63
4171,1395,169,3,54.72
4172,1395,104,1,159.39
4173,1395,108,1,330.66
4174,1395,69,1,72.76
4175,1396,28,4,26.05
4176,1397,139,1,135.82
4177,1397,152,2,45.59
4178,1397,44,2,326.0
4179,1397,146,1,317.27
4180,1398,187,2,88.84
4181,1398,175,2,494.88
4182,1399,148,2,248.86
4183,1399,61,1,217.71
4184,1399,157,4,100.27
4185,1400,35,4,486.99
4186,1400,106,3,138.33
4187,1400,158,1,354.92
4188,1401,1,1,205.74
4189,1401,49,3,347.19
4190,1401,148,2,408.15
4191,1401,149,1,483.75
4192,1402,60,2,373.72
4193,1403,35,2,141.89
4194,1403,29,1,327.67
4195,1403,184,1,415.84
4196,1403,4,4,57.94
4197,1404,38,1,435.06
4198,1404,84,4,192.47
4199,1405,170,2,429.59
4200,1405,38,2,197.66
4201,1405,49,2,247.51
4202,1405,71,4,29.22
4203,1406,41,1,391.79
4204,1406,16,4,264.52
4205,1406,53,4,59.66
4206,1406,74,2,145.31
4207,1407,122,1,295.31
4208,1408,116,2,345.77
4209,1408,71,4,481.94
4210,1409,57,4,452.88
4211,1409,5,2,324.38
4212,1409,99,2,493.31
4213,1409,142,2,59.36
4214,1410,66,1,139.55
4215,1410,169,3,374.47
4216,1410,6,1,285.74
4217,1410,28,2,449.89
4218,1410,65,2,380.08
4219,1411,148,2,315.62
4220,1411,136,1,78.8
4221,1411,6,3,385.4
4222,1411,198,4,286.14
4223,1411,1,4,100.74
4224,1412,65,3,295.17
4225,1412,161,4,336.57
4226,1412,155,3,52.56
4227,1412,121,2,445.68
4228,1413,92,4,380.67
4229,1413,137,3,249.11
4230,1413,111,1,346.42
4231,1414,60,4,433.94
4232,1414,53,4,209.12
4233,1415,175,4,360.62
4234,1416,95,1,23.12
4235,1416,3,4,64.54
4236,1417,54,1,173.7
4237,1417,61,1,51.29
4238,1417,65,2,26.86
4239,1417,177,3,272.83
4240,1418,56,4,444.3
4241,1418,26,1,254.33
4242,1418,59,3,5.05
4243,1418,179,3,467.65
4244,1419,179,2,18.32
4245,1419,25,1,335.31
4246,1419,50,2,412.05
4247,1419,60,1,367.56
4248,1419,51,2,102.83
4249,1420,170,4,116.68
4250,1421,186,2,186.49
4251,1422,40,1,417.64
4252,1422,41,4,192.15
4253,1422,44,3,22.39
4254,1422,45,4,58.72
4255,1423,19,2,210.45
4256,1423,112,2,351.35
4257,1424,183,3,443.76
4258,1424,41,2,477.04
4259,1424,109,2,307.42
4260,1424,114,3,161.29
4261,1424,156,2,463.48
4262,1425,104,3,190.89
4263,1425,138,4,463.99
4264,1426,178,2,450.91
4265,1427,144,4,200.33
4266,1428,14,2,271.82
4267,1428,60,2,124.04
4268,1429,140,1,124.54
4269,1429,142,1,172.86
4270,1429,138,1,133.53
4271,1429,86,2,414.91
4272,1429,12,4,247.8
4273,1430,57,1,261.39
4274,1430,160,4,40.36
4275,1431,189,3,233.15
4276,1432,8,1,383.91
4277,1432,200,1,388.78
4278,1432,177,1,432.13
4279,1433,83,2,379.99
4280,1434,22,2,242.99
4281,1435,138,3,33.34
4282,1435,162,1,361.02
4283,1435,91,3,192.63
4284,1435,30,3,377.5
4285,1436,140,2,302.17
4286,1437,74,4,263.5
4287,1437,197,1,79.54
4288,1437,196,3,253.2
4289,1437,11,3,192.83
4290,1438,120,1,26.85
4291,1438,13,1,332.71
4292,1438,63,4,175.95
4293,1438,88,1,183.93
4294,1439,39,4,191.97
4295,1439,32,2,209.42
4296,1439,69,2,495.38
4297,1439,95,1,186.27
4298,1439,44,4,366.15
4299,1440,14,4,107.92
4300,1440,106,4,310.96
4301,1440,5,2,67.25
4302,1440,16,3,401.99
4303,1441,65,1,445.65
4304,1441,136,1,134.5
4305,1441,188,3,481.27
4306,1441,165,2,276.0
4307,1442,133,2,192.15
4308,1442,196,2,266.52
4309,1443,63,2,338.13
4310,1443,37,4,311.44
4311,1443,76,2,263.25
4312,1444,77,2,15.25
4313,1444,108,2,187.29
4314,1444,186,4,110.87
4315,1444,80,3,45.67
4316,1445,75,4,82.55
4317,1445,193,3,380.04
4318,1445,11,2,204.62
4319,1445,59,3,173.27
4320,1446,50,1,335.99
4321,1446,121,4,157.33
4322,1446,72,3,258.93
4323,1447,6,2,366.74
4324,1447,95,2,280.26
4325,1447,129,2,416.06
4326,1447,71,3,364.12
4327,1447,35,4,307.0
4328,1448,10,3,344.98
4329,1448,15,3,123.21
4330,1448,56,2,485.02
4331,1449,135,3,295.63
4332,1449,182,1,200.39
4333,1450,24,1,357.1
4334,1451,185,1,274.47
4335,1451,156,2,124.34
4336,1451,24,2,248.83
4337,1451,35,4,323.79
4338,1452,9,1,478.32
4339,1452,193,4,380.41
4340,1452,84,4,52.18
4341,1452,129,4,390.56
4342,1453,3,2,108.31
4343,1454,28,3,390.42
4344,1454,29,2,419.61
4345,1454,135,1,125.97
4346,1454,97,3,238.78
4347,1454,180,4,135.62
4348,1455,186,4,458.75
4349,1456,101,3,306.82
4350,1456,89,2,443.51
4351,1457,19,1,436.07
4352,1457,164,3,58.88
4353,1457,75,2,119.52
4354,1457,136,4,174.76
4355,1457,7,2,379.48
4356,1458,186,2,471.09
4357,1458,156,2,41.38
4358,1459,87,4,42.99
4359,1459,66,1,349.23
4360,1459,188,3,69.38
4361,1460,94,1,390.12
4362,1461,102,4,220.51
4363,1461,191,1,262.07
4364,1461,25,1,374.44
4365,1461,110,1,469.73
4366,1462,134,2,183.85
4367,1463,196,1,196.21
4368,1464,83,2,54.47
4369,1465,88,3,30.77
4370,1465,111,2,220.94
4371,1465,28,4,315.06
4372,1466,165,2,312.48
4373,1466,135,3,148.75
4374,1466,11,1,124.84
4375,1466,142,1,397.94
4376,1466,115,2,174.59
4377,1467,189,2,206.69
4378,1467,55,2,324.34
4379,1467,158,1,31.43
4380,1467,171,3,228.51
4381,1467,178,1,304.81
4382,1468,145,1,402.63
4383,1468,74,2,467.81
4384,1468,183,4,495.99
4385,1469,194,4,384.48
4386,1469,147,4,435.44
4387,1469,169,3,415.99
4388,1469,165,4,49.38
4389,1470,138,3,291.74
4390,1470,164,2,77.73
4391,1471,6,3,286.89
4392,1471,50,2,445.82
4393,1471,28,2,420.4
4394,1472,200,2,389.25
4395,1472,111,4,284.14
4396,1472,15,4,313.0
4397,1473,40,4,321.92
4398,1473,118,4,486.31
4399,1473,8,4,91.09
4400,1473,56,3,283.02
4401,1474,156,2,166.26
4402,1474,170,3,326.84
4403,1474,134,2,330.34
4404,1474,144,1,418.81
4405,1474,73,1,449.14
4406,1475,37,4,173.96
4407,1476,152,3,274.53
4408,1476,38,4,332.15
4409,1476,24,4,288.59
4410,1476,89,4,317.02
4411,1477,144,4,405.33
4412,1478,136,3,287.9
4413,1478,193,1,129.71
4414,1479,139,2,124.1
4415,1479,198,3,425.63
4416,1479,70,1,428.05
4417,1479,43,4,377.4
4418,1480,112,4,454.13
4419,1480,100,1,499.23
4420,1480,30,4,254.43
4421,1480,20,1,335.82
4422,1480,157,3,412.66
4423,1481,17,4,266.27
4424,1482,76,1,429.63
4425,1483,105,2,432.13
4426,1483,134,2,436.56
4427,1483,114,4,315.35
4428,1483,13,3,114.15
4429,1484,127,4,224.13
4430,1485,15,4,443.29
4431,1485,186,4,382.67
4432,1486,36,3,14.63
4433,1486,24,4,363.87
4434,1486,122,4,461.93
4435,1486,42,1,385.71
4436,1486,68,1,201.65
4437,1487,18,2,103.23
4438,1487,117,2,49.15
4439,1487,34,3,182.15
4440,1488,89,4,58.81
4441,1488,140,1,234.81
4442,1489,21,2,5.23
4443,1490,61,3,70.52
4444,1490,127,3,191.11
4445,1490,49,2,226.51
4446,1490,171,3,157.01
4447,1491,149,3,28.65
4448,1491,102,3,257.58
4449,1492,71,3,497.49
4450,1492,61,4,106.42
4451,1492,65,1,202.19
4452,1492,137,1,464.2
4453,1493,171,2,458.01
4454,1493,20,1,417.81
4455,1493,164,1,439.7
4456,1493,151,2,55.66
4457,1494,108,2,288.4
4458,1494,88,4,393.28
4459,1494,176,4,120.76
4460,1494,110,2,437.99
4461,1494,139,2,438.94
4462,1495,140,3,207.17
4463,1495,87,2,288.35
4464,1496,180,4,204.38
4465,1496,31,4,241.77
4466,1496,16,4,431.15
4467,1496,128,2,450.65
4468,1497,94,1,191.18
4469,1498,47,2,316.44
4470,1498,84,2,47.66
4471,1499,199,3,271.84
4472,1500,104,2,367.58
4473,1500,134,2,41.01
4474,1500,147,2,167.06
4475,1501,11,3,121.43
4476,1501,160,3,392.76
4477,1501,5,2,67.8
4478,1501,10,3,400.2
4479,1501,155,2,332.85
4480,1502,184,3,256.14
4481,1502,75,2,152.58
4482,1502,156,3,423.84
4483,1502,157,1,325.4
4484,1502,73,3,228.67
4485,1503,193,1,349.16
4486,1503,113,1,181.68
4487,1503,46,2,448.12
4488,1503,103,4,198.3
4489,1504,7,4,141.08
4490,1504,200,1,481.94
4491,1505,157,4,195.31
4492,1505,39,4,255.37
4493,1505,184,2,419.34
4494,1505,34,3,260.48
4495,1506,165,3,342.37
4496,1507,175,2,187.5
4497,1507,179,3,442.1
4498,1508,98,3,344.38
4499,1508,146,1,20.16
4500,1508,32,2,143.4
4501,1508,139,2,390.3
4502,1509,65,2,467.44
4503,1509,101,4,298.83
4504,1509,51,2,179.74
4505,1510,48,2,318.8
4506,1510,35,3,395.82
4507,1510,57,2,275.36
4508,1511,88,4,86.39
4509,1512,137,3,362.6
4510,1512,124,2,457.41
4511,1513,148,2,204.81
4512,1513,151,2,434.83
4513,1514,156,3,55.6
4514,1514,130,1,282.17
4515,1514,101,3,186.07
4516,1514,166,4,261.87
4517,1514,99,3,12.74
4518,1515,67,2,8.76
4519,1515,79,1,439.49
4520,1515,132,1,463.53
4521,1516,124,2,28.21
4522,1516,134,3,293.08
4523,1516,69,1,47.58
4524,1516,94,2,200.29
4525,1516,23,3,150.36
4526,1517,52,1,112.21
4527,1517,45,3,311.59
4528,1517,55,4,240.55
4529,1518,61,4,226.43
4530,1519,159,3,476.6
4531,1520,198,1,22.42
4532,1520,91,2,231.03
4533,1520,158,1,349.56
4534,1521,16,2,380.09
4535,1521,2,3,183.69
4536,1521,61,3,204.09
4537,1521,36,3,280.92
4538,1521,199,4,210.96
4539,1522,130,4,397.19
4540,1522,116,4,143.37
4541,1522,43,2,248.89
4542,1522,87,3,491.66
4543,1522,172,3,272.97
4544,1523,94,3,394.87
4545,1523,158,3,93.0
4546,1523,33,3,479.21
4547,1523,31,1,407.15
4548,1524,35,1,441.83
4549,1525,96,2,295.23
4550,1525,60,1,479.44
4551,1525,34,1,400.66
4552,1526,54,1,165.37
4553,1527,53,4,280.0
4554,1527,47,1,145.54
4555,1527,73,4,195.98
4556,1527,159,4,76.32
4557,1527,177,2,214.42
4558,1528,165,4,79.1
4559,1528,2,2,186.32
4560,1528,132,2,460.02
4561,1529,135,2,403.67
4562,1530,189,2,99.26
4563,1531,156,2,439.94
4564,1531,166,1,315.32
4565,1532,97,1,443.31
4566,1533,68,4,84.27
4567,1533,184,4,175.78
4568,1533,137,2,384.63
4569,1533,104,1,334.25
4570,1534,123,4,163.82
4571,1534,192,3,283.21
4572,1534,69,4,72.15
4573,1535,84,2,311.21
4574,1536,169,2,366.13
4575,1536,101,1,276.94
4576,1536,47,4,480.37
4577,1536,166,4,91.9
4578,1537,114,2,463.27
4579,1537,168,2,478.56
4580,1538,47,2,81.82
4581,1538,146,2,371.79
4582,1538,44,1,367.74
4583,1539,20,3,121.95
4584,1539,141,2,122.05
4585,1539,43,3,328.39
4586,1539,180,2,395.73
4587,1539,139,2,163.5
4588,1540,107,1,247.11
4589,1540,166,4,369.87
4590,1540,127,2,84.97
4591,1541,6,3,134.21
4592,1541,65,4,307.55
4593,1542,115,4,6.33
4594,1542,147,2,222.87
4595,1543,64,4,381.07
4596,1543,128,1,111.05
4597,1543,182,3,73.45
4598,1544,63,2,78.87
4599,1544,173,1,71.68
4600,1544,94,4,365.96
4601,1544,186,1,276.25
4602,1544,45,1,442.27
4603,1545,156,4,261.72
4604,1545,130,4,177.91
4605,1545,54,3,335.34
4606,1545,92,2,122.21
4607,1546,193,1,104.99
4608,1547,100,1,408.26
4609,1547,147,3,59.19
4610,1548,54,1,16.31
4611,1548,39,2,390.71
4612,1549,170,1,50.78
4613,1549,51,4,142.21
4614,1549,189,2,33.06
4615,1550,148,4,496.13
4616,1551,128,1,306.31
4617,1551,30,2,201.92
4618,1551,163,2,367.22
4619,1551,30,2,82.92
4620,1551,176,4,208.01
4621,1552,30,1,62.39
4622,1553,34,2,25.72
4623,1554,35,3,332.55
4624,1554,136,4,466.54
4625,1554,51,2,23.33
4626,1554,147,2,218.57
4627,1555,4,2,230.39
4628,1555,171,3,389.44
4629,1555,27,2,383.36
4630,1555,73,2,54.73
4631,1555,73,1,395.97
4632,1556,36,3,430.62
4633,1556,148,3,491.08
4634,1556,39,3,190.91
4635,1556,5,2,351.81
4636,1556,94,3,362.18
4637,1557,55,3,68.46
4638,1558,5,1,118.29
4639,1558,117,1,75.23
4640,1558,49,4,467.91
4641,1558,141,3,272.12
4642,1559,55,1,133.38
4643,1559,20,2,17.69
4644,1560,32,3,309.05
4645,1560,123,2,280.98
4646,1560,72,1,87.34
4647,1560,159,1,224.34
4648,1561,110,1,209.11
4649,1561,34,2,430.71
4650,1561,136,1,174.48
4651,1561,67,2,414.74
4652,1562,180,3,21.03
4653,1562,16,1,13.35
4654,1563,145,4,187.44
4655,1563,79,1,188.59
4656,1563,152,3,189.13
4657,1563,109,2,473.16
4658,1564,36,3,233.56
4659,1565,143,1,385.73
4660,1566,10,2,18.19
4661,1567,59,1,227.42
4662,1567,71,1,247.05
4663,1567,109,1,274.46
4664,1567,133,1,407.11
4665,1567,172,3,226.64
4666,1568,185,1,487.23
4667,1569,22,2,256.64
4668,1569,105,4,55.32
4669,1569,14,4,357.75
4670,1569,86,1,484.54
4671,1570,136,3,248.56
4672,1570,52,4,91.62
4673,1570,181,2,17.27
4674,1571,90,3,226.18
4675,1571,181,4,300.1
4676,1572,31,1,170.21
4677,1572,172,2,305.45
4678,1573,112,4,221.22
4679,1573,39,1,179.85
4680,1573,17,2,416.19
4681,1574,9,1,490.01
4682,1575,26,3,482.72
4683,1575,161,1,378.77
4684,1575,30,1,226.23
4685,1575,125,4,66.54
4686,1576,192,3,294.85
4687,1577,184,3,289.21
4688,1578,82,2,25.94
4689,1579,10,3,325.06
4690,1579,154,4,464.98
4691,1579,102,4,321.25
4692,1579,166,1,103.34
4693,1579,152,4,344.15
4694,1580,155,3,55.52
4695,1580,98,1,78.48
4696,1580,125,3,476.51
4697,1580,125,4,287.65
4698,1581,196,3,221.26
4699,1581,54,3,293.52
4700,1582,115,1,38.16
4701,1582,68,2,442.3
4702,1582,170,2,18.02
4703,1582,120,1,260.21
4704,1582,139,2,57.32
4705,1583,170,1,317.26
4706,1583,170,3,52.06
4707,1584,61,3,343.75
4708,1585,132,4,450.91
4709,1585,29,1,488.13
4710,1585,6,3,464.26
4711,1585,131,1,408.58
4712,1585,19,4,447.61
4713,1586,42,1,228.39
4714,1586,92,2,287.69
4715,1587,113,1,271.85
4716,1587,16,1,133.45
4717,1587,12,4,239.78
4718,1588,49,4,283.9
4719,1588,77,4,50.29
4720,1589,131,4,338.8
4721,1589,152,3,396.77
4722,1590,130,2,234.36
4723,1590,193,4,291.41
4724,1590,172,4,333.97
4725,1590,13,3,26.35
4726,1590,91,2,358.12
4727,1591,109,1,180.53
4728,1591,12,4,450.3
4729,1591,165,2,92.63
4730,1591,73,2,169.99
4731,1591,97,3,57.97
4732,1592,169,4,94.95
4733,1592,164,1,442.96
4734,1592,108,3,418.37
4735,1592,97,4,275.67
4736,1592,185,3,468.1
4737,1593,116,3,80.09
4738,1593,114,1,80.71
4739,1593,87,1,196.04
4740,1594,195,2,413.63
4741,1594,105,3,273.6
4742,1594,33,1,253.75
4743,1594,147,2,136.63
4744,1594,103,2,308.97
4745,1595,67,4,242.36
4746,1595,193,4,302.96
4747,1596,160,1,49.15
4748,1597,151,2,182.08
4749,1598,53,4,58.44
4750,1598,55,4,361.26
4751,1599,48,2,26.68
4752,1599,66,3,280.37
4753,1599,25,4,169.56
4754,1600,93,3,376.49
4755,1600,127,2,134.78
4756,1601,82,1,437.16
4757,1601,179,3,140.43
4758,1601,146,4,204.02
4759,1601,17,4,379.02
4760,1602,33,3,299.3
4761,1602,147,1,275.62
4762,1602,187,1,433.82
4763,1602,119,2,52.96
4764,1602,21,4,139.08
4765,1603,84,2,459.96
4766,1603,161,4,473.86
4767,1604,170,2,350.95
4768,1604,149,4,349.76
4769,1604,141,4,159.25
4770,1604,130,4,285.77
4771,1604,177,1,167.03
4772,1605,169,1,59.77
4773,1605,158,2,362.58
4774,1605,174,2,34.0
4775,1606,64,4,445.13
4776,1606,12,3,61.13
4777,1606,122,1,214.13
4778,1607,153,4,107.54
4779,1607,81,2,208.34
4780,1608,132,3,167.19
4781,1609,125,1,29.33
4782,1609,153,3,404.46
4783,1609,77,3,93.57
4784,1609,76,4,499.33
4785,1610,158,4,218.51
4786,1610,106,1,166.8
4787,1610,112,3,85.11
4788,1610,80,3,214.68
4789,1610,94,4,379.35
4790,1611,147,4,392.35
4791,1612,50,1,215.45
4792,1612,63,3,132.75
4793,1613,163,2,386.36
4794,1613,87,3,31.83
4795,1614,156,3,118.31
4796,1614,14,1,348.92
4797,1614,173,4,84.33
4798,1614,48,1,91.58
4799,1614,76,2,481.82
4800,1615,123,4,158.76
4801,1615,35,3,308.57
4802,1615,100,1,56.31
4803,1615,46,3,356.02
4804,1616,129,3,269.04
4805,1616,133,4,496.72
4806,1616,2,1,58.63
4807,1617,124,4,495.86
4808,1617,33,2,437.94
4809,1617,45,3,224.82
4810,1617,4,3,225.83
4811,1618,43,4,42.69
4812,1618,187,1,460.16
4813,1618,14,2,266.74
4814,1619,59,4,176.13
4815,1619,151,4,433.87
4816,1619,137,1,233.3
4817,1620,68,2,158.33
4818,1620,32,2,254.21
4819,1620,65,3,399.47
4820,1621,9,4,130.96
4821,1622,167,4,172.58
4822,1622,38,2,423.53
4823,1622,20,1,74.27
4824,1623,74,4,342.68
4825,1623,159,1,228.12
4826,1623,199,4,383.26
4827,1623,63,3,324.31
4828,1624,44,1,99.86
4829,1624,143,4,344.12
4830,1624,19,4,180.05
4831,1624,4,1,401.59
4832,1625,64,1,131.19
4833,1625,183,2,21.43
4834,1625,156,2,165.87
4835,1625,140,2,137.05
4836,1626,59,3,10.85
4837,1626,180,1,259.78
4838,1626,184,4,223.07
4839,1627,18,4,175.94
4840,1627,45,3,130.78
4841,1627,172,3,134.52
4842,1627,110,1,413.8
4843,1627,54,3,345.77
4844,1628,56,4,353.77
4845,1628,142,1,12.71
4846,1628,176,3,124.26
4847,1628,153,1,77.81
4848,1628,117,3,437.7
4849,1629,146,4,494.15
4850,1629,136,2,442.98
4851,1629,196,1,156.51
4852,1629,81,4,291.49
4853,1629,35,4,56.8
4854,1630,65,4,120.11
4855,1630,23,4,356.68
4856,1631,53,2,298.23
4857,1631,42,2,122.94
4858,1632,29,4,19.89
4859,1632,41,2,491.79
4860,1633,183,2,88.05
4861,1634,4,2,118.86
4862,1635,17,4,233.35
4863,1636,8,4,358.86
4864,1637,22,3,98.73
4865,1637,99,1,147.94
4866,1637,186,2,449.38
4867,1637,75,3,326.69
4868,1637,165,1,296.87
4869,1638,71,4,392.6
4870,1638,197,2,101.52
4871,1638,80,4,433.85
4872,1638,151,3,416.87
4873,1639,1,2,368.0
4874,1640,47,1,188.18
4875,1640,72,3,476.49
4876,1640,151,4,221.58
4877,1640,20,3,14.67
4878,1641,111,4,213.93
4879,1641,24,1,11.46
4880,1641,166,4,458.49
4881,1641,77,1,355.93
4882,1642,1,4,273.12
4883,1642,26,4,308.99
4884,1642,152,3,387.35
4885,1643,158,1,186.81
4886,1643,144,2,217.8
4887,1643,141,2,150.63
4888,1643,37,4,269.48
4889,1643,146,4,83.86
4890,1644,136,2,272.27
4891,1645,163,1,238.88
4892,1645,175,4,391.89
4893,1645,19,3,20.16
4894,1645,152,4,94.4
4895,1645,117,1,286.83
4896,1646,178,2,67.62
4897,1647,111,3,230.0
4898,1647,162,2,193.17
4899,1648,2,3,467.59
4900,1648,19,4,183.8
4901,1648,131,3,485.9
4902,1648,31,4,245.9
4903,1648,75,1,337.13
4904,1649,99,2,393.11
4905,1649,25,2,143.76
4906,1649,156,4,470.28
4907,1650,42,2,303.56
4908,1650,123,3,258.55
4909,1651,182,3,361.9
4910,1652,27,3,342.1
4911,1652,96,4,417.55
4912,1653,200,2,6.43
4913,1653,148,2,67.53
4914,1653,94,4,416.1
4915,1653,182,1,469.36
4916,1654,57,3,207.95
4917,1654,14,4,89.98
4918,1654,35,3,424.57
4919,1654,121,2,254.03
4920,1655,84,3,7.5
4921,1655,23,4,262.48
4922,1655,133,2,84.65
4923,1655,68,4,123.98
4924,1655,35,4,40.88
4925,1656,2,4,37.63
4926,1656,90,1,50.28
4927,1656,148,3,487.49
4928,1657,28,1,160.92
4929,1657,110,1,375.03
4930,1657,12,3,117.57
4931,1657,113,1,411.3
4932,1658,9,4,40.09
4933,1659,175,1,7.28
4934,1659,124,3,453.5
4935,1659,168,1,439.24
4936,1660,183,3,351.07
4937,1660,59,2,399.74
4938,1660,134,4,209.54
4939,1660,143,2,433.28
4940,1660,106,3,70.1
4941,1661,197,1,209.64
4942,1661,188,1,479.87
4943,1661,185,2,488.82
4944,1661,52,3,406.41
4945,1662,10,3,169.48
4946,1663,170,4,114.78
4947,1663,47,1,236.79
4948,1663,76,2,485.56
4949,1663,187,3,221.74
4950,1663,135,2,172.01
4951,1664,136,1,205.79
4952,1664,70,4,24.26
4953,1664,110,4,100.91
4954,1664,141,2,494.91
4955,1665,129,2,275.85
4956,1665,46,3,401.1
4957,1665,98,3,205.92
4958,1665,36,1,168.77
4959,1665,14,4,409.07
4960,1666,101,3,227.25
4961,1667,94,4,83.93
4962,1668,153,1,272.72
4963,1669,11,4,316.33
4964,1670,27,2,54.37
4965,1670,22,1,234.04
4966,1670,130,4,51.9
4967,1670,176,1,75.45
4968,1670,76,4,342.58
4969,1671,163,1,206.03
4970,1671,159,3,460.09
4971,1672,175,2,499.11
4972,1673,47,4,451.05
4973,1673,145,3,436.6
4974,1674,107,1,44.08
4975,1674,29,3,111.23
4976,1675,168,3,222.88
4977,1675,159,3,20.84
4978,1675,73,1,478.15
4979,1676,181,2,423.04
4980,1676,119,1,465.72
4981,1676,182,3,323.74
4982,1676,60,1,28.83
4983,1677,56,3,387.57
4984,1677,4,2,346.56
4985,1677,149,1,6.49
4986,1677,90,2,469.16
4987,1677,55,4,27.58
4988,1678,19,3,315.3
4989,1679,168,3,440.85
4990,1679,158,2,480.12
4991,1680,96,3,77.52
4992,1680,93,4,39.98
4993,1681,146,1,323.84
4994,1681,102,4,471.74
4995,1681,141,1,41.48
4996,1681,100,4,241.36
4997,1682,129,3,348.72
4998,1682,33,2,332.8
4999,1682,146,3,156.84
5000,1682,179,3,431.63
5001,1683,126,4,191.6
5002,1683,41,3,167.41
5003,1683,56,2,318.28
5004,1683,3,1,249.15
5005,1684,34,4,95.9
5006,1684,28,4,270.93
5007,1684,48,1,315.73
5008,1685,57,2,157.32
5009,1685,25,1,12.54
5010,1686,11,4,420.27
5011,1686,12,3,125.92
5012,1686,164,4,257.67
5013,1686,63,1,79.98
5014,1686,30,1,195.09
5015,1687,158,1,144.39
5016,1687,174,3,479.06
5017,1688,194,4,165.02
5018,1688,145,2,48.42
5019,1688,152,4,159.28
5020,1689,62,4,337.16
5021,1689,46,1,442.95
5022,1690,91,2,43.48
5023,1690,119,4,445.51
5024,1690,178,2,5.54
5025,1691,89,2,116.7
5026,1692,47,2,218.57
5027,1693,166,2,38.42
5028,1694,134,4,362.78
5029,1695,25,4,57.68
5030,1695,29,4,109.66
5031,1695,96,3,277.37
5032,1695,21,3,286.64
5033,1695,119,4,87.9
5034,1696,143,1,355.87
5035,1696,193,3,459.0
5036,1696,123,2,38.25
5037,1696,97,2,256.72
5038,1697,131,3,169.19
5039,1697,80,1,330.39
5040,1698,185,4,85.44
5041,1698,14,2,277.84
5042,1699,33,2,71.96
5043,1699,40,1,129.72
5044,1699,72,3,246.2
5045,1699,72,2,366.92
5046,1699,192,1,37.69
5047,1700,155,2,352.04
5048,1700,173,2,369.18
5049,1700,189,1,68.15
5050,1700,163,2,489.44
5051,1700,71,2,113.41
5052,1701,128,3,425.99
5053,1701,33,1,125.63
5054,1701,184,2,25.51
5055,1701,199,2,254.15
5056,1702,105,3,200.96
5057,1703,184,2,467.78
5058,1703,113,4,232.5
5059,1703,102,1,307.5
5060,1704,176,1,327.62
5061,1705,175,1,237.49
5062,1705,97,1,431.0
5063,1705,41,2,64.07
5064,1705,8,3,127.73
5065,1706,18,4,198.98
5066,1706,39,1,401.72
5067,1706,52,1,212.8
5068,1707,94,4,280.8
5069,1708,118,1,194.67
5070,1708,180,4,465.28
5071,1708,22,4,184.22
5072,1708,16,3,292.7
5073,1709,168,1,223.28
5074,1709,111,4,489.95
5075,1709,176,3,304.31
5076,1710,107,3,9.23
5077,1710,166,4,87.8
5078,1710,49,2,424.02
5079,1710,99,2,219.75
5080,1710,31,1,151.28
5081,1711,106,2,460.22
5082,1711,190,3,470.71
5083,1712,173,2,55.2
5084,1712,132,1,269.23
5085,1712,127,1,371.25
5086,1713,164,2,363.56
5087,1713,183,1,330.72
5088,1714,57,2,282.05
5089,1714,62,2,361.48
5090,1714,73,4,487.18
5091,1715,94,2,116.33
5092,1716,177,2,43.39
5093,1717,128,4,18.85
5094,1717,185,3,188.05
5095,1717,120,4,458.49
5096,1717,145,3,252.19
5097,1717,117,4,295.48
5098,1718,52,3,483.69
5099,1718,112,3,284.34
5100,1718,70,4,196.4
5101,1719,98,1,218.3
5102,1719,72,2,44.14
5103,1719,88,3,188.12
5104,1719,138,1,288.48
5105,1719,159,3,256.48
5106,1720,195,4,299.99
5107,1720,83,3,289.98
5108,1721,47,1,427.46
5109,1721,62,1,229.33
5110,1721,71,2,123.6
5111,1721,199,1,136.52
5112,1722,14,3,327.08
5113,1722,150,2,127.67
5114,1722,41,4,409.21
5115,1723,55,1,229.14
5116,1723,106,2,330.6
5117,1723,118,2,56.6
5118,1724,137,1,250.36
5119,1725,37,1,44.3
5120,1725,187,4,50.73
5121,1726,82,2,108.51
5122,1726,169,3,370.87
5123,1726,46,4,445.14
5124,1727,69,4,29.06
5125,1727,128,2,323.19
5126,1727,42,1,347.29
5127,1728,57,4,234.09
5128,1728,34,4,203.15
5129,1729,50,4,6.69
5130,1729,72,1,324.62
5131,1730,113,1,17.17
5132,1730,95,3,326.29
5133,1731,7,2,244.5
5134,1732,17,3,97.22
5135,1732,119,2,64.36
5136,1733,59,1,385.77
5137,1733,56,4,266.9
5138,1733,161,1,249.72
5139,1734,32,2,192.15
5140,1734,89,3,356.05
5141,1735,185,1,302.46
5142,1735,48,4,393.13
5143,1736,158,3,414.49
5144,1736,169,2,455.22
5145,1736,38,2,79.63
5146,1737,180,2,447.34
5147,1737,155,2,5.7
5148,1738,91,2,68.96
5149,1738,109,4,48.12
5150,1739,102,1,454.16
5151,1739,142,4,27.55
5152,1739,48,4,305.53
5153,1739,31,2,415.73
5154,1740,26,1,248.24
5155,1741,91,2,447.01
5156,1742,181,1,482.01
5157,1742,127,4,461.91
5158,1743,67,4,241.85
5159,1743,84,4,378.11
5160,1743,34,2,108.86
5161,1743,56,2,75.11
5162,1743,42,1,319.2
5163,1744,65,2,176.32
5164,1744,172,2,360.09
5165,1744,171,2,93.43
5166,1745,15,4,95.61
5167,1745,159,3,109.48
5168,1745,168,1,450.61
5169,1745,63,4,432.92
5170,1746,137,1,139.42
5171,1747,27,2,8.12
5172,1747,172,3,118.41
5173,1747,144,3,387.22
5174,1748,39,1,444.8
5175,1748,19,2,388.51
5176,1748,45,4,332.24
5177,1749,59,4,330.14
5178,1749,99,1,160.35
5179,1749,71,4,27.29
5180,1749,82,3,286.5
5181,1750,95,1,216.92
5182,1751,20,3,168.32
5183,1752,172,1,290.23
5184,1752,97,2,297.51
5185,1752,116,4,182.09
5186,1752,48,1,241.19
5187,1752,1,2,13.99
5188,1753,171,1,40.2
5189,1753,167,4,52.57
5190,1754,79,1,470.7
5191,1754,147,2,377.19
5192,1755,119,4,205.96
5193,1755,145,4,111.73
5194,1755,43,4,247.82
5195,1755,124,2,44.55
5196,1756,113,4,339.1
5197,1756,8,4,479.78
5198,1757,137,4,326.13
5199,1757,108,3,122.43
5200,1757,164,2,470.65
5201,1757,176,3,105.49
5202,1757,155,1,316.83
5203,1758,49,1,477.14
5204,1758,173,3,94.94
5205,1758,32,2,27.61
5206,1759,91,1,388.42
5207,1760,73,4,400.77
5208,1760,73,4,8.41
5209,1760,13,1,74.44
5210,1761,102,3,158.05
5211,1761,171,4,250.72
5212,1761,77,4,298.58
5213,1761,80,1,212.8
5214,1762,110,1,132.18
5215,1762,85,1,16.41
5216,1762,63,3,160.79
5217,1763,10,4,487.65
5218,1763,145,4,310.15
5219,1764,21,1,441.95
5220,1764,145,3,72.99
5221,1764,179,4,115.26
5222,1764,53,1,348.89
5223,1765,46,3,178.13
5224,1766,119,4,338.84
5225,1766,110,3,121.21
5226,1767,75,3,307.8
5227,1767,90,3,209.9
5228,1767,112,2,152.78
5229,1767,85,3,437.96
5230,1767,75,2,157.16
5231,1768,157,1,200.78
5232,1768,155,2,377.73
5233,1768,63,3,141.52
5234,1769,148,3,439.15
5235,1769,68,1,265.28
5236,1770,38,2,28.63
5237,1770,85,4,68.51
5238,1771,148,3,54.38
5239,1771,41,1,483.83
5240,1772,34,1,347.18
5241,1772,30,4,382.03
5242,1772,123,3,154.17
5243,1772,133,3,100.39
5244,1773,87,4,401.17
5245,1773,34,2,23.46
5246,1773,3,1,154.38
5247,1774,98,1,78.45
5248,1774,157,2,285.45
5249,1774,8,2,449.13
5250,1775,35,1,106.0
5251,1776,101,3,266.74
5252,1776,153,4,99.21
5253,1776,150,3,315.86
5254,1777,143,4,485.57
5255,1778,56,1,134.24
5256,1778,93,3,98.63
5257,1778,179,3,201.29
5258,1778,57,1,40.88
5259,1778,139,3,28.79
5260,1779,49,4,83.0
5261,1779,172,2,21.58
5262,1780,118,3,95.64
5263,1780,105,2,329.73
5264,1780,5,3,119.84
5265,1781,130,4,391.81
5266,1781,139,1,21.17
5267,1781,167,3,356.82
5268,1781,37,3,193.81
5269,1782,168,1,325.08
5270,1782,125,4,445.19
5271,1783,49,1,154.54
5272,1783,82,1,81.81
5273,1783,138,3,473.89
5274,1784,157,3,213.95
5275,1784,87,2,226.99
5276,1784,87,2,103.49
5277,1784,35,2,313.69
5278,1784,60,1,72.46
5279,1785,147,1,111.69
5280,1785,3,2,15.87
5281,1785,51,3,207.1
5282,1785,113,1,368.36
5283,1786,94,1,221.58
5284,1786,110,2,389.07
5285,1786,157,3,376.7
5286,1786,81,2,449.83
5287,1787,165,3,109.25
5288,1787,21,2,455.57
5289,1787,189,3,408.95
5290,1788,56,3,359.79
5291,1789,33,3,231.93
5292,1790,24,4,360.26
5293,1791,75,1,441.13
5294,1791,15,4,408.09
5295,1792,170,4,366.18
5296,1792,27,4,322.89
5297,1792,177,4,163.95
5298,1793,160,2,463.2
5299,1794,164,2,270.73
5300,1794,113,2,395.37
5301,1794,121,2,173.04
5302,1795,40,3,301.4
5303,1795,150,3,195.71
5304,1796,183,3,457.85
5305,1796,186,2,473.84
5306,1796,125,2,315.46
5307,1797,48,1,69.35
5308,1798,136,4,483.18
5309,1799,177,4,404.63
5310,1799,191,1,336.46
5311,1799,19,4,428.25
5312,1800,178,1,399.98
5313,1800,58,2,179.5
5314,1800,151,3,348.75
5315,1801,189,1,249.53
5316,1801,45,2,75.34
5317,1801,127,4,375.48
5318,1802,117,2,85.96
5319,1802,93,3,79.08
5320,1802,29,4,92.19
5321,1802,174,3,344.12
5322,1802,67,4,425.75
5323,1803,178,2,105.17
5324,1804,114,1,155.84
5325,1804,133,4,256.74
5326,1804,149,3,10.81
5327,1805,3,3,308.86
5328,1805,97,3,40.33
5329,1806,175,4,250.93
5330,1806,160,2,201.64
5331,1807,154,3,209.99
5332,1807,69,2,228.91
5333,1808,44,2,456.46
5334,1808,146,2,13.68
5335,1808,21,4,177.9
5336,1809,35,1,328.79
5337,1809,147,2,79.7
5338,1809,74,1,40.31
5339,1809,197,4,113.09
5340,1809,39,3,161.32
5341,1810,60,4,125.96
5342,1810,172,2,324.65
5343,1810,45,3,333.72
5344,1810,47,1,218.57
5345,1811,160,1,324.92
5346,1811,142,3,53.06
5347,1811,53,1,115.4
5348,1812,70,2,353.66
5349,1813,46,2,51.71
5350,1814,96,3,258.12
5351,1815,138,2,435.52
5352,1815,140,4,270.21
5353,1815,103,3,447.35
5354,1816,136,3,134.76
5355,1817,80,3,376.29
5356,1817,173,1,26.08
5357,1817,100,2,287.16
5358,1817,129,4,223.91
5359,1818,81,3,389.09
5360,1818,100,4,144.48
5361,1819,199,1,299.92
5362,1819,186,2,112.77
5363,1819,169,2,60.34
5364,1820,46,1,100.69
5365,1820,5,3,346.64
5366,1821,157,3,268.29
5367,1821,29,3,367.71
5368,1822,198,1,49.57
5369,1822,158,4,80.95
5370,1822,195,4,296.12
5371,1822,153,3,289.81
5372,1822,135,1,327.59
5373,1823,189,1,33.22
5374,1824,105,1,370.06
5375,1824,191,2,354.58
5376,1824,16,1,177.18
5377,1824,51,2,271.92
5378,1825,49,1,6.91
5379,1825,162,1,166.69
5380,1825,46,3,125.91
5381,1825,136,2,277.17
5382,1826,177,2,462.83
5383,1826,158,2,331.69
5384,1826,145,1,34.52
5385,1826,102,4,86.19
5386,1826,118,4,467.11
5387,1827,143,2,441.6
5388,1827,129,4,338.22
5389,1828,124,4,450.56
5390,1828,22,3,319.32
5391,1829,46,4,230.16
5392,1829,64,4,278.31
5393,1829,199,1,5.41
5394,1829,20,2,81.75
5395,1830,58,2,54.08
5396,1830,139,2,177.92
5397,1831,187,1,266.54
5398,1831,84,1,206.0
5399,1831,124,4,195.89
5400,1831,167,1,214.13
5401,1831,162,3,413.63
5402,1832,134,1,428.87
5403,1832,69,2,386.31
5404,1832,160,2,236.21
5405,1832,114,4,62.81
5406,1832,129,1,179.41
5407,1833,137,2,272.8
5408,1833,77,3,332.07
5409,1833,46,1,495.38
5410,1833,188,2,352.24
5411,1833,97,3,349.49
5412,1834,99,2,307.76
5413,1834,91,1,73.49
5414,1834,115,2,157.48
5415,1834,130,2,175.0
5416,1834,58,3,337.23
5417,1835,189,3,443.86
5418,1835,149,1,225.3
5419,1835,161,4,75.65
5420,1835,159,4,214.41
5421,1836,147,4,244.79
5422,1836,144,1,278.86
5423,1836,153,4,156.96
5424,1836,175,4,131.18
5425,1837,73,4,141.52
5426,1837,131,2,402.35
5427,1837,130,3,60.71
5428,1837,119,2,148.04
5429,1837,118,3,107.1
5430,1838,137,1,498.63
5431,1838,75,1,136.28
5432,1838,81,1,397.21
5433,1838,43,4,438.54
5434,1838,84,2,63.54
5435,1839,103,2,480.78
5436,1839,11,4,203.11
5437,1840,5,2,138.93
5438,1841,134,1,386.24
5439,1841,1,2,438.09
5440,1841,11,3,243.82
5441,1842,61,4,134.65
5442,1842,191,1,278.9
5443,1842,107,2,12.21
5444,1842,115,3,458.02
5445,1842,13,1,110.36
5446,1843,195,4,55.4
5447,1843,200,3,324.3
5448,1843,5,3,196.76
5449,1843,25,3,384.79
5450,1844,171,3,218.84
5451,1844,146,1,253.81
5452,1844,123,1,328.55
5453,1844,136,4,85.19
5454,1844,165,1,20.46
5455,1845,96,1,28.56
5456,1845,70,3,154.99
5457,1845,65,2,302.72
5458,1845,12,4,244.55
5459,1846,144,4,410.16
5460,1846,96,2,153.94
5461,1846,10,4,75.17
5462,1846,200,2,62.83
5463,1847,153,4,436.76
5464,1847,36,3,466.56
5465,1847,197,2,96.2
5466,1847,47,1,306.45
5467,1847,85,2,111.65
5468,1848,8,3,251.96
5469,1848,123,4,155.27
5470,1848,74,3,189.32
5471,1848,58,4,166.5
5472,1849,58,3,8.02
5473,1849,21,2,147.3
5474,1849,187,3,112.99
5475,1849,43,1,6.65
5476,1849,64,4,68.22
5477,1850,184,4,122.23
5478,1851,127,2,215.67
5479,1851,70,2,310.66
5480,1851,143,3,357.62
5481,1851,83,3,89.63
5482,1852,175,3,74.27
5483,1852,81,1,206.01
5484,1853,95,1,227.07
5485,1853,15,3,458.54
5486,1853,136,1,184.82
5487,1853,154,1,132.87
5488,1854,121,2,383.52
5489,1854,164,2,181.53
5490,1854,37,3,221.99
5491,1855,119,1,181.42
5492,1856,52,3,148.25
5493,1856,155,2,23.14
5494,1856,60,4,257.72
5495,1856,8,2,101.64
5496,1857,22,1,345.75
5497,1857,62,2,216.43
5498,1857,10,4,255.48
5499,1857,45,1,179.55
5500,1858,122,2,9.77
5501,1858,143,4,96.06
5502,1858,176,1,160.16
5503,1858,32,4,347.3
5504,1858,105,3,416.71
5505,1859,124,1,55.26
5506,1859,145,1,181.34
5507,1860,75,3,435.33
5508,1860,128,1,368.93
5509,1861,152,4,296.48
5510,1861,17,3,116.12
5511,1862,151,3,444.89
5512,1862,162,4,134.69
5513,1863,157,1,346.3
5514,1864,153,3,242.45
5515,1864,148,1,267.99
5516,1864,60,3,86.04
5517,1864,181,1,272.45
5518,1864,105,3,452.78
5519,1865,71,3,311.53
5520,1865,172,4,293.51
5521,1865,113,2,282.71
5522,1865,95,4,167.65
5523,1866,194,2,473.0
5524,1866,190,1,422.08
5525,1866,14,2,76.01
5526,1867,188,1,410.9
5527,1867,77,2,321.45
5528,1867,116,1,233.75
5529,1867,85,3,458.37
5530,1868,69,2,215.6
5531,1869,101,1,46.09
5532,1869,186,2,320.91
5533,1869,54,3,377.23
5534,1869,138,1,388.8
5535,1869,148,2,306.83
5536,1870,71,3,290.34
5537,1871,169,2,417.53
5538,1871,114,4,290.66
5539,1871,95,3,78.16
5540,1871,109,4,294.67
5541,1871,57,3,49.27
5542,1872,138,1,378.5
5543,1872,119,1,385.56
5544,1872,172,3,101.6
5545,1872,173,4,14.89
5546,1872,191,1,65.32
5547,1873,3,2,479.47
5548,1874,122,3,71.53
5549,1874,81,3,65.02
5550,1874,186,4,25.92
5551,1874,16,3,414.04
5552,1874,26,1,26.14
5553,1875,77,2,358.74
5554,1875,53,4,39.49
5555,1876,53,4,379.98
5556,1876,36,4,44.04
5557,1876,177,3,257.28
5558,1876,154,4,286.33
5559,1877,159,1,353.64
5560,1877,161,3,274.55
5561,1878,94,3,227.93
5562,1879,99,4,123.51
5563,1879,125,2,181.75
5564,1879,30,1,193.02
5565,1880,11,2,419.97
5566,1880,62,4,245.65
5567,1880,117,1,428.35
5568,1880,140,4,498.4
5569,1880,167,4,207.88
5570,1881,46,1,191.97
5571,1881,66,3,39.0
5572,1881,181,4,42.89
5573,1882,179,4,479.66
5574,1882,83,2,170.71
5575,1882,163,3,207.75
5576,1882,68,1,487.78
5577,1882,32,1,98.51
5578,1883,35,4,490.16
5579,1884,125,4,108.22
5580,1884,35,1,135.33
5581,1885,30,2,298.03
5582,1885,55,1,289.8
5583,1885,148,1,212.1
5584,1885,103,3,349.11
5585,1886,146,2,90.7
5586,1887,131,4,383.8
5587,1887,82,3,60.38
5588,1887,181,2,416.42
5589,1887,197,3,271.13
5590,1887,117,2,423.7
5591,1888,51,1,322.69
5592,1888,109,1,395.47
5593,1888,194,4,420.38
5594,1889,52,3,473.82
5595,1890,17,4,106.75
5596,1890,121,4,327.69
5597,1890,92,2,367.49
5598,1890,55,4,145.56
5599,1890,122,4,11.89
5600,1891,184,1,304.5
5601,1891,160,1,471.33
5602,1892,164,4,484.82
5603,1892,48,2,200.97
5604,1892,90,3,394.82
5605,1892,11,3,38.57
5606,1892,44,2,447.75
5607,1893,116,4,71.31
5608,1893,69,3,37.81
5609,1893,15,4,346.29
5610,1894,145,2,83.98
5611,1895,165,1,34.45
5612,1895,124,3,53.9
5613,1895,163,2,76.38
5614,1895,71,4,18.94
5615,1895,187,4,79.76
5616,1896,105,2,95.75
5617,1896,96,1,495.97
5618,1896,77,2,96.83
5619,1896,4,3,417.03
5620,1896,178,2,90.33
5621,1897,160,1,22.55
5622,1897,79,4,265.29
5623,1897,26,4,111.48
5624,1897,122,1,78.91
5625,1897,103,4,348.76
5626,1898,200,1,20.74
5627,1898,86,2,198.51
5628,1899,18,3,102.31
5629,1899,140,1,9.94
5630,1900,81,1,34.67
5631,1900,127,2,72.6
5632,1900,145,1,17.87
5633,1900,119,2,309.59
5634,1900,23,2,377.55
5635,1901,42,1,59.03
5636,1901,139,4,285.35
5637,1902,20,4,250.33
5638,1902,48,1,17.35
5639,1902,65,3,435.72
5640,1902,182,3,373.02
5641,1903,29,2,275.84
5642,1903,18,4,417.95
5643,1903,117,3,156.66
5644,1903,105,1,491.71
5645,1904,76,2,95.92
5646,1904,37,1,325.73
5647,1904,4,2,174.45
5648,1905,194,1,75.25
5649,1905,188,1,293.75
5650,1905,79,4,399.93
5651,1906,158,1,108.08
5652,1906,47,4,322.57
5653,1906,91,3,51.71
5654,1906,34,4,207.44
5655,1907,77,1,485.4
5656,1907,174,2,138.82
5657,1907,89,3,294.25
5658,1907,90,1,194.22
5659,1907,34,1,57.62
5660,1908,138,1,89.51
5661,1908,111,4,496.72
5662,1908,180,3,367.59
5663,1909,66,4,280.22
5664,1909,132,4,67.82
5665,1909,119,4,499.57
5666,1909,3,3,159.42
5667,1910,192,2,221.97
5668,1910,169,1,488.48
5669,1910,29,1,247.89
5670,1910,159,2,47.45
5671,1910,77,1,29.92
5672,1911,101,2,417.63
5673,1911,84,2,142.91
5674,1912,70,4,472.55
5675,1912,11,2,63.05
5676,1912,147,4,162.69
5677,1912,111,2,78.28
5678,1913,17,2,103.65
5679,1913,187,4,344.73
5680,1914,92,3,5.74
5681,1915,16,1,14.0
5682,1916,75,4,229.45
5683,1916,152,1,308.03
5684,1917,147,1,65.05
5685,1917,31,4,400.17
5686,1917,6,1,195.32
5687,1917,193,2,411.1
5688,1917,36,4,104.76
5689,1918,198,4,371.31
5690,1918,159,1,197.16
5691,1918,139,3,153.6
5692,1918,22,4,242.61
5693,1918,67,4,126.25
5694,1919,151,3,343.73
5695,1919,64,4,63.78
5696,1919,25,2,476.78
5697,1919,22,1,264.08
5698,1919,22,3,50.77
5699,1920,178,3,168.21
5700,1920,37,3,79.29
5701,1920,5,2,319.78
5702,1921,93,2,165.35
5703,1922,106,1,226.01
5704,1922,97,3,145.27
5705,1922,181,3,432.3
5706,1922,111,4,78.39
5707,1923,141,2,137.16
5708,1924,181,1,345.92
5709,1924,39,2,328.05
5710,1925,197,3,484.23
5711,1925,39,4,74.67
5712,1925,136,3,252.89
5713,1925,18,4,134.73
5714,1925,84,2,236.45
5715,1926,106,3,84.09
5716,1926,57,3,497.89
5717,1927,23,2,311.78
5718,1927,198,2,278.07
5719,1927,85,1,276.73
5720,1928,161,2,394.22
5721,1929,145,1,147.0
5722,1929,102,1,442.27
5723,1929,16,4,302.8
5724,1930,110,4,16.65
5725,1930,22,2,282.97
5726,1930,134,2,231.85
5727,1931,52,2,286.06
5728,1931,161,4,38.98
5729,1932,168,3,473.52
5730,1933,128,4,220.44
5731,1934,80,4,364.08
5732,1934,79,2,447.45
5733,1934,113,4,493.85
5734,1935,7,1,312.91
5735,1935,86,2,8.39
5736,1935,128,2,482.2
5737,1935,80,4,423.45
5738,1936,143,4,46.12
5739,1936,105,2,85.78
5740,1936,82,1,375.98
5741,1937,101,4,493.5
5742,1937,131,4,424.42
5743,1938,179,4,476.59
5744,1938,34,3,491.86
5745,1938,160,4,442.52
5746,1939,131,3,396.1
5747,1939,76,4,236.21
5748,1939,21,2,291.2
5749,1939,164,2,183.99
5750,1940,131,3,252.8
5751,1941,33,2,160.04
5752,1941,70,2,157.26
5753,1942,141,2,474.0
5754,1942,39,1,171.46
5755,1942,164,4,422.52
5756,1942,155,3,86.0
5757,1943,5,4,331.66
5758,1943,71,3,323.19
5759,1944,172,4,388.18
5760,1945,136,2,234.48
5761,1946,79,2,171.99
5762,1946,151,3,252.72
5763,1947,186,1,266.48
5764,1947,71,4,270.74
5765,1948,199,1,176.92
5766,1948,26,1,496.52
5767,1948,47,1,84.69
5768,1949,51,3,45.72
5769,1949,186,2,127.33
5770,1949,8,1,355.58
5771,1950,191,4,7.07
5772,1950,62,4,75.43
5773,1950,183,4,31.17
5774,1950,15,2,85.76
5775,1950,179,2,56.99
5776,1951,160,1,44.69
5777,1951,71,1,469.49
5778,1951,54,3,459.9
5779,1951,122,1,124.15
5780,1951,193,4,375.03
5781,1952,107,1,391.43
5782,1952,27,4,442.63
5783,1952,40,3,343.45
5784,1952,158,1,362.27
5785,1952,67,1,293.01
5786,1953,85,3,461.03
5787,1953,161,1,43.14
5788,1953,113,3,115.61
5789,1953,136,2,354.55
5790,1953,6,4,461.7
5791,1954,134,1,238.48
5792,1954,200,4,301.38
5793,1954,15,2,236.63
5794,1954,107,1,216.24
5795,1955,200,4,488.09
5796,1956,174,4,129.4
5797,1956,126,1,270.06
5798,1957,11,4,439.76
5799,1957,144,1,450.34
5800,1958,141,1,338.5
5801,1958,184,3,393.27
5802,1958,120,1,12.29
5803,1959,50,2,110.58
5804,1959,102,2,85.32
5805,1959,32,4,294.61
5806,1960,172,4,277.99
5807,1960,117,3,202.21
5808,1960,121,1,197.52
5809,1960,114,3,37.82
5810,1960,159,1,126.72
5811,1961,23,3,32.18
5812,1961,30,4,447.85
5813,1962,19,1,242.77
5814,1962,3,2,102.82
5815,1962,12,3,446.93
5816,1962,41,3,425.02
5817,1963,138,2,291.05
5818,1963,74,3,254.18
5819,1963,57,1,10.06
5820,1963,28,4,302.34
5821,1963,20,1,161.61
5822,1964,26,3,456.24
5823,1964,97,4,361.25
5824,1965,179,3,205.12
5825,1965,63,2,335.53
5826,1965,158,3,120.17
5827,1965,141,1,51.27
5828,1966,195,3,456.48
5829,1967,126,4,428.48
5830,1967,32,3,238.87
5831,1968,191,1,72.72
5832,1968,198,1,453.39
5833,1968,127,3,404.55
5834,1969,96,4,255.81
5835,1969,88,3,133.5
5836,1969,97,1,382.4
5837,1969,154,4,84.58
5838,1969,188,4,14.34
5839,1970,195,3,386.99
5840,1970,109,4,236.94
5841,1970,10,3,37.01
5842,1970,27,1,233.04
5843,1971,32,3,195.22
5844,1971,68,4,268.12
5845,1971,165,2,243.17
5846,1971,186,1,112.17
5847,1972,59,1,389.28
5848,1972,114,3,411.56
5849,1972,78,3,354.31
5850,1973,13,2,283.5
5851,1973,86,3,386.44
5852,1973,101,4,490.73
5853,1973,116,2,279.73
5854,1974,115,4,217.16
5855,1975,168,4,343.18
5856,1975,37,4,473.07
5857,1975,181,2,471.82
5858,1975,54,4,240.56
5859,1976,155,2,112.85
5860,1976,136,4,362.41
5861,1976,122,1,206.19
5862,1977,133,4,297.7
5863,1977,60,2,33.48
5864,1977,86,3,389.82
5865,1978,7,2,239.76
5866,1978,148,4,372.39
5867,1978,84,4,217.39
5868,1979,50,3,208.69
5869,1979,15,4,252.59
5870,1979,119,4,356.79
5871,1980,112,1,295.41
5872,1980,8,2,416.43
5873,1981,47,4,108.98
5874,1981,104,2,230.44
5875,1982,181,2,91.84
5876,1983,27,1,381.98
5877,1983,119,3,327.37
5878,1983,126,4,305.34
5879,1983,126,1,214.35
5880,1984,158,3,61.44
5881,1984,69,4,290.68
5882,1985,45,1,418.6
5883,1985,149,1,107.63
5884,1985,46,2,19.65
5885,1986,141,1,52.35
5886,1986,69,2,340.91
5887,1986,69,4,415.27
5888,1986,16,4,275.45
5889,1986,19,4,234.95
5890,1987,21,4,462.31
5891,1987,115,1,444.65
5892,1988,75,2,108.3
5893,1989,65,3,191.48
5894,1989,58,1,432.2
5895,1990,72,4,219.45
5896,1990,62,1,272.27
5897,1990,145,1,372.01
5898,1990,194,3,133.75
5899,1990,41,3,309.81
5900,1991,28,2,370.39
5901,1991,58,2,233.7
5902,1991,41,4,94.19
5903,1992,147,1,412.01
5904,1992,57,3,327.85
5905,1993,16,2,416.07
5906,1993,184,4,229.02
5907,1993,166,3,412.91
5908,1993,117,2,278.72
5909,1994,151,4,136.06
5910,1994,192,3,16.58
5911,1995,140,4,154.17
5912,1995,1,4,375.35
5913,1995,94,4,424.01
5914,1995,6,2,27.07
5915,1995,3,1,284.7
5916,1996,12,2,97.15
5917,1996,20,3,389.43
5918,1996,77,2,311.75
5919,1996,72,3,273.4
5920,1996,9,2,90.81
5921,1997,64,2,90.79
5922,1997,43,2,181.97
5923,1998,167,3,175.31
5924,1998,16,1,311.0
5925,1998,187,2,494.71
5926,1999,58,4,292.54
5927,2000,73,2,313.77
5928,2000,194,2,100.41
5929,2000,42,3,425.65
5930,2000,101,2,298.09
5931,2000,34,1,406.86
5932,2001,192,2,65.61
5933,2001,69,3,49.78
5934,2001,149,1,224.94
5935,2001,86,4,159.96
5936,2001,157,2,475.93
5937,2002,128,4,103.05
5938,2002,124,4,157.95
5939,2003,17,1,195.05
5940,2003,153,3,322.25
5941,2004,88,1,295.05
5942,2004,47,4,225.94
5943,2004,180,2,54.44
5944,2004,96,2,362.66
5945,2005,122,3,79.82
5946,2005,131,4,129.68
5947,2005,27,2,352.1
5948,2006,31,4,405.28
5949,2006,59,1,7.23
5950,2006,152,2,331.62
5951,2006,137,3,161.13
5952,2007,49,2,354.05
5953,2008,85,3,9.92
5954,2008,25,3,108.89
5955,2009,149,1,153.26
5956,2010,114,4,459.08
5957,2010,119,2,134.16
5958,2010,155,2,190.31
5959,2010,190,3,430.68
5960,2010,40,1,253.35
5961,2011,180,1,297.4
5962,2011,189,1,154.74
5963,2011,139,4,248.86
5964,2012,148,2,481.01
5965,2012,61,2,296.51
5966,2012,143,4,180.37
5967,2012,92,1,87.13
5968,2013,111,3,33.38
5969,2013,134,3,320.09
5970,2013,92,2,415.62
5971,2014,180,4,356.75
5972,2014,123,2,205.24
5973,2014,45,1,371.13
5974,2015,33,2,184.39
5975,2015,56,3,369.87
5976,2015,21,4,88.54
5977,2015,41,2,95.87
5978,2016,137,2,179.57
5979,2017,194,3,226.37
5980,2017,142,4,98.41
5981,2018,166,1,49.87
5982,2018,44,2,126.61
5983,2019,146,2,299.04
5984,2019,4,4,200.24
5985,2019,178,4,24.68
5986,2020,68,3,414.88
5987,2021,111,2,96.63
5988,2021,123,3,325.27
5989,2021,5,2,309.19
5990,2022,57,2,188.51
5991,2022,52,2,71.56
5992,2022,77,4,51.35
5993,2022,152,2,194.25
5994,2022,2,1,212.84
5995,2023,119,4,331.24
5996,2023,83,4,144.09
5997,2024,122,4,435.8
5998,2025,182,3,10.11
5999,2025,147,3,117.99
6000,2026,109,1,225.12
6001,2026,109,2,429.41
6002,2026,173,1,106.77
6003,2027,30,1,323.24
6004,2027,159,3,145.14
6005,2027,24,4,153.34
6006,2027,52,1,197.6
6007,2028,192,2,232.58
6008,2029,134,3,240.92
6009,2029,108,1,213.88
6010,2029,178,2,396.07
6011,2029,155,3,94.13
6012,2030,110,1,239.32
6013,2030,88,1,258.24
6014,2030,113,1,499.01
6015,2031,158,2,90.36
6016,2031,179,2,25.38
6017,2031,44,3,282.38
6018,2031,114,3,136.97
6019,2031,69,1,385.45
6020,2032,89,4,391.55
6021,2032,51,4,288.44
6022,2032,115,1,86.93
6023,2033,95,2,192.36
6024,2033,195,2,211.92
6025,2033,146,1,144.03
6026,2033,120,2,102.94
6027,2033,112,3,36.29
6028,2034,87,2,252.93
6029,2034,87,3,243.45
6030,2034,69,2,50.23
6031,2034,186,3,121.06
6032,2034,200,1,418.44
6033,2035,123,1,134.62
6034,2035,110,1,155.84
6035,2036,76,2,230.53
6036,2037,71,2,231.23
6037,2037,102,4,45.77
6038,2037,193,4,422.4
6039,2038,66,4,425.29
6040,2038,34,4,378.73
6041,2038,104,1,187.03
6042,2038,77,1,262.14
6043,2039,147,1,469.5
6044,2039,39,4,240.31
6045,2039,179,2,290.55
6046,2039,29,1,389.65
6047,2039,79,3,25.3
6048,2040,6,3,488.27
6049,2040,94,4,377.68
6050,2040,110,1,172.04
6051,2040,10,2,354.41
6052,2041,152,2,109.58
6053,2041,102,4,324.08
6054,2041,171,2,16.02
6055,2041,104,4,351.92
6056,2042,35,2,368.77
6057,2042,108,4,444.49
6058,2042,122,3,389.17
6059,2042,158,1,386.69
6060,2042,116,4,167.9
6061,2043,12,4,238.01
6062,2043,53,4,106.15
6063,2043,175,2,349.71
6064,2043,178,4,493.77
6065,2043,7,3,400.42
6066,2044,172,3,287.65
6067,2045,16,3,325.72
6068,2045,144,4,383.67
6069,2045,196,1,274.81
6070,2045,103,4,19.72
6071,2046,16,1,204.1
6072,2046,42,1,239.91
6073,2047,46,1,338.09
6074,2047,146,2,247.82
6075,2047,144,2,212.25
6076,2047,83,2,387.44
6077,2047,60,4,49.77
6078,2048,109,3,307.32
6079,2048,44,4,295.72
6080,2048,41,1,107.09
6081,2048,179,2,486.38
6082,2048,23,2,479.03
6083,2049,29,3,182.6
6084,2050,116,1,496.97
6085,2050,154,2,36.44
6086,2050,88,4,98.98
6087,2050,95,3,498.14
6088,2051,60,3,331.05
6089,2051,63,1,350.2
6090,2051,178,1,235.62
6091,2052,121,1,196.25
6092,2052,97,3,333.35
6093,2052,174,1,175.15
6094,2052,166,1,55.96
6095,2053,186,2,451.12
6096,2053,168,1,167.64
6097,2053,52,4,388.48
6098,2053,30,4,31.93
6099,2053,154,2,209.07
6100,2054,13,2,20.39
6101,2054,162,1,261.2
6102,2054,17,4,83.87
6103,2054,39,2,302.32
6104,2055,167,3,417.3
6105,2055,135,3,377.37
6106,2056,38,3,475.95
6107,2056,48,4,317.52
6108,2056,23,1,212.38
6109,2056,1,4,468.84
6110,2057,99,1,89.89
6111,2057,121,4,199.0
6112,2057,4,1,267.54
6113,2057,5,2,314.33
6114,2057,117,1,319.62
6115,2058,50,3,143.9
6116,2058,56,3,402.52
6117,2058,98,2,322.75
6118,2058,86,4,450.5
6119,2059,189,3,406.2
6120,2060,42,3,111.4
6121,2060,153,1,294.86
6122,2060,40,2,231.97
6123,2061,142,3,287.09
6124,2061,104,1,128.71
6125,2062,34,3,124.93
6126,2063,11,3,180.66
6127,2063,179,4,131.64
6128,2063,193,1,351.46
6129,2064,200,3,341.44
6130,2064,63,4,414.4
6131,2064,70,2,63.83
6132,2065,128,2,261.3
6133,2065,71,4,208.5
6134,2065,51,2,119.26
6135,2065,10,4,204.6
6136,2066,136,4,145.43
6137,2066,19,2,189.55
6138,2066,80,4,484.06
6139,2066,171,2,71.77
6140,2066,13,3,97.07
6141,2067,43,4,284.02
6142,2067,33,1,195.0
6143,2068,146,4,92.58
6144,2068,89,4,307.09
6145,2068,152,2,296.05
6146,2068,189,2,111.59
6147,2069,103,4,356.51
6148,2069,116,2,189.22
6149,2069,200,4,11.12
6150,2069,32,2,131.13
6151,2070,65,2,52.34
6152,2070,52,2,488.14
6153,2070,154,1,81.61
6154,2070,33,4,9.87
6155,2070,2,1,148.35
6156,2071,38,1,478.51
6157,2071,79,2,427.19
6158,2071,73,1,112.77
6159,2071,31,1,106.04
6160,2072,83,2,451.06
6161,2072,140,4,70.54
6162,2072,152,4,323.99
6163,2072,172,4,152.08
6164,2073,3,3,312.44
6165,2073,182,2,32.53
6166,2073,47,2,171.73
6167,2074,125,4,216.91
6168,2074,27,3,281.56
6169,2074,159,4,66.93
6170,2074,146,1,326.27
6171,2074,95,4,269.3
6172,2075,122,3,126.77
6173,2076,158,4,207.47
6174,2076,135,4,288.08
6175,2076,123,2,380.06
6176,2076,167,3,425.54
6177,2077,79,4,132.53
6178,2077,182,2,162.4
6179,2078,124,3,425.96
6180,2078,25,1,30.66
6181,2079,165,2,41.27
6182,2079,90,1,116.75
6183,2080,12,2,349.03
6184,2080,160,1,297.44
6185,2081,54,4,24.96
6186,2081,77,2,406.13
6187,2082,115,3,277.23
6188,2082,1,3,249.22
6189,2082,7,4,376.15
6190,2083,199,2,161.03
6191,2083,17,1,347.45
6192,2084,20,1,394.28
6193,2084,162,1,488.84
6194,2084,177,3,49.47
6195,2085,138,3,43.84
6196,2085,91,4,100.33
6197,2086,19,3,256.9
6198,2086,89,3,274.58
6199,2086,21,1,163.88
6200,2086,116,3,139.27
6201,2086,159,4,336.19
6202,2087,102,1,325.07
6203,2088,13,3,10.6
6204,2089,82,3,63.03
6205,2089,71,1,497.26
6206,2089,64,2,93.21
6207,2090,175,2,296.34
6208,2091,62,3,458.09
6209,2092,176,3,316.03
6210,2092,178,1,331.74
6211,2092,137,1,80.02
6212,2092,83,2,306.0
6213,2093,73,4,356.1
6214,2093,53,2,362.58
6215,2093,88,4,70.41
6216,2093,15,2,304.43
6217,2094,6,1,382.23
6218,2094,111,4,26.07
6219,2094,185,4,496.24
6220,2095,11,1,301.75
6221,2095,158,1,272.72
6222,2096,21,1,103.85
6223,2096,38,4,192.39
6224,2097,71,3,282.63
6225,2097,88,2,401.17
6226,2097,62,2,330.78
6227,2097,29,4,21.01
6228,2097,117,2,77.64
6229,2098,121,1,240.64
6230,2098,70,3,357.03
6231,2098,76,4,364.57
6232,2098,15,2,459.67
6233,2098,51,1,224.68
6234,2099,191,1,412.32
6235,2099,147,3,365.95
6236,2099,148,3,213.51
6237,2099,125,4,498.91
6238,2100,64,3,353.05
6239,2100,148,4,461.81
6240,2101,36,4,41.47
6241,2102,34,3,245.65
6242,2103,56,4,260.88
6243,2104,101,2,25.56
6244,2105,3,3,26.79
6245,2105,188,1,325.25
6246,2105,110,3,419.52
6247,2105,160,1,10.42
6248,2106,152,1,494.28
6249,2107,37,3,71.95
6250,2108,41,2,384.86
6251,2108,118,3,286.37
6252,2108,179,3,119.48
6253,2109,101,1,29.52
6254,2109,184,4,26.28
6255,2110,127,3,332.49
6256,2110,66,3,490.83
6257,2110,152,2,26.7
6258,2111,73,3,463.24
6259,2111,58,1,66.56
6260,2111,5,1,360.59
6261,2111,153,4,177.19
6262,2111,90,2,145.28
6263,2112,102,4,82.67
6264,2112,43,3,78.96
6265,2112,127,4,30.9
6266,2113,4,2,484.91
6267,2113,105,1,406.38
6268,2113,36,3,273.17
6269,2113,8,4,10.19
6270,2114,104,1,69.89
6271,2114,91,1,186.16
6272,2114,94,1,40.15
6273,2114,51,1,38.59
6274,2115,128,1,161.44
6275,2115,14,3,265.65
6276,2115,147,1,189.84
6277,2115,46,3,154.6
6278,2116,84,3,223.96
6279,2116,68,1,356.28
6280,2116,68,3,110.83
6281,2116,175,3,348.73
6282,2116,120,1,163.06
6283,2117,189,1,380.44
6284,2117,135,4,220.19
6285,2117,191,3,424.57
6286,2117,104,2,217.69
6287,2117,100,1,279.1
6288,2118,127,3,315.46
6289,2118,144,4,201.01
6290,2118,2,3,344.9
6291,2118,13,2,485.43
6292,2118,191,4,424.54
6293,2119,68,2,428.49
6294,2119,165,1,284.01
6295,2119,42,1,303.72
6296,2119,111,4,124.74
6297,2119,49,2,346.65
6298,2120,175,2,109.11
6299,2120,104,3,133.24
6300,2121,83,2,382.73
6301,2121,102,4,191.15
6302,2122,67,2,222.45
6303,2122,61,2,115.8
6304,2123,12,2,122.96
6305,2123,47,1,289.74
6306,2124,109,2,117.84
6307,2125,72,3,73.46
6308,2125,77,4,331.62
6309,2125,155,2,445.28
6310,2125,3,4,169.04
6311,2125,83,1,167.49
6312,2126,100,1,457.85
6313,2126,114,3,221.03
6314,2127,18,2,277.8
6315,2127,57,1,19.58
6316,2127,184,4,395.36
6317,2127,63,2,338.35
6318,2127,48,4,496.48
6319,2128,127,4,236.38
6320,2128,56,2,469.92
6321,2129,102,4,464.65
6322,2130,114,1,107.63
6323,2131,97,1,170.85
6324,2131,81,2,313.83
6325,2132,162,3,46.98
6326,2132,10,4,396.59
6327,2133,127,3,14.16
6328,2133,166,4,239.26
6329,2134,43,4,229.45
6330,2134,36,3,286.74
6331,2134,1,4,416.05
6332,2134,4,1,126.33
6333,2134,104,2,403.4
6334,2135,68,4,365.82
6335,2135,73,4,137.3
6336,2135,153,4,324.62
6337,2135,54,1,263.75
6338,2136,174,4,375.54
6339,2136,139,3,421.85
6340,2136,154,1,132.56
6341,2136,181,4,22.02
6342,2136,190,3,407.86
6343,2137,180,2,75.75
6344,2137,107,4,151.82
6345,2137,33,2,373.92
6346,2137,152,3,447.13
6347,2137,26,2,54.92
6348,2138,181,1,331.96
6349,2138,27,3,309.88
6350,2138,144,3,117.85
6351,2138,5,1,351.4
6352,2138,47,4,221.28
6353,2139,50,3,469.83
6354,2139,77,2,414.22
6355,2140,102,4,374.53
6356,2140,179,4,36.79
6357,2140,132,2,454.95
6358,2141,135,4,33.62
6359,2141,169,3,38.36
6360,2141,134,1,195.29
6361,2141,20,2,350.46
6362,2142,103,3,236.43
6363,2142,148,3,198.75
6364,2142,193,3,260.08
6365,2143,69,4,100.43
6366,2143,174,2,485.68
6367,2143,159,4,81.31
6368,2143,102,1,30.09
6369,2143,140,1,289.1
6370,2144,99,4,70.54
6371,2145,92,3,367.57
6372,2145,176,4,475.79
6373,2145,85,4,334.43
6374,2146,84,3,444.79
6375,2146,91,1,495.64
6376,2146,45,3,237.78
6377,2147,14,4,264.27
6378,2148,136,2,149.13
6379,2148,15,3,40.29
6380,2148,98,3,131.4
6381,2148,28,2,91.69
6382,2149,18,4,466.81
6383,2149,2,2,401.83
6384,2149,52,2,267.0
6385,2150,5,2,419.07
6386,2150,121,1,366.44
6387,2150,116,1,479.37
6388,2150,105,2,27.56
6389,2151,40,2,258.78
6390,2151,106,1,90.81
6391,2151,178,3,367.0
6392,2152,58,1,491.64
6393,2152,199,3,374.62
6394,2152,55,3,335.65
6395,2152,4,4,320.8
6396,2152,156,4,300.21
6397,2153,35,3,171.63
6398,2153,40,3,59.21
6399,2153,93,4,306.65
6400,2153,135,1,152.92
6401,2154,53,3,377.99
6402,2154,97,4,153.08
6403,2154,131,1,288.65
6404,2154,128,2,288.65
6405,2155,150,1,74.48
6406,2155,111,1,88.45
6407,2155,158,3,138.78
6408,2156,24,3,456.12
6409,2156,154,2,169.4
6410,2157,120,2,422.97
6411,2158,25,4,334.17
6412,2158,121,3,268.63
6413,2159,94,1,329.87
6414,2159,18,4,370.22
6415,2159,176,2,104.73
6416,2159,129,2,420.35
6417,2159,82,4,349.68
6418,2160,147,4,83.79
6419,2161,110,1,369.73
6420,2161,93,4,359.63
6421,2162,118,4,420.13
6422,2162,75,2,53.84
6423,2163,99,4,94.99
6424,2164,96,1,490.95
6425,2165,139,2,150.98
6426,2165,38,4,412.55
6427,2165,88,3,210.09
6428,2165,141,1,467.11
6429,2166,35,4,363.84
6430,2166,57,4,63.93
6431,2167,7,2,442.53
6432,2167,59,4,341.26
6433,2167,147,1,22.78
6434,2167,196,4,161.6
6435,2167,70,4,32.54
6436,2168,120,4,292.56
6437,2168,181,3,39.95
6438,2168,114,4,250.72
6439,2169,135,1,494.47
6440,2169,140,1,422.28
6441,2169,192,2,234.07
6442,2169,17,3,293.68
6443,2169,83,4,303.25
6444,2170,95,4,87.99
6445,2170,141,2,255.24
6446,2170,141,4,208.46
6447,2171,5,4,202.3
6448,2171,39,2,298.87
6449,2172,30,1,317.86
6450,2172,86,1,275.86
6451,2173,40,4,424.43
6452,2174,197,2,408.66
6453,2174,7,4,8.49
6454,2174,103,4,359.06
6455,2174,153,1,437.17
6456,2174,13,4,295.14
6457,2175,151,2,196.87
6458,2175,156,2,115.83
6459,2176,170,3,305.7
6460,2176,117,1,125.09
6461,2176,81,1,213.26
6462,2176,84,4,257.96
6463,2177,49,3,180.39
6464,2177,115,1,401.18
6465,2178,197,2,420.73
6466,2179,83,3,173.43
6467,2180,174,1,181.95
6468,2180,165,1,264.77
6469,2180,159,2,260.71
6470,2180,182,3,135.39
6471,2181,138,2,56.81
6472,2181,20,3,36.63
6473,2181,124,1,327.44
6474,2181,180,1,377.51
6475,2181,59,3,426.16
6476,2182,114,1,165.53
6477,2182,193,4,410.47
6478,2182,199,1,373.11
6479,2182,150,4,439.78
6480,2182,116,4,271.17
6481,2183,164,3,403.13
6482,2183,161,3,181.79
6483,2184,106,4,289.38
6484,2184,76,1,457.91
6485,2184,60,4,364.19
6486,2185,17,4,112.87
6487,2186,123,2,380.4
6488,2186,130,2,434.96
6489,2186,91,4,186.2
6490,2187,181,2,332.96
6491,2187,60,1,256.98
6492,2187,144,2,356.78
6493,2187,35,1,169.06
6494,2187,95,3,323.05
6495,2188,45,3,49.78
6496,2188,189,3,39.14
6497,2189,64,4,399.56
6498,2189,7,4,455.64
6499,2189,77,3,398.38
6500,2189,121,3,197.44
6501,2189,187,1,175.96
6502,2190,140,3,326.9
6503,2190,161,4,137.53
6504,2190,157,1,215.22
6505,2191,4,2,449.29
6506,2191,20,1,205.22
6507,2191,142,1,324.54
6508,2192,59,3,419.7
6509,2193,179,1,354.09
6510,2193,66,2,348.53
6511,2193,116,3,17.79
6512,2193,33,2,270.33
6513,2194,198,1,406.89
6514,2194,109,3,484.78
6515,2195,186,4,355.0
6516,2195,48,1,281.13
6517,2195,49,4,191.67
6518,2195,118,1,301.89
6519,2195,97,4,209.86
6520,2196,36,3,374.57
6521,2197,45,1,71.54
6522,2197,33,2,341.62
6523,2197,57,3,308.79
6524,2198,54,4,486.11
6525,2199,125,3,310.51
6526,2199,5,1,239.8
6527,2199,116,1,167.06
6528,2199,163,3,141.66
6529,2200,76,1,310.31
6530,2200,55,2,389.55
6531,2200,90,1,231.67
6532,2201,112,3,74.36
6533,2201,97,1,59.47
6534,2201,99,2,247.36
6535,2202,18,3,368.86
6536,2202,165,4,447.35
6537,2203,150,2,321.48
6538,2203,125,4,190.94
6539,2203,68,1,152.82
6540,2204,141,3,6.23
6541,2204,46,3,174.92
6542,2205,200,3,463.05
6543,2205,66,4,243.15
6544,2205,47,2,288.47
6545,2206,60,1,130.08
6546,2206,93,3,192.1
6547,2207,176,4,149.74
6548,2207,51,2,182.01
6549,2207,30,3,349.86
6550,2208,133,4,296.87
6551,2208,82,2,36.45
6552,2208,177,1,148.31
6553,2208,150,3,146.28
6554,2208,113,4,327.06
6555,2209,50,1,350.69
6556,2209,96,1,34.59
6557,2209,186,4,482.69
6558,2209,22,3,107.03
6559,2209,22,3,50.59
6560,2210,111,4,269.76
6561,2210,44,1,472.92
6562,2211,20,4,53.17
6563,2211,158,4,317.28
6564,2211,82,4,154.09
6565,2211,85,4,420.28
6566,2211,105,1,75.68
6567,2212,63,1,189.28
6568,2212,68,2,354.83
6569,2213,9,1,96.42
6570,2213,14,2,479.67
6571,2213,111,3,488.52
6572,2213,177,3,455.43
6573,2214,44,3,371.75
6574,2214,25,3,395.19
6575,2215,123,1,56.03
6576,2215,20,3,163.28
6577,2215,151,2,14.45
6578,2215,103,4,446.95
6579,2216,33,2,427.18
6580,2216,72,1,20.6
6581,2217,34,2,334.1
6582,2217,13,3,192.0
6583,2217,168,1,52.32
6584,2217,170,1,425.92
6585,2217,30,2,131.73
6586,2218,148,1,100.26
6587,2218,165,2,184.99
6588,2219,55,2,125.41
6589,2220,106,3,169.96
6590,2220,56,3,96.91
6591,2220,103,3,387.39
6592,2221,110,1,90.77
6593,2221,150,4,217.55
6594,2221,69,2,373.98
6595,2221,187,3,127.52
6596,2222,161,2,141.98
6597,2222,147,3,92.79
6598,2222,121,2,181.32
6599,2222,199,1,170.63
6600,2223,95,3,283.55
6601,2223,17,3,246.52
6602,2223,100,2,188.02
6603,2223,64,1,311.7
6604,2224,27,3,239.0
6605,2224,95,2,128.36
6606,2224,149,3,83.83
6607,2225,196,4,219.98
6608,2225,82,2,172.34
6609,2225,144,4,68.0
6610,2226,87,2,81.28
6611,2226,52,4,249.46
6612,2226,152,2,152.42
6613,2226,87,4,45.49
6614,2226,165,4,432.39
6615,2227,191,2,165.37
6616,2227,55,3,208.36
6617,2228,64,1,209.41
6618,2228,26,4,366.71
6619,2228,38,3,284.93
6620,2228,152,2,309.88
6621,2229,107,1,180.47
6622,2230,26,4,448.98
6623,2231,23,1,126.2
6624,2231,128,2,239.62
6625,2231,98,1,238.41
6626,2231,43,1,471.78
6627,2232,109,4,479.67
6628,2232,183,1,280.19
6629,2232,36,4,367.3
6630,2232,147,2,63.32
6631,2232,32,3,202.12
6632,2233,198,4,201.45
6633,2233,83,3,419.97
6634,2233,192,2,197.36
6635,2234,193,4,106.53
6636,2234,49,1,232.7
6637,2234,192,3,10.62
6638,2235,130,1,496.77
6639,2235,29,2,322.81
6640,2235,180,4,360.71
6641,2236,159,4,228.49
6642,2237,175,2,113.13
6643,2237,57,1,21.27
6644,2237,100,1,89.06
6645,2237,198,1,61.23
6646,2238,155,3,367.03
6647,2238,9,1,101.37
6648,2238,60,3,486.17
6649,2238,56,4,459.23
6650,2238,108,4,330.11
6651,2239,26,3,27.57
6652,2239,145,3,48.86
6653,2239,16,1,433.16
6654,2239,127,2,23.66
6655,2239,65,1,56.35
6656,2240,168,1,386.97
6657,2240,13,3,329.8
6658,2240,42,1,79.51
6659,2240,144,4,427.34
6660,2240,31,4,458.41
6661,2241,155,1,126.99
6662,2241,37,1,477.61
6663,2241,198,2,132.62
6664,2241,191,3,154.67
6665,2241,67,2,498.22
6666,2242,20,4,35.38
6667,2242,123,1,245.4
6668,2243,53,4,34.09
6669,2244,180,1,396.4
6670,2245,181,1,293.57
6671,2245,80,1,498.2
6672,2246,42,1,148.22
6673,2247,118,3,161.97
6674,2247,125,1,387.44
6675,2247,156,2,485.03
6676,2247,122,3,247.98
6677,2247,76,4,97.82
6678,2248,21,1,459.4
6679,2248,128,3,309.26
6680,2248,29,4,65.45
6681,2248,148,3,88.81
6682,2248,165,2,63.89
6683,2249,182,2,45.79
6684,2250,14,4,300.42
6685,2250,111,2,197.33
6686,2250,105,3,408.0
6687,2251,45,4,371.1
6688,2251,20,1,73.77
6689,2251,94,3,245.85
6690,2252,150,3,262.7
6691,2252,92,4,198.26
6692,2252,73,2,490.68
6693,2252,8,3,57.45
6694,2253,116,3,469.84
6695,2253,103,2,185.98
6696,2253,200,3,443.82
6697,2253,48,4,320.89
6698,2254,100,4,70.97
6699,2254,168,3,205.52
6700,2255,3,4,16.16
6701,2255,11,1,150.56
6702,2255,168,3,60.06
6703,2255,57,1,493.48
6704,2256,47,3,25.06
6705,2256,180,4,390.12
6706,2256,27,1,6.7
6707,2256,164,4,207.54
6708,2257,195,1,245.5
6709,2257,138,2,8.82
6710,2257,105,2,100.13
6711,2258,90,2,74.3
6712,2259,47,2,280.25
6713,2259,73,1,270.34
6714,2260,135,2,182.17
6715,2260,156,3,20.82
6716,2261,186,3,228.92
6717,2262,96,1,353.74
6718,2262,64,3,335.17
6719,2263,82,4,464.18
6720,2263,43,2,462.15
6721,2264,31,3,478.47
6722,2264,143,1,301.4
6723,2264,119,2,19.46
6724,2265,19,1,448.0
6725,2266,183,3,125.08
6726,2266,20,3,436.44
6727,2266,33,1,465.27
6728,2267,143,4,400.93
6729,2267,74,2,277.55
6730,2267,45,1,322.57
6731,2267,173,2,16.17
6732,2268,144,1,338.48
6733,2268,59,4,281.36
6734,2268,198,1,335.48
6735,2268,25,2,412.83
6736,2269,62,4,300.15
6737,2269,4,3,408.09
6738,2269,142,3,479.12
6739,2270,152,3,350.45
6740,2270,6,3,97.35
6741,2270,189,1,417.89
6742,2271,164,1,346.29
6743,2271,92,2,262.31
6744,2271,140,4,12.31
6745,2271,18,1,197.31
6746,2271,108,4,124.09
6747,2272,114,1,46.08
6748,2272,82,2,224.86
6749,2272,24,2,212.04
6750,2273,151,1,74.31
6751,2273,57,1,258.45
6752,2273,50,4,362.83
6753,2274,164,4,151.4
6754,2274,78,4,388.07
6755,2275,3,3,339.28
6756,2275,62,2,450.97
6757,2275,45,2,154.23
6758,2276,21,4,356.17
6759,2276,79,1,361.47
6760,2276,88,2,471.44
6761,2277,84,3,161.09
6762,2278,99,2,417.88
6763,2279,42,3,86.45
6764,2280,196,2,114.7
6765,2280,37,3,339.45
6766,2281,57,1,164.47
6767,2281,138,2,265.05
6768,2282,6,2,304.52
6769,2282,101,2,452.89
6770,2282,177,1,224.1
6771,2283,41,2,415.46
6772,2283,7,3,48.07
6773,2283,119,2,453.06
6774,2284,46,4,194.31
6775,2284,54,4,429.93
6776,2284,2,4,114.54
6777,2284,33,3,377.0
6778,2284,56,1,420.31
6779,2285,12,3,268.16
6780,2285,92,1,96.55
6781,2285,12,4,52.13
6782,2285,150,1,57.59
6783,2285,62,2,109.76
6784,2286,155,4,46.95
6785,2286,16,1,33.78
6786,2286,6,2,355.82
6787,2286,166,3,217.99
6788,2287,88,4,359.19
6789,2287,174,3,351.51
6790,2288,91,3,6.22
6791,2288,116,2,117.32
6792,2288,74,3,364.84
6793,2289,22,4,327.19
6794,2289,120,4,458.44
6795,2290,85,4,148.36
6796,2290,188,3,419.74
6797,2290,114,1,392.27
6798,2291,194,3,101.93
6799,2291,158,1,460.4
6800,2291,172,4,487.15
6801,2292,88,1,175.58
6802,2292,169,4,325.81
6803,2292,195,4,38.11
6804,2292,7,2,279.12
6805,2293,141,1,206.36
6806,2293,19,1,82.16
6807,2293,63,1,339.21
6808,2293,101,4,314.9
6809,2294,99,4,318.14
6810,2295,35,2,103.22
6811,2295,125,1,271.88
6812,2296,36,4,410.27
6813,2297,95,4,114.23
6814,2297,128,1,46.15
6815,2297,39,3,100.32
6816,2297,11,1,469.79
6817,2297,63,4,415.94
6818,2298,193,2,437.48
6819,2298,180,1,107.55
6820,2298,67,4,175.57
6821,2298,169,4,193.09
6822,2298,54,2,485.59
6823,2299,27,4,331.26
6824,2299,52,4,209.3
6825,2299,146,1,441.78
6826,2300,36,1,51.65
6827,2300,200,3,335.31
6828,2300,8,4,402.9
6829,2300,42,4,199.5
6830,2300,48,4,225.33
6831,2301,17,2,246.49
6832,2301,72,3,471.82
6833,2301,57,2,247.06
6834,2302,81,4,308.73
6835,2302,106,3,266.82
6836,2302,131,3,296.4
6837,2302,41,2,142.95
6838,2303,182,3,416.08
6839,2303,6,3,206.36
6840,2303,36,3,7.88
6841,2304,146,4,166.86
6842,2304,137,3,430.08
6843,2305,197,2,376.59
6844,2305,107,4,93.76
6845,2305,60,3,352.57
6846,2305,158,4,294.23
6847,2306,36,1,69.84
6848,2306,29,3,221.36
6849,2306,169,3,451.01
6850,2307,75,4,233.43
6851,2307,177,1,147.0
6852,2308,119,2,189.92
6853,2308,134,3,350.57
6854,2308,14,4,16.99
6855,2308,59,2,51.34
6856,2308,116,2,388.21
6857,2309,178,1,463.6
6858,2309,179,3,161.74
6859,2310,103,4,10.82
6860,2310,51,4,316.92
6861,2310,172,2,425.11
6862,2310,134,4,104.23
6863,2311,39,1,411.74
6864,2311,13,3,254.17
6865,2312,65,2,106.27
6866,2312,193,2,214.32
6867,2312,116,4,16.36
6868,2312,131,2,469.56
6869,2313,104,4,363.27
6870,2313,164,1,350.17
6871,2313,98,1,426.65
6872,2313,164,3,305.26
6873,2313,74,4,438.97
6874,2314,144,3,459.03
6875,2315,30,2,77.06
6876,2316,145,2,190.23
6877,2317,28,3,149.43
6878,2318,136,1,272.74
6879,2318,13,2,476.07
6880,2318,188,1,146.49
6881,2319,73,1,139.61
6882,2320,99,3,42.54
6883,2320,55,3,99.51
6884,2320,163,1,140.85
6885,2320,166,2,241.27
6886,2321,130,1,102.56
6887,2321,160,1,56.04
6888,2321,104,3,193.81
6889,2322,116,3,22.87
6890,2322,156,1,81.61
6891,2322,119,1,205.38
6892,2322,156,2,244.45
6893,2323,28,3,260.4
6894,2324,109,1,47.17
6895,2324,147,4,414.17
6896,2324,99,4,181.34
6897,2324,189,2,333.68
6898,2324,41,4,37.51
6899,2325,8,3,484.98
6900,2325,138,2,190.59
6901,2325,66,3,323.59
6902,2326,109,3,222.67
6903,2326,39,3,127.22
6904,2326,62,2,291.36
6905,2327,73,2,197.01
6906,2327,169,2,51.66
6907,2328,144,1,37.94
6908,2328,85,3,464.87
6909,2328,110,4,304.35
6910,2329,2,2,395.4
6911,2329,88,2,83.01
6912,2330,123,4,217.85
6913,2330,144,2,131.25
6914,2331,43,3,67.26
6915,2332,110,1,484.3
6916,2332,2,4,410.0
6917,2332,2,4,66.91
6918,2333,196,2,280.01
6919,2333,184,2,475.31
6920,2333,122,4,230.66
6921,2333,192,1,64.83
6922,2334,36,3,68.49
6923,2334,188,4,327.97
6924,2334,100,2,5.54
6925,2335,114,1,77.48
6926,2336,37,2,151.13
6927,2336,75,4,112.22
6928,2336,174,1,177.66
6929,2337,121,1,379.91
6930,2337,183,4,467.66
6931,2337,174,4,58.63
6932,2337,94,4,178.18
6933,2338,105,3,25.14
6934,2338,157,4,264.39
6935,2338,61,2,147.35
6936,2338,69,1,13.65
6937,2339,42,3,472.76
6938,2339,173,4,342.66
6939,2340,160,2,478.81
6940,2340,47,2,419.71
6941,2340,149,1,381.32
6942,2340,63,1,232.03
6943,2341,172,2,213.56
6944,2341,196,1,170.61
6945,2341,164,1,45.89
6946,2341,85,1,373.88
6947,2342,102,2,212.43
6948,2343,35,4,177.58
6949,2344,120,3,300.95
6950,2344,143,2,114.23
6951,2344,74,2,182.29
6952,2345,48,1,145.43
6953,2345,104,4,287.22
6954,2345,65,4,125.02
6955,2345,182,4,492.55
6956,2345,100,3,341.0
6957,2346,54,1,471.49
6958,2347,169,4,214.52
6959,2347,38,2,158.64
6960,2348,152,2,494.31
6961,2348,128,2,148.6
6962,2348,11,1,346.16
6963,2349,140,4,333.72
6964,2350,5,3,47.58
6965,2350,7,3,143.5
6966,2350,37,4,439.32
6967,2350,103,2,366.17
6968,2351,82,4,423.28
6969,2351,56,4,301.14
6970,2352,23,1,33.15
6971,2353,135,2,37.65
6972,2354,187,1,405.72
6973,2355,45,2,171.28
6974,2356,86,2,314.37
6975,2357,13,3,354.61
6976,2357,163,4,211.49
6977,2358,101,2,269.23
6978,2358,165,1,258.36
6979,2358,22,2,492.6
6980,2358,173,4,262.36
6981,2359,200,4,447.59
6982,2359,66,4,424.17
6983,2359,89,2,41.46
6984,2360,90,2,338.8
6985,2361,157,4,251.11
6986,2362,159,3,489.47
6987,2362,25,1,374.76
6988,2362,36,4,305.17
6989,2362,122,4,368.06
6990,2363,104,4,216.43
6991,2364,127,4,202.07
6992,2364,33,2,207.54
6993,2364,61,4,274.65
6994,2364,171,3,17.16
6995,2364,187,4,440.15
6996,2365,103,2,298.1
6997,2365,48,4,218.97
6998,2365,114,1,287.09
6999,2365,177,2,226.54
7000,2366,84,2,97.69
7001,2366,165,1,234.58
7002,2366,149,2,405.17
7003,2366,145,1,72.11
7004,2367,123,4,80.39
7005,2367,83,4,193.19
7006,2367,7,2,456.51
7007,2367,95,1,161.96
7008,2368,32,4,59.13
7009,2368,200,4,168.18
7010,2368,142,2,287.97
7011,2369,91,4,178.7
7012,2369,24,4,44.74
7013,2369,30,3,265.16
7014,2369,11,1,437.15
7015,2369,93,1,7.16
7016,2370,70,2,263.81
7017,2370,115,4,178.04
7018,2370,119,1,315.1
7019,2371,151,2,13.92
7020,2371,27,2,173.25
7021,2372,101,1,249.24
7022,2372,44,1,203.74
7023,2372,165,3,78.87
7024,2372,47,2,117.4
7025,2372,49,4,304.34
7026,2373,5,4,88.23
7027,2373,11,1,392.32
7028,2373,128,2,14.81
7029,2373,35,3,393.82
7030,2373,99,4,73.75
7031,2374,94,2,237.44
7032,2374,189,3,497.1
7033,2374,179,3,249.93
7034,2374,177,1,404.35
7035,2375,101,3,451.14
7036,2375,174,4,131.58
7037,2375,185,4,273.66
7038,2376,166,3,130.31
7039,2376,96,2,130.92
7040,2376,186,1,143.94
7041,2377,138,4,180.2
7042,2377,132,2,334.8
7043,2377,69,2,394.34
7044,2377,144,2,332.37
7045,2377,91,4,316.84
7046,2378,56,4,489.43
7047,2378,77,3,123.97
7048,2378,8,4,239.02
7049,2378,135,4,7.26
7050,2379,63,2,387.7
7051,2379,167,4,386.87
7052,2379,157,2,330.16
7053,2380,63,4,498.42
7054,2380,177,3,433.93
7055,2380,9,3,16.77
7056,2381,16,3,497.29
7057,2381,9,2,268.35
7058,2381,103,4,86.77
7059,2382,118,2,143.78
7060,2383,146,1,349.99
7061,2383,115,2,457.77
7062,2384,81,3,319.29
7063,2384,89,1,124.64
7064,2384,8,1,213.75
7065,2384,86,3,59.42
7066,2384,10,2,346.12
7067,2385,88,1,330.68
7068,2385,144,1,159.27
7069,2385,88,2,442.94
7070,2386,68,2,413.06
7071,2386,193,4,312.12
7072,2386,195,3,98.1
7073,2386,185,1,60.28
7074,2386,62,3,290.17
7075,2387,92,2,443.04
7076,2387,68,2,277.92
7077,2387,173,4,453.52
7078,2387,171,3,59.95
7079,2388,127,2,266.62
7080,2388,142,3,177.54
7081,2388,88,1,133.47
7082,2389,155,1,294.38
7083,2390,123,3,175.29
7084,2391,177,4,350.78
7085,2391,196,4,72.18
7086,2392,107,4,103.9
7087,2393,25,2,423.7
7088,2393,171,3,416.08
7089,2393,96,4,360.98
7090,2393,196,2,381.72
7091,2394,193,4,19.23
7092,2394,66,1,258.03
7093,2395,41,1,296.63
7094,2395,16,4,287.65
7095,2395,22,4,124.05
7096,2395,61,3,475.16
7097,2396,80,3,21.08
7098,2397,139,2,459.25
7099,2397,33,4,223.15
7100,2397,174,1,474.08
7101,2397,195,2,143.8
7102,2397,59,1,157.75
7103,2398,167,2,33.31
7104,2398,95,2,203.37
7105,2398,94,1,430.22
7106,2399,185,2,58.0
7107,2399,66,2,238.33
7108,2400,97,4,96.48
7109,2400,157,1,59.55
7110,2400,85,3,297.28
7111,2400,192,3,316.21
7112,2401,182,2,325.21
7113,2401,64,4,442.05
7114,2401,96,2,458.1
7115,2401,22,1,344.41
7116,2401,41,4,244.4
7117,2402,5,4,77.8
7118,2402,150,1,474.62
7119,2402,120,2,197.96
7120,2403,116,2,429.33
7121,2404,37,1,373.1
7122,2404,188,4,118.15
7123,2404,159,2,82.58
7124,2404,152,2,201.55
7125,2405,114,2,341.3
7126,2405,112,4,61.38
7127,2405,7,3,72.77
7128,2406,1,4,323.52
7129,2406,89,1,189.71
7130,2406,51,1,130.88
7131,2406,82,1,10.12
7132,2407,199,4,372.49
7133,2407,134,2,282.43
7134,2408,55,3,320.79
7135,2409,153,3,253.98
7136,2409,116,4,28.38
7137,2410,3,2,140.21
7138,2410,176,4,341.31
7139,2410,77,1,270.55
7140,2411,109,1,27.1
7141,2411,63,2,225.97
7142,2412,26,2,126.06
7143,2412,97,1,54.77
7144,2412,80,2,78.7
7145,2413,169,2,184.02
7146,2413,61,2,20.61
7147,2413,141,2,344.14
7148,2413,20,4,263.87
7149,2413,186,4,115.02
7150,2414,138,1,326.01
7151,2414,180,4,495.23
7152,2415,4,4,375.8
7153,2415,152,3,325.77
7154,2415,110,4,96.17
7155,2415,11,1,180.03
7156,2415,21,3,350.88
7157,2416,3,4,61.5
7158,2416,62,3,282.51
7159,2416,8,3,56.58
7160,2416,56,4,8.18
7161,2417,200,1,313.0
7162,2418,67,3,213.06
7163,2418,121,2,310.33
7164,2418,89,3,197.8
7165,2419,117,4,251.77
7166,2419,61,4,225.84
7167,2420,129,4,376.29
7168,2420,109,2,294.4
7169,2420,103,1,71.56
7170,2420,103,4,462.21
7171,2420,113,2,470.28
7172,2421,54,4,53.73
7173,2421,140,4,374.98
7174,2421,12,2,366.07
7175,2421,56,3,335.27
7176,2422,77,4,443.44
7177,2422,46,4,215.01
7178,2422,187,2,5.42
7179,2423,118,4,390.67
7180,2424,161,1,190.42
7181,2424,76,2,60.78
7182,2425,54,4,134.66
7183,2425,7,3,197.21
7184,2425,97,4,298.61
7185,2425,124,1,112.14
7186,2426,1,1,142.76
7187,2426,57,4,343.04
7188,2427,187,2,346.6
7189,2427,21,3,290.44
7190,2427,47,2,390.83
7191,2427,181,1,332.35
7192,2428,99,3,301.16
7193,2429,68,1,191.67
7194,2430,25,1,273.89
7195,2430,44,2,259.21
7196,2430,72,4,66.42
7197,2430,50,1,48.32
7198,2430,30,4,349.78
7199,2431,123,3,340.19
7200,2432,168,3,417.15
7201,2432,123,3,292.91
7202,2432,115,1,161.28
7203,2432,35,1,247.71
7204,2432,29,3,275.41
7205,2433,92,1,278.68
7206,2433,137,1,497.48
7207,2433,3,4,43.1
7208,2433,55,3,206.16
7209,2434,52,1,88.24
7210,2434,119,3,417.24
7211,2434,115,2,373.7
7212,2434,193,4,56.16
7213,2435,106,2,246.56
7214,2435,144,1,48.9
7215,2435,55,1,199.02
7216,2435,43,1,61.35
7217,2435,54,1,252.3
7218,2436,49,2,61.89
7219,2436,57,2,213.69
7220,2436,31,2,43.06
7221,2437,69,1,378.38
7222,2437,12,3,346.18
7223,2437,15,2,240.73
7224,2438,192,3,188.93
7225,2438,199,3,254.24
7226,2438,88,4,452.38
7227,2439,151,1,80.81
7228,2439,72,2,303.86
7229,2439,40,2,455.83
7230,2439,199,3,57.39
7231,2439,70,1,417.65
7232,2440,143,1,316.53
7233,2440,66,4,434.48
7234,2440,46,1,410.36
7235,2441,10,1,349.63
7236,2441,102,2,287.87
7237,2441,67,3,132.81
7238,2441,54,3,162.58
7239,2442,56,1,303.54
7240,2442,3,4,300.92
7241,2442,134,3,388.71
7242,2442,160,1,327.05
7243,2443,149,4,72.13
7244,2443,72,1,283.39
7245,2443,192,2,352.8
7246,2444,85,1,212.18
7247,2444,131,1,37.94
7248,2445,121,2,467.48
7249,2445,116,1,241.72
7250,2445,35,1,242.02
7251,2445,58,3,487.44
7252,2445,181,2,156.29
7253,2446,189,3,51.56
7254,2446,158,2,406.33
7255,2447,48,2,219.77
7256,2447,79,1,51.6
7257,2448,75,3,88.26
7258,2448,195,3,81.87
7259,2448,172,1,82.88
7260,2449,2,3,222.41
7261,2449,90,1,63.42
7262,2449,189,4,330.4
7263,2450,3,3,56.01
7264,2450,127,3,100.24
7265,2450,139,1,449.14
7266,2451,80,2,153.54
7267,2451,84,1,343.77
7268,2451,160,1,256.74
7269,2452,20,1,18.44
7270,2452,52,3,194.75
7271,2452,158,3,94.71
7272,2452,148,2,22.44
7273,2453,123,4,357.01
7274,2453,111,4,301.97
7275,2454,89,2,119.7
7276,2454,99,1,286.5
7277,2454,24,1,314.43
7278,2454,139,2,306.37
7279,2454,5,2,392.8
7280,2455,168,2,150.56
7281,2455,97,4,338.31
7282,2455,132,2,138.73
7283,2456,173,2,476.37
7284,2456,66,2,238.96
7285,2456,27,4,220.91
7286,2457,130,4,389.14
7287,2458,73,2,365.09
7288,2458,46,4,472.17
7289,2459,85,3,15.31
7290,2459,69,2,173.31
7291,2459,6,3,85.73
7292,2459,195,3,306.35
7293,2459,123,1,128.13
7294,2460,73,3,108.72
7295,2460,154,1,420.56
7296,2460,121,4,167.43
7297,2460,67,4,66.68
7298,2461,2,1,382.2
7299,2461,151,3,140.61
7300,2462,55,3,493.05
7301,2462,190,4,335.15
7302,2462,133,4,217.7
7303,2462,151,3,231.21
7304,2463,180,1,436.73
7305,2463,111,1,47.08
7306,2463,67,4,454.55
7307,2463,21,1,481.87
7308,2464,184,4,55.8
7309,2464,101,4,415.49
7310,2464,108,4,365.31
7311,2465,139,4,472.12
7312,2466,126,3,134.08
7313,2466,186,2,106.18
7314,2466,178,2,484.98
7315,2466,95,4,289.86
7316,2467,83,1,324.63
7317,2467,105,4,429.15
7318,2467,148,2,244.81
7319,2468,183,3,451.11
7320,2468,144,4,40.69
7321,2469,43,3,401.76
7322,2469,32,3,479.69
7323,2469,34,3,32.57
7324,2469,175,2,271.76
7325,2469,181,4,216.78
7326,2470,132,1,316.45
7327,2470,195,2,261.06
7328,2470,74,2,380.58
7329,2471,172,4,101.95
7330,2472,5,1,15.76
7331,2472,21,2,222.44
7332,2473,86,1,483.58
7333,2473,157,2,5.76
7334,2473,76,3,77.98
7335,2473,182,4,232.53
7336,2473,135,4,380.7
7337,2474,84,4,77.61
7338,2474,50,4,111.74
7339,2474,78,3,109.59
7340,2474,153,3,204.47
7341,2475,192,2,120.15
7342,2475,138,1,338.76
7343,2475,39,2,115.06
7344,2475,113,4,48.94
7345,2476,57,1,443.52
7346,2476,78,3,433.86
7347,2476,119,4,443.64
7348,2476,45,4,445.65
7349,2477,114,3,349.83
7350,2477,131,4,407.79
7351,2477,68,4,483.26
7352,2477,96,3,343.65
7353,2478,129,3,73.48
7354,2478,91,2,225.83
7355,2478,118,3,439.7
7356,2479,122,4,235.54
7357,2479,143,4,144.29
7358,2480,123,4,236.29
7359,2481,114,3,103.86
7360,2481,23,1,161.96
7361,2481,121,2,327.61
7362,2481,54,1,312.89
7363,2481,15,1,323.46
7364,2482,190,1,399.17
7365,2482,96,4,181.75
7366,2482,130,2,124.87
7367,2483,63,3,329.07
7368,2483,109,3,126.77
7369,2483,47,2,433.13
7370,2484,9,1,431.54
7371,2484,10,3,235.88
7372,2484,147,1,39.72
7373,2484,189,2,408.39
7374,2485,20,1,302.0
7375,2485,196,4,417.61
7376,2485,21,1,276.07
7377,2485,175,3,253.68
7378,2486,103,4,42.87
7379,2486,187,3,237.84
7380,2486,109,1,257.81
7381,2487,125,1,143.93
7382,2487,119,4,202.95
7383,2487,167,4,276.04
7384,2487,38,1,371.49
7385,2487,183,2,187.59
7386,2488,96,1,265.74
7387,2488,159,1,141.73
7388,2488,43,2,347.37
7389,2488,1,2,289.25
7390,2488,48,4,214.29
7391,2489,72,4,341.8
7392,2489,160,4,91.49
7393,2489,40,1,130.42
7394,2490,23,4,191.17
7395,2490,79,4,157.23
7396,2491,142,1,130.4
7397,2491,188,3,87.99
7398,2492,33,1,98.05
7399,2492,156,3,144.6
7400,2492,5,2,458.58
7401,2493,166,2,419.96
7402,2493,22,4,209.74
7403,2493,128,4,154.71
7404,2493,53,1,484.84
7405,2494,130,2,9.29
7406,2495,51,3,450.85
7407,2495,108,3,269.58
7408,2495,21,3,108.97
7409,2496,94,2,348.41
7410,2496,126,3,175.14
7411,2496,160,1,405.38
7412,2496,134,3,354.41
7413,2496,174,1,458.75
7414,2497,85,3,404.79
7415,2497,29,4,233.05
7416,2497,195,2,111.49
7417,2497,53,1,295.86
7418,2498,24,1,367.51
7419,2498,51,1,410.47
7420,2498,99,2,133.26
7421,2498,181,2,159.32
7422,2498,41,1,346.12
7423,2499,119,2,489.15
7424,2499,14,1,90.83
7425,2499,132,3,81.6
7426,2499,50,3,49.89
7427,2499,23,3,363.25
7428,2500,22,3,441.91
7429,2500,92,3,101.91
7430,2501,58,1,98.96
7431,2501,79,3,10.08
7432,2501,113,1,337.5
7433,2502,190,4,183.48
7434,2502,141,3,333.5
7435,2502,81,3,231.03
7436,2502,190,4,122.5
7437,2502,79,3,494.04
7438,2503,190,2,300.83
7439,2503,26,2,206.27
7440,2503,158,3,173.92
7441,2503,15,4,156.86
7442,2503,22,1,16.34
7443,2504,165,4,346.56
7444,2504,24,1,34.14
7445,2504,193,2,84.22
7446,2504,65,2,401.03
7447,2505,37,4,412.99
7448,2505,33,2,345.07
7449,2505,163,4,181.14
7450,2505,164,4,89.4
7451,2505,98,4,477.53
7452,2506,162,3,250.8
7453,2506,182,1,374.15
7454,2507,59,2,332.71
7455,2507,163,3,248.68
7456,2507,195,2,277.88
7457,2507,117,1,353.21
7458,2507,41,2,20.1
7459,2508,144,3,309.76
7460,2508,189,2,130.77
7461,2508,49,4,469.94
7462,2509,23,3,170.67
7463,2509,184,1,168.94
7464,2509,132,1,354.72
7465,2510,5,4,26.74
7466,2510,142,1,90.88
7467,2510,47,3,11.33
7468,2510,92,3,443.77
7469,2511,178,3,25.62
7470,2511,149,1,132.3
7471,2511,22,3,220.65
7472,2511,177,3,106.1
7473,2512,161,3,218.55
7474,2512,35,2,259.84
7475,2512,126,4,365.36
7476,2513,179,2,41.66
7477,2513,100,1,211.26
7478,2513,33,2,422.46
7479,2513,6,1,496.18
7480,2514,98,1,461.44
7481,2514,124,3,334.38
7482,2514,115,1,378.06
7483,2514,158,1,111.09
7484,2514,5,2,167.99
7485,2515,151,3,366.28
7486,2515,144,2,475.62
7487,2515,146,3,157.48
7488,2515,151,1,133.51
7489,2515,145,1,478.73
7490,2516,33,2,296.32
7491,2516,24,4,239.74
7492,2516,164,1,410.94
7493,2516,85,2,67.42
7494,2517,3,3,432.94
7495,2517,195,4,408.27
7496,2517,136,4,418.18
7497,2517,85,4,345.94
7498,2518,95,2,436.96
7499,2518,41,2,359.87
7500,2519,135,2,81.36
7501,2520,112,3,216.41
7502,2521,125,4,321.37
7503,2521,129,1,307.35
7504,2521,103,3,165.35
7505,2521,142,2,242.42
7506,2522,84,4,170.69
7507,2522,21,2,181.92
7508,2522,52,1,469.13
7509,2522,83,3,343.42
7510,2522,182,3,301.85
7511,2523,126,3,271.04
7512,2523,118,3,48.06
7513,2523,176,1,354.35
7514,2523,75,4,343.53
7515,2523,41,4,224.66
7516,2524,158,4,215.08
7517,2525,157,4,181.02
7518,2525,82,1,384.91
7519,2525,200,4,158.79
7520,2526,113,4,122.6
7521,2526,185,1,457.19
7522,2526,13,2,178.73
7523,2526,130,2,35.21
7524,2527,10,1,380.51
7525,2527,84,4,327.84
7526,2528,38,2,264.54
7527,2528,195,2,156.13
7528,2528,170,2,242.4
7529,2529,146,3,220.77
7530,2530,163,1,140.92
7531,2531,77,1,40.63
7532,2531,86,2,222.12
7533,2532,103,4,493.45
7534,2532,125,1,464.63
7535,2532,84,3,139.92
7536,2532,5,3,126.3
7537,2532,40,4,25.25
7538,2533,69,4,318.33
7539,2533,36,4,72.34
7540,2533,162,3,375.95
7541,2533,102,3,313.91
7542,2534,177,2,356.75
7543,2534,90,4,225.0
7544,2534,161,2,402.49
7545,2534,94,1,89.5
7546,2534,22,3,485.08
7547,2535,63,1,338.42
7548,2535,117,3,438.0
7549,2535,141,2,49.22
7550,2535,41,4,95.28
7551,2535,67,2,471.48
7552,2536,165,3,147.84
7553,2536,102,1,225.68
7554,2536,157,1,416.44
7555,2536,88,1,334.82
7556,2537,26,1,230.76
7557,2537,96,3,38.92
7558,2537,147,3,152.97
7559,2537,79,2,172.83
7560,2537,173,1,217.57
7561,2538,46,2,261.09
7562,2538,165,3,333.17
7563,2538,122,3,222.79
7564,2538,112,3,192.72
7565,2538,82,1,243.3
7566,2539,186,3,326.08
7567,2539,182,2,321.13
7568,2539,79,2,492.08
7569,2540,169,4,55.42
7570,2540,106,2,475.62
7571,2540,186,1,415.88
7572,2540,69,1,246.0
7573,2541,29,3,109.2
7574,2541,152,4,235.98
7575,2541,14,1,59.35
7576,2542,119,4,430.11
7577,2542,197,3,309.21
7578,2542,68,2,333.29
7579,2543,124,2,90.61
7580,2543,94,4,481.15
7581,2543,87,4,131.01
7582,2543,58,3,138.83
7583,2543,188,4,157.97
7584,2544,167,3,236.46
7585,2544,159,3,80.07
7586,2544,38,3,483.54
7587,2545,199,3,245.56
7588,2546,93,1,328.54
7589,2546,104,1,81.92
7590,2546,136,3,315.89
7591,2546,31,2,208.22
7592,2547,114,1,153.79
7593,2547,120,1,129.55
7594,2547,152,4,318.63
7595,2548,172,4,361.58
7596,2548,178,2,487.23
7597,2548,32,3,358.25
7598,2548,147,3,497.37
7599,2549,73,3,358.37
7600,2549,104,1,65.72
7601,2549,7,2,306.2
7602,2549,100,1,14.55
7603,2550,174,1,331.23
7604,2550,11,1,221.97
7605,2550,10,4,232.71
7606,2550,166,3,289.44
7607,2550,126,4,351.86
7608,2551,81,1,201.94
7609,2551,181,2,59.37
7610,2551,94,2,333.97
7611,2552,114,4,340.04
7612,2552,91,2,396.34
7613,2552,125,2,187.17
7614,2552,173,3,353.1
7615,2553,126,1,229.96
7616,2554,55,3,390.65
7617,2554,55,2,401.42
7618,2554,28,2,307.99
7619,2554,20,3,98.83
7620,2554,155,4,455.83
7621,2555,163,3,487.91
7622,2555,59,4,205.57
7623,2555,173,2,160.26
7624,2555,183,4,223.61
7625,2556,134,1,102.03
7626,2556,197,1,333.78
7627,2556,117,2,403.27
7628,2557,144,2,197.97
7629,2557,7,2,487.28
7630,2557,88,2,474.55
7631,2558,187,4,405.84
7632,2558,68,1,75.04
7633,2559,110,1,48.79
7634,2559,33,2,478.67
7635,2559,43,1,135.61
7636,2559,169,2,164.52
7637,2560,28,4,395.91
7638,2561,86,3,200.19
7639,2561,195,3,228.49
7640,2562,96,2,94.53
7641,2562,176,3,143.68
7642,2562,20,1,262.78
7643,2562,198,3,47.24
7644,2563,131,1,345.14
7645,2563,37,1,107.01
7646,2564,177,2,225.06
7647,2565,78,1,270.84
7648,2565,72,4,469.85
7649,2565,67,4,337.03
7650,2565,43,1,473.33
7651,2565,67,2,103.17
7652,2566,25,1,96.37
7653,2567,100,1,101.82
7654,2567,131,4,439.83
7655,2568,124,1,367.5
7656,2568,3,4,332.39
7657,2568,124,4,58.66
7658,2568,140,2,388.86
7659,2569,96,1,244.18
7660,2569,168,4,346.08
7661,2569,17,4,96.84
7662,2569,25,4,77.9
7663,2569,73,4,282.65
7664,2570,129,4,407.89
7665,2571,172,2,196.63
7666,2571,77,3,398.94
7667,2572,120,3,59.05
7668,2572,157,1,203.63
7669,2572,83,2,306.57
7670,2572,6,4,393.39
7671,2573,145,4,324.36
7672,2574,87,1,354.06
7673,2574,153,4,342.93
7674,2575,189,3,281.53
7675,2576,140,2,291.89
7676,2576,119,1,233.87
7677,2576,45,1,480.56
7678,2576,64,1,301.19
7679,2577,200,3,476.54
7680,2577,103,1,74.59
7681,2578,189,1,277.45
7682,2578,131,4,186.59
7683,2578,71,1,75.07
7684,2578,155,2,103.5
7685,2578,95,2,379.22
7686,2579,175,1,7.11
7687,2579,93,4,123.46
7688,2580,123,3,172.35
7689,2581,56,3,65.45
7690,2581,42,1,155.61
7691,2581,196,1,79.52
7692,2581,140,2,98.75
7693,2581,147,3,186.98
7694,2582,145,1,466.21
7695,2582,87,4,54.48
7696,2582,127,1,429.23
7697,2582,180,1,100.16
7698,2583,116,1,447.16
7699,2583,78,1,69.14
7700,2583,179,4,7.38
7701,2583,24,4,130.42
7702,2583,60,3,108.37
7703,2584,67,1,379.25
7704,2584,117,4,231.47
7705,2584,171,4,429.57
7706,2584,3,4,143.51
7707,2584,80,3,471.16
7708,2585,174,2,422.17
7709,2585,164,4,381.35
7710,2585,12,2,116.77
7711,2585,68,4,375.47
7712,2586,194,4,448.59
7713,2586,68,3,62.57
7714,2586,1,3,273.71
7715,2587,151,3,351.95
7716,2588,139,1,495.46
7717,2589,75,2,244.41
7718,2589,117,3,409.73
7719,2589,184,3,402.36
7720,2590,28,1,244.64
7721,2591,79,4,184.22
7722,2591,173,3,212.07
7723,2591,119,2,258.31
7724,2591,117,2,87.38
7725,2592,76,3,137.84
7726,2592,175,1,380.31
7727,2593,130,3,478.54
7728,2593,98,3,372.11
7729,2593,3,4,192.58
7730,2593,152,2,461.47
7731,2593,167,4,38.5
7732,2594,141,4,21.72
7733,2594,197,4,442.16
7734,2594,117,4,300.09
7735,2594,120,1,379.65
7736,2595,105,2,191.24
7737,2595,128,4,296.68
7738,2595,191,4,39.53
7739,2595,22,1,473.44
7740,2595,195,2,494.24
7741,2596,153,4,90.33
7742,2596,170,1,206.4
7743,2596,168,2,147.27
7744,2596,42,2,100.33
7745,2596,199,2,30.68
7746,2597,151,2,129.85
7747,2597,98,1,394.81
7748,2597,182,1,418.09
7749,2597,97,3,355.32
7750,2597,175,1,202.42
7751,2598,88,4,271.15
7752,2598,101,3,390.37
7753,2599,35,3,125.01
7754,2600,98,3,130.64
7755,2601,74,4,391.04
7756,2601,88,2,57.78
7757,2601,149,1,131.68
7758,2602,37,1,165.37
7759,2602,114,4,381.27
7760,2602,78,2,185.76
7761,2603,143,4,277.57
7762,2603,164,4,274.46
7763,2603,8,2,25.81
7764,2603,185,2,88.55
7765,2604,9,1,312.61
7766,2604,184,3,282.29
7767,2604,107,2,475.95
7768,2604,199,2,272.27
7769,2605,199,4,83.94
7770,2605,133,4,105.48
7771,2605,180,1,129.54
7772,2605,41,3,285.86
7773,2605,105,2,290.26
7774,2606,101,3,153.71
7775,2606,110,1,121.06
7776,2606,195,2,273.24
7777,2606,130,1,238.15
7778,2606,5,3,43.9
7779,2607,125,3,172.55
7780,2607,21,2,469.8
7781,2607,38,2,366.66
7782,2607,168,1,45.72
7783,2607,126,3,152.29
7784,2608,102,3,267.26
7785,2609,15,3,205.87
7786,2610,167,1,391.06
7787,2610,92,2,205.85
7788,2610,175,4,130.17
7789,2611,185,4,32.42
7790,2611,137,3,149.72
7791,2612,4,3,256.31
7792,2612,127,2,451.53
7793,2613,102,1,215.99
7794,2613,23,3,171.11
7795,2614,35,4,245.29
7796,2614,69,3,252.58
7797,2615,2,1,185.67
7798,2615,185,1,284.92
7799,2615,128,4,336.31
7800,2615,8,2,178.45
7801,2616,31,2,277.11
7802,2617,61,2,353.99
7803,2617,145,4,421.68
7804,2618,166,2,378.21
7805,2618,150,3,255.23
7806,2618,152,1,175.12
7807,2618,162,3,457.67
7808,2618,32,1,217.53
7809,2619,22,3,302.76
7810,2619,5,4,170.45
7811,2619,118,3,349.52
7812,2619,29,3,457.8
7813,2620,61,4,83.43
7814,2620,34,3,302.64
7815,2620,133,2,348.08
7816,2620,46,3,328.3
7817,2621,61,4,355.6
7818,2621,119,4,90.07
7819,2621,193,3,152.05
7820,2621,163,3,102.79
7821,2622,160,4,261.85
7822,2622,43,4,184.14
7823,2622,29,3,452.48
7824,2623,133,1,418.28
7825,2623,158,1,382.64
7826,2624,166,1,322.15
7827,2624,33,3,238.1
7828,2624,108,1,315.11
7829,2624,185,1,285.97
7830,2624,3,1,212.38
7831,2625,123,4,68.09
7832,2625,43,4,194.06
7833,2626,94,3,298.98
7834,2626,9,2,209.23
7835,2627,153,1,360.33
7836,2628,174,3,78.41
7837,2629,193,4,96.25
7838,2630,17,3,248.21
7839,2630,85,4,287.93
7840,2630,4,1,318.9
7841,2631,157,2,112.63
7842,2631,85,3,226.95
7843,2632,148,2,417.86
7844,2632,195,3,310.15
7845,2633,123,1,491.55
7846,2633,64,1,395.87
7847,2633,43,4,385.73
7848,2633,42,3,235.16
7849,2634,84,1,26.14
7850,2634,52,2,304.53
7851,2634,5,1,353.07
7852,2634,163,1,219.0
7853,2635,18,3,154.05
7854,2635,116,4,128.46
7855,2635,189,3,162.46
7856,2635,169,1,358.63
7857,2636,32,4,311.53
7858,2636,154,2,363.44
7859,2637,114,3,406.66
7860,2637,69,2,312.88
7861,2637,79,2,343.54
7862,2637,103,1,142.2
7863,2638,47,3,91.39
7864,2638,121,2,170.52
7865,2638,51,2,414.48
7866,2638,131,1,446.51
7867,2638,64,1,467.46
7868,2639,64,2,29.98
7869,2639,59,4,158.56
7870,2639,46,2,150.09
7871,2640,163,3,99.48
7872,2641,15,2,118.92
7873,2641,12,3,458.35
7874,2642,64,2,166.69
7875,2642,8,4,355.81
7876,2643,137,4,31.8
7877,2643,151,3,318.85
7878,2643,179,1,140.32
7879,2644,101,3,40.25
7880,2644,152,2,188.81
7881,2644,96,1,70.14
7882,2645,125,1,295.26
7883,2646,6,3,359.17
7884,2646,58,3,307.56
7885,2646,66,1,310.15
7886,2647,86,4,429.87
7887,2648,32,4,218.96
7888,2648,60,2,479.6
7889,2648,162,2,490.43
7890,2648,105,2,13.64
7891,2649,191,4,71.39
7892,2650,169,3,446.43
7893,2650,184,4,122.54
7894,2650,34,1,437.63
7895,2650,1,4,220.73
7896,2650,19,3,25.56
7897,2651,156,4,252.98
7898,2651,92,4,299.84
7899,2651,118,1,156.51
7900,2652,7,1,373.86
7901,2652,152,1,59.11
7902,2652,21,3,383.82
7903,2652,107,1,425.54
7904,2653,39,4,416.37
7905,2653,135,1,271.28
7906,2653,54,1,144.12
7907,2653,101,1,196.01
7908,2653,63,1,206.78
7909,2654,188,3,48.85
7910,2654,176,3,466.64
7911,2654,153,1,496.54
7912,2654,161,1,332.11
7913,2654,98,3,496.66
7914,2655,195,2,193.2
7915,2655,46,1,10.96
7916,2655,40,4,82.51
7917,2655,1,1,338.25
7918,2655,75,4,81.4
7919,2656,91,4,144.95
7920,2656,120,2,364.94
7921,2657,57,1,385.48
7922,2657,155,4,476.39
7923,2657,134,3,56.1
7924,2657,66,3,488.59
7925,2657,156,2,208.77
7926,2658,100,4,135.4
7927,2658,10,4,192.56
7928,2658,132,4,227.47
7929,2659,196,4,447.14
7930,2659,22,4,155.64
7931,2659,111,1,178.79
7932,2660,54,3,128.23
7933,2660,193,1,254.37
7934,2660,161,4,108.71
7935,2660,38,1,361.28
7936,2661,89,4,168.98
7937,2661,55,2,386.41
7938,2661,181,4,243.64
7939,2661,62,1,340.12
7940,2661,26,4,250.09
7941,2662,152,2,420.63
7942,2663,141,4,338.28
7943,2663,4,1,76.07
7944,2663,171,1,73.56
7945,2664,83,1,330.8
7946,2664,88,3,296.98
7947,2664,9,1,334.57
7948,2665,146,4,203.72
7949,2665,118,2,262.61
7950,2666,97,1,198.91
7951,2666,4,2,400.18
7952,2666,198,3,128.12
7953,2667,8,1,149.07
7954,2668,79,2,493.03
7955,2668,126,3,57.65
7956,2668,146,4,160.48
7957,2668,70,4,378.52
7958,2668,40,4,348.13
7959,2669,156,4,82.6
7960,2669,87,2,228.91
7961,2669,84,4,32.56
7962,2669,43,2,128.66
7963,2669,34,2,448.84
7964,2670,98,4,228.55
7965,2670,27,2,182.92
7966,2670,169,3,261.74
7967,2671,27,2,387.24
7968,2671,130,1,171.72
7969,2671,106,4,218.52
7970,2672,47,2,291.66
7971,2673,76,3,245.53
7972,2673,158,1,293.93
7973,2673,98,2,211.06
7974,2673,84,2,239.45
7975,2673,157,3,415.42
7976,2674,78,2,12.33
7977,2674,41,3,348.57
7978,2674,39,3,270.66
7979,2675,186,1,125.94
7980,2675,119,2,233.7
7981,2676,58,1,419.61
7982,2677,9,2,193.23
7983,2677,98,1,460.44
7984,2677,32,2,336.42
7985,2677,105,1,194.7
7986,2677,7,3,229.83
7987,2678,146,1,416.26
7988,2678,149,2,368.15
7989,2678,97,2,444.75
7990,2678,186,4,207.56
7991,2678,142,2,148.29
7992,2679,68,1,144.05
7993,2679,51,1,260.26
7994,2680,80,1,474.64
7995,2681,41,3,319.91
7996,2681,114,1,158.31
7997,2682,93,4,5.67
7998,2682,191,3,397.23
7999,2682,99,4,54.54
8000,2682,170,4,265.65
8001,2682,18,1,102.98
8002,2683,70,3,239.53
8003,2683,196,2,231.57
8004,2683,170,4,301.82
8005,2683,14,4,364.19
8006,2684,116,3,132.84
8007,2684,161,4,6.84
8008,2685,156,1,355.47
8009,2685,101,3,49.04
8010,2686,19,1,417.56
8011,2686,5,2,88.08
8012,2686,195,4,178.54
8013,2687,12,3,247.01
8014,2687,102,2,48.36
8015,2687,10,1,18.25
8016,2687,137,4,323.78
8017,2687,76,4,394.47
8018,2688,102,1,197.31
8019,2688,74,1,35.41
8020,2689,103,4,301.73
8021,2689,144,4,388.57
8022,2689,163,3,256.84
8023,2689,133,1,236.31
8024,2689,167,2,205.62
8025,2690,117,4,6.94
8026,2691,196,2,328.65
8027,2691,81,3,299.78
8028,2691,52,1,224.85
8029,2691,27,1,466.13
8030,2692,147,4,416.91
8031,2693,7,2,461.35
8032,2693,69,3,150.39
8033,2693,92,3,425.36
8034,2693,109,4,143.26
8035,2693,60,2,334.46
8036,2694,187,4,492.54
8037,2694,88,3,470.36
8038,2694,59,1,242.62
8039,2694,175,1,410.18
8040,2694,187,2,183.3
8041,2695,80,2,195.44
8042,2696,185,4,360.23
8043,2696,190,4,325.56
8044,2697,117,2,480.96
8045,2698,178,2,140.16
8046,2698,127,2,464.9
8047,2698,51,3,423.67
8048,2698,97,3,485.03
8049,2699,123,4,278.94
8050,2699,170,1,134.08
8051,2700,148,2,396.56
8052,2700,196,4,459.12
8053,2700,100,4,468.93
8054,2701,94,1,241.46
8055,2701,59,3,233.94
8056,2701,33,1,441.01
8057,2702,87,1,199.63
8058,2702,151,2,467.56
8059,2703,78,4,108.27
8060,2703,152,4,12.71
8061,2703,76,3,183.51
8062,2703,2,2,301.65
8063,2704,122,1,363.53
8064,2704,102,4,477.11
8065,2705,83,2,304.15
8066,2705,167,1,167.99
8067,2705,160,2,197.77
8068,2706,171,1,392.97
8069,2707,22,3,214.95
8070,2708,118,2,283.11
8071,2708,65,1,73.96
8072,2708,23,2,5.6
8073,2708,173,2,329.3
8074,2708,50,3,334.67
8075,2709,14,4,241.65
8076,2709,51,2,41.42
8077,2709,68,3,266.97
8078,2709,127,4,474.6
8079,2709,63,4,428.76
8080,2710,186,4,39.75
8081,2710,36,2,493.97
8082,2710,198,2,440.0
8083,2711,193,1,265.5
8084,2711,102,3,65.17
8085,2712,8,2,98.84
8086,2712,68,1,346.69
8087,2713,109,2,161.85
8088,2713,161,1,209.84
8089,2714,4,2,77.93
8090,2714,148,1,357.94
8091,2714,188,2,331.0
8092,2715,39,4,403.5
8093,2715,27,2,193.36
8094,2715,155,2,233.24
8095,2715,67,3,423.6
8096,2715,43,2,159.95
8097,2716,195,3,132.78
8098,2716,176,3,381.26
8099,2716,64,4,384.54
8100,2716,187,4,256.11
8101,2717,80,2,114.29
8102,2718,155,1,163.63
8103,2719,86,3,352.73
8104,2720,179,2,391.1
8105,2720,136,4,464.89
8106,2720,14,2,461.54
8107,2720,148,1,345.61
8108,2721,61,4,88.31
8109,2721,106,2,443.73
8110,2721,102,4,363.8
8111,2721,56,2,99.18
8112,2722,138,1,91.73
8113,2723,151,4,236.86
8114,2723,59,4,485.23
8115,2723,147,2,302.81
8116,2723,92,4,427.09
8117,2723,81,3,38.39
8118,2724,185,4,138.37
8119,2724,22,1,36.87
8120,2724,173,2,493.88
8121,2725,56,4,78.47
8122,2726,111,1,56.19
8123,2726,94,3,366.49
8124,2726,42,2,107.96
8125,2726,4,1,183.94
8126,2727,191,2,291.13
8127,2728,36,4,115.47
8128,2728,44,1,24.46
8129,2728,121,2,46.2
8130,2728,163,4,118.62
8131,2728,110,3,382.44
8132,2729,39,2,6.32
8133,2729,35,1,36.71
8134,2729,115,1,277.45
8135,2730,65,1,221.24
8136,2730,184,2,247.58
8137,2730,179,4,382.21
8138,2730,54,4,166.49
8139,2731,91,3,50.23
8140,2731,182,1,14.07
8141,2731,94,1,21.02
8142,2732,177,3,356.45
8143,2732,33,4,439.17
8144,2732,54,1,11.37
8145,2733,35,2,124.11
8146,2733,10,2,374.18
8147,2733,136,2,6.4
8148,2733,49,3,342.99
8149,2734,117,3,404.4
8150,2734,148,1,490.4
8151,2735,144,1,432.91
8152,2735,29,4,356.18
8153,2736,110,4,418.89
8154,2736,121,3,9.58
8155,2736,53,1,130.85
8156,2736,72,3,36.82
8157,2737,112,4,135.63
8158,2738,176,3,148.62
8159,2739,8,1,167.95
8160,2739,168,1,247.45
8161,2739,77,2,292.15
8162,2739,106,2,260.28
8163,2739,151,2,151.38
8164,2740,82,1,328.83
8165,2741,147,4,53.86
8166,2741,185,2,65.47
8167,2741,42,3,189.38
8168,2741,179,2,349.68
8169,2741,35,1,165.57
8170,2742,117,4,319.8
8171,2742,61,3,461.01
8172,2743,128,4,91.31
8173,2743,88,2,299.93
8174,2743,12,1,48.04
8175,2744,84,3,255.74
8176,2744,112,2,234.19
8177,2745,138,2,203.92
8178,2745,57,1,491.67
8179,2745,71,1,484.84
8180,2745,6,3,454.7
8181,2745,92,1,354.82
8182,2746,140,4,38.37
8183,2747,46,2,187.15
8184,2747,180,3,480.01
8185,2748,153,2,27.37
8186,2748,189,3,283.95
8187,2748,114,3,225.23
8188,2749,28,2,393.7
8189,2750,5,3,380.51
8190,2750,120,4,485.93
8191,2751,197,1,48.44
8192,2751,100,1,277.0
8193,2751,92,4,456.22
8194,2752,169,2,94.86
8195,2752,199,2,104.7
8196,2752,182,4,35.09
8197,2753,70,4,219.15
8198,2753,192,1,69.3
8199,2754,151,2,8.48
8200,2754,127,3,198.26
8201,2754,28,1,375.11
8202,2754,188,4,290.77
8203,2754,153,2,235.94
8204,2755,13,2,109.57
8205,2755,174,4,375.34
8206,2755,133,3,441.84
8207,2755,38,3,368.27
8208,2756,132,4,258.7
8209,2756,27,3,389.09
8210,2756,148,4,200.98
8211,2756,63,1,357.32
8212,2756,146,1,324.3
8213,2757,151,3,309.66
8214,2757,157,3,392.01
8215,2757,81,4,343.58
8216,2757,165,3,435.43
8217,2758,12,4,204.48
8218,2759,35,4,321.92
8219,2759,88,3,328.83
8220,2759,77,4,416.02
8221,2759,146,1,346.24
8222,2760,88,2,460.85
8223,2760,133,3,477.63
8224,2761,119,4,185.12
8225,2762,130,2,461.36
8226,2762,128,3,211.24
8227,2762,142,1,192.32
8228,2762,135,3,498.02
8229,2763,126,2,33.11
8230,2764,120,4,51.49
8231,2764,176,2,161.57
8232,2764,7,1,248.51
8233,2764,137,2,197.01
8234,2765,51,3,144.85
8235,2765,61,2,207.36
8236,2766,34,3,342.65
8237,2766,12,2,115.98
8238,2766,196,2,465.2
8239,2767,51,2,232.01
8240,2767,81,3,405.39
8241,2767,73,4,82.16
8242,2768,36,2,126.61
8243,2768,124,4,42.04
8244,2769,9,2,356.63
8245,2769,81,3,175.61
8246,2769,116,1,457.06
8247,2770,106,1,237.78
8248,2771,80,3,468.82
8249,2771,93,3,400.66
8250,2771,101,1,384.16
8251,2771,28,2,463.95
8252,2772,123,1,422.16
8253,2772,84,1,221.61
8254,2773,44,2,453.64
8255,2773,139,2,329.83
8256,2774,99,3,145.23
8257,2774,143,3,127.92
8258,2774,2,3,188.63
8259,2775,86,1,67.4
8260,2775,105,2,354.32
8261,2775,110,1,252.36
8262,2775,125,3,461.85
8263,2775,56,2,324.85
8264,2776,148,1,135.11
8265,2776,106,1,19.47
8266,2777,145,4,361.83
8267,2777,37,4,445.45
8268,2777,145,1,95.95
8269,2777,176,2,79.09
8270,2778,87,1,203.2
8271,2778,118,1,218.67
8272,2778,119,1,459.26
8273,2779,45,1,32.63
8274,2780,80,1,231.26
8275,2780,154,4,447.55
8276,2780,30,4,95.25
8277,2781,176,2,378.68
8278,2781,60,1,371.61
8279,2782,167,2,60.68
8280,2782,87,2,17.32
8281,2782,22,2,90.8
8282,2782,107,1,433.62
8283,2783,38,2,327.92
8284,2783,114,3,95.01
8285,2784,74,3,248.04
8286,2784,139,4,395.7
8287,2784,141,2,35.76
8288,2785,178,1,480.19
8289,2785,43,4,488.14
8290,2786,67,4,353.33
8291,2786,94,3,72.99
8292,2786,70,4,207.13
8293,2787,178,1,325.13
8294,2787,68,4,82.04
8295,2787,161,3,458.82
8296,2787,88,2,184.08
8297,2788,120,3,237.29
8298,2788,141,3,11.98
8299,2788,1,3,211.2
8300,2788,123,4,231.78
8301,2788,14,4,47.77
8302,2789,129,4,476.98
8303,2789,40,3,81.76
8304,2789,134,1,398.8
8305,2789,35,2,447.32
8306,2789,176,1,355.18
8307,2790,31,4,18.29
8308,2790,88,2,433.51
8309,2790,20,4,21.47
8310,2791,132,1,398.47
8311,2791,20,4,192.11
8312,2791,121,3,319.81
8313,2791,37,4,293.4
8314,2791,49,1,440.66
8315,2792,143,3,122.92
8316,2792,96,3,46.19
8317,2793,148,1,488.67
8318,2794,6,4,6.37
8319,2794,180,1,238.28
8320,2794,178,4,245.52
8321,2794,27,3,89.42
8322,2794,123,4,326.19
8323,2795,74,1,146.07
8324,2795,58,4,487.65
8325,2795,149,3,367.34
8326,2795,153,4,229.24
8327,2796,22,1,167.12
8328,2796,18,1,22.32
8329,2796,147,1,30.36
8330,2796,121,1,408.54
8331,2797,8,2,10.85
8332,2797,13,2,177.27
8333,2797,74,4,85.92
8334,2798,45,1,45.54
8335,2798,173,2,311.95
8336,2798,121,3,452.71
8337,2798,155,4,138.17
8338,2798,118,3,321.8
8339,2799,83,4,375.34
8340,2799,66,2,176.54
8341,2799,99,3,336.13
8342,2799,43,1,144.23
8343,2800,90,2,223.2
8344,2801,49,2,232.0
8345,2802,114,4,399.13
8346,2802,102,4,192.76
8347,2803,136,3,175.03
8348,2804,78,1,400.97
8349,2804,134,3,309.61
8350,2804,101,1,141.14
8351,2804,151,1,260.18
8352,2805,103,2,145.2
8353,2805,12,3,224.88
8354,2805,68,3,18.27
8355,2805,159,4,108.5
8356,2805,67,3,383.6
8357,2806,189,1,53.1
8358,2806,30,1,347.28
8359,2806,15,3,401.34
8360,2806,19,3,208.13
8361,2807,142,3,300.24
8362,2807,43,1,125.17
8363,2807,148,4,63.3
8364,2807,171,2,30.9
8365,2807,169,4,362.99
8366,2808,3,1,442.95
8367,2808,38,4,136.03
8368,2808,89,4,333.04
8369,2808,35,1,170.8
8370,2808,85,3,275.59
8371,2809,124,1,360.54
8372,2809,37,1,427.66
8373,2809,73,4,486.01
8374,2809,66,3,226.19
8375,2809,99,1,150.87
8376,2810,27,4,361.92
8377,2810,65,4,493.4
8378,2810,47,1,134.81
8379,2810,21,4,95.66
8380,2811,70,3,401.3
8381,2812,115,4,311.74
8382,2812,129,4,296.89
8383,2812,139,4,470.65
8384,2812,85,3,143.0
8385,2813,195,3,483.41
8386,2813,61,3,7.11
8387,2813,157,2,362.41
8388,2813,149,2,210.89
8389,2814,155,4,95.09
8390,2814,117,3,333.43
8391,2814,17,2,129.33
8392,2815,155,1,59.89
8393,2815,72,3,394.87
8394,2815,123,2,213.86
8395,2815,172,3,206.53
8396,2815,18,3,207.75
8397,2816,181,2,352.11
8398,2816,62,1,483.21
8399,2817,169,4,170.97
8400,2818,81,2,55.56
8401,2819,116,3,124.43
8402,2819,14,2,419.31
8403,2820,18,4,319.69
8404,2820,42,3,152.63
8405,2820,91,4,98.09
8406,2820,17,1,69.38
8407,2821,179,1,248.31
8408,2821,48,4,272.1
8409,2821,13,4,211.02
8410,2821,82,3,176.62
8411,2821,131,3,259.23
8412,2822,111,3,355.78
8413,2822,76,1,263.83
8414,2822,8,2,316.1
8415,2823,87,2,42.63
8416,2823,44,4,219.23
8417,2824,70,4,296.72
8418,2824,183,3,91.92
8419,2824,129,2,496.8
8420,2824,137,3,227.26
8421,2824,10,3,81.29
8422,2825,173,2,408.17
8423,2825,139,4,50.13
8424,2826,191,2,459.39
8425,2826,54,4,472.6
8426,2827,33,4,465.09
8427,2827,192,4,274.84
8428,2827,35,4,472.65
8429,2828,121,2,266.95
8430,2828,190,4,490.87
8431,2829,2,4,227.17
8432,2829,58,3,221.63
8433,2830,47,2,412.82
8434,2830,69,3,407.57
8435,2830,194,3,242.77
8436,2830,88,4,90.87
8437,2831,128,1,32.69
8438,2831,85,2,173.13
8439,2831,92,4,113.07
8440,2831,33,4,114.21
8441,2832,141,3,408.83
8442,2832,115,1,159.53
8443,2833,196,2,168.88
8444,2834,134,2,490.65
8445,2834,116,4,326.37
8446,2834,76,1,56.48
8447,2834,123,1,183.04
8448,2835,103,4,120.26
8449,2835,101,3,193.16
8450,2835,3,3,482.14
8451,2836,192,4,252.23
8452,2836,59,2,97.77
8453,2836,46,1,482.6
8454,2837,155,3,179.36
8455,2837,120,4,19.36
8456,2837,169,4,446.13
8457,2837,62,3,470.31
8458,2837,150,3,479.65
8459,2838,125,4,16.89
8460,2839,53,1,47.15
8461,2839,184,1,116.57
8462,2839,63,1,348.44
8463,2840,24,4,76.17
8464,2840,58,2,181.15
8465,2840,141,1,163.63
8466,2840,141,1,23.9
8467,2841,94,2,107.32
8468,2842,104,4,15.48
8469,2842,163,4,248.05
8470,2842,131,4,40.08
8471,2843,156,4,331.72
8472,2843,95,4,349.93
8473,2843,149,3,179.96
8474,2844,88,3,488.25
8475,2844,7,3,165.48
8476,2844,167,2,345.72
8477,2844,100,2,283.76
8478,2844,162,1,224.34
8479,2845,74,1,281.78
8480,2845,160,3,471.32
8481,2845,177,3,69.84
8482,2846,16,4,447.64
8483,2846,199,2,388.55
8484,2847,25,1,307.08
8485,2847,182,2,50.8
8486,2847,96,4,151.22
8487,2848,16,2,24.98
8488,2848,171,2,239.42
8489,2849,119,2,17.73
8490,2849,188,2,153.59
8491,2849,15,2,412.15
8492,2850,186,1,393.96
8493,2850,189,3,439.64
8494,2851,150,2,499.34
8495,2851,112,2,148.33
8496,2852,65,1,92.13
8497,2852,184,1,412.26
8498,2852,10,3,360.62
8499,2852,169,2,180.02
8500,2852,147,3,293.58
8501,2853,123,3,48.83
8502,2853,168,2,452.6
8503,2853,84,3,206.28
8504,2854,23,1,105.95
8505,2854,78,2,134.68
8506,2854,129,3,239.13
8507,2854,52,2,302.41
8508,2854,176,4,347.49
8509,2855,140,4,48.16
8510,2855,127,2,148.73
8511,2855,33,1,385.16
8512,2855,39,1,387.77
8513,2856,129,1,497.0
8514,2856,11,1,148.55
8515,2857,9,2,310.94
8516,2857,155,1,280.25
8517,2857,166,1,291.31
8518,2857,174,4,154.5
8519,2857,93,2,98.19
8520,2858,174,1,259.0
8521,2859,83,4,482.29
8522,2859,187,2,51.58
8523,2860,195,4,441.1
8524,2860,161,4,247.08
8525,2861,22,1,429.84
8526,2861,56,1,311.1
8527,2861,130,4,148.83
8528,2861,83,1,60.45
8529,2862,6,2,139.85
8530,2862,68,3,217.78
8531,2863,66,4,386.12
8532,2864,117,3,376.81
8533,2864,40,3,355.21
8534,2864,168,4,80.25
8535,2864,20,4,379.17
8536,2865,7,2,332.76
8537,2865,165,1,50.95
8538,2865,172,1,161.15
8539,2865,177,4,488.39
8540,2866,195,4,430.56
8541,2866,53,1,215.14
8542,2867,4,3,298.93
8543,2868,102,4,344.78
8544,2868,63,2,493.47
8545,2868,64,2,346.56
8546,2868,16,1,249.11
8547,2868,191,3,263.84
8548,2869,127,1,140.8
8549,2869,13,4,102.96
8550,2869,47,2,152.63
8551,2869,8,4,172.13
8552,2869,137,4,150.11
8553,2870,142,2,313.41
8554,2870,167,2,125.49
8555,2870,86,1,421.16
8556,2870,127,2,75.36
8557,2870,84,2,344.52
8558,2871,92,3,499.47
8559,2871,29,2,312.0
8560,2871,30,4,391.95
8561,2872,133,2,390.25
8562,2872,61,4,250.33
8563,2872,144,2,276.16
8564,2873,145,2,76.96
8565,2873,62,1,21.11
8566,2873,178,2,208.54
8567,2873,113,3,261.85
8568,2874,133,4,370.34
8569,2874,183,3,53.64
8570,2874,60,4,384.53
8571,2875,59,1,231.4
8572,2875,89,2,289.67
8573,2875,124,4,23.47
8574,2875,67,3,259.13
8575,2876,29,3,130.27
8576,2877,46,1,354.83
8577,2877,183,2,353.01
8578,2877,18,1,209.97
8579,2877,98,1,55.48
8580,2878,97,1,49.22
8581,2878,156,2,202.84
8582,2879,88,3,356.09
8583,2879,70,4,485.82
8584,2879,67,2,372.05
8585,2880,130,3,462.83
8586,2880,200,2,252.42
8587,2880,23,3,404.44
8588,2880,51,3,439.26
8589,2881,72,3,424.56
8590,2881,91,4,395.02
8591,2881,8,1,119.28
8592,2882,154,4,323.55
8593,2883,199,2,478.45
8594,2883,134,4,400.93
8595,2883,121,3,345.06
8596,2883,177,1,327.56
8597,2884,100,2,269.86
8598,2884,169,1,471.44
8599,2885,150,2,133.03
8600,2886,22,4,343.07
8601,2886,93,1,274.08
8602,2886,18,2,208.87
8603,2886,178,3,428.79
8604,2886,193,1,124.07
8605,2887,144,3,98.47
8606,2887,191,4,407.41
8607,2887,9,1,347.06
8608,2888,85,3,438.76
8609,2888,32,3,406.59
8610,2888,153,3,131.27
8611,2888,157,4,216.73
8612,2888,85,3,73.4
8613,2889,112,2,239.95
8614,2889,44,1,483.78
8615,2889,29,4,483.59
8616,2890,53,3,156.49
8617,2890,149,3,350.07
8618,2890,82,2,120.95
8619,2890,173,1,408.98
8620,2891,59,2,214.17
8621,2891,188,4,360.62
8622,2891,176,1,31.25
8623,2891,114,1,235.24
8624,2891,27,2,343.13
8625,2892,115,4,476.26
8626,2892,189,2,25.27
8627,2892,70,3,281.92
8628,2893,161,2,160.12
8629,2893,90,2,394.65
8630,2894,164,2,244.28
8631,2894,173,4,357.91
8632,2895,147,1,331.47
8633,2895,13,2,210.21
8634,2895,84,4,140.59
8635,2895,117,4,52.45
8636,2896,144,2,442.35
8637,2896,187,1,418.72
8638,2896,120,1,339.19
8639,2896,134,3,41.13
8640,2896,185,1,246.38
8641,2897,107,1,42.65
8642,2898,66,4,357.72
8643,2898,21,1,499.68
8644,2898,130,2,34.87
8645,2899,78,2,367.07
8646,2899,78,4,110.38
8647,2899,188,3,485.18
8648,2900,185,4,485.39
8649,2900,144,4,231.95
8650,2900,15,4,282.36
8651,2900,31,2,173.62
8652,2901,41,1,376.73
8653,2902,141,2,378.7
8654,2903,150,1,309.18
8655,2903,171,4,208.91
8656,2903,5,2,272.87
8657,2903,93,2,276.91
8658,2903,56,3,232.39
8659,2904,195,2,487.67
8660,2904,197,1,415.41
8661,2904,49,4,9.77
8662,2904,194,1,226.27
8663,2905,134,1,266.23
8664,2905,132,4,459.93
8665,2905,181,4,376.97
8666,2905,149,2,86.29
8667,2906,132,2,140.12
8668,2906,70,2,337.83
8669,2906,178,4,248.4
8670,2906,78,4,433.29
8671,2906,176,2,309.77
8672,2907,74,3,406.98
8673,2907,102,3,223.61
8674,2907,110,4,200.61
8675,2907,174,3,49.46
8676,2908,129,1,226.14
8677,2908,151,3,251.71
8678,2909,11,2,157.13
8679,2910,16,2,221.54
8680,2910,46,4,307.67
8681,2911,33,4,333.33
8682,2911,66,3,90.06
8683,2912,58,2,10.0
8684,2912,184,1,499.55
8685,2912,119,3,388.9
8686,2912,11,4,117.41
8687,2913,88,2,325.41
8688,2913,70,4,202.86
8689,2913,123,3,65.47
8690,2913,88,2,243.68
8691,2913,163,1,35.62
8692,2914,103,4,302.24
8693,2914,54,2,72.32
8694,2915,67,2,78.98
8695,2915,91,4,83.87
8696,2916,120,2,448.13
8697,2916,57,4,338.71
8698,2917,54,1,22.5
8699,2917,59,4,413.15
8700,2917,188,1,8.42
8701,2917,178,3,75.57
8702,2917,54,3,468.12
8703,2918,3,3,102.77
8704,2918,60,2,342.99
8705,2918,162,2,269.02
8706,2918,94,4,319.14
8707,2919,93,4,445.97
8708,2919,161,1,138.34
8709,2920,152,3,377.61
8710,2921,108,4,272.48
8711,2921,168,4,151.42
8712,2921,181,3,157.05
8713,2921,187,2,52.45
8714,2922,119,2,220.36
8715,2922,8,3,107.1
8716,2923,166,4,263.59
8717,2923,93,2,135.22
8718,2924,143,2,319.65
8719,2924,147,1,114.37
8720,2924,117,4,457.28
8721,2924,174,2,340.47
8722,2924,21,3,16.31
8723,2925,131,3,379.99
8724,2925,173,4,482.16
8725,2925,93,1,342.06
8726,2925,187,1,68.24
8727,2925,3,4,220.78
8728,2926,164,1,204.62
8729,2926,118,2,495.28
8730,2926,127,4,238.16
8731,2926,77,4,127.07
8732,2927,186,1,445.84
8733,2927,1,2,266.23
8734,2927,48,3,77.59
8735,2928,40,1,166.0
8736,2928,145,4,124.8
8737,2929,53,4,117.79
8738,2929,155,3,309.47
8739,2929,153,3,8.58
8740,2930,83,3,210.31
8741,2930,112,3,103.2
8742,2930,121,1,259.21
8743,2931,39,1,12.77
8744,2932,98,4,114.62
8745,2932,191,2,178.71
8746,2933,185,2,89.16
8747,2933,187,2,146.12
8748,2934,145,2,301.2
8749,2934,17,4,335.43
8750,2934,2,1,292.23
8751,2935,78,4,201.18
8752,2936,54,2,209.61
8753,2936,78,4,387.91
8754,2936,143,2,333.91
8755,2936,132,3,308.95
8756,2937,124,4,398.5
8757,2938,154,2,250.35
8758,2939,198,3,321.06
8759,2939,144,1,12.17
8760,2939,90,4,408.23
8761,2940,112,3,131.2
8762,2940,127,2,345.89
8763,2940,60,4,385.22
8764,2940,15,3,69.73
8765,2941,169,3,197.55
8766,2942,49,4,273.45
8767,2942,78,4,224.06
8768,2942,152,2,488.45
8769,2942,71,2,408.57
8770,2942,91,1,305.08
8771,2943,159,2,254.17
8772,2943,102,2,374.72
8773,2943,15,2,123.67
8774,2944,173,4,143.81
8775,2944,156,2,136.28
8776,2944,57,3,388.39
8777,2944,60,3,129.31
8778,2944,104,3,92.52
8779,2945,176,3,197.49
8780,2946,116,1,7.53
8781,2946,140,1,108.74
8782,2946,80,4,312.84
8783,2946,98,4,5.34
8784,2946,77,1,109.91
8785,2947,71,4,218.0
8786,2947,150,1,330.25
8787,2947,21,4,45.13
8788,2947,46,1,407.18
8789,2948,175,4,350.88
8790,2948,90,4,356.53
8791,2948,183,1,321.04
8792,2948,164,1,25.99
8793,2948,78,1,160.36
8794,2949,56,3,69.86
8795,2949,140,4,358.75
8796,2950,26,2,260.23
8797,2951,43,3,393.78
8798,2952,3,1,495.8
8799,2952,8,1,96.26
8800,2952,76,3,428.79
8801,2952,25,1,456.05
8802,2952,144,1,195.46
8803,2953,76,1,98.9
8804,2953,103,3,22.91
8805,2953,92,3,64.8
8806,2953,25,2,417.49
8807,2953,148,4,268.47
8808,2954,170,4,43.02
8809,2954,2,1,322.8
8810,2954,157,2,300.74
8811,2954,53,2,376.85
8812,2955,5,4,459.61
8813,2955,180,1,302.08
8814,2955,22,2,481.61
8815,2956,20,2,143.33
8816,2956,91,2,481.05
8817,2957,11,1,472.12
8818,2957,55,4,437.03
8819,2957,19,4,250.53
8820,2958,99,2,359.59
8821,2958,66,1,197.39
8822,2958,28,1,346.8
8823,2959,190,2,361.8
8824,2959,167,2,458.84
8825,2959,100,3,471.88
8826,2959,110,3,247.74
8827,2960,31,4,28.79
8828,2961,21,1,335.28
8829,2961,34,2,438.03
8830,2961,158,2,101.86
8831,2961,47,3,181.8
8832,2961,191,4,292.5
8833,2962,110,2,114.48
8834,2963,154,4,279.71
8835,2963,177,1,423.68
8836,2963,150,4,318.47
8837,2964,13,3,182.86
8838,2964,89,2,49.08
8839,2964,37,1,422.06
8840,2964,109,1,261.84
8841,2964,104,3,389.11
8842,2965,65,3,374.84
8843,2966,139,1,347.44
8844,2967,10,2,140.22
8845,2967,145,3,135.49
8846,2967,145,3,19.77
8847,2968,175,3,415.17
8848,2968,129,1,209.92
8849,2968,34,4,134.83
8850,2968,102,4,299.09
8851,2968,57,3,287.89
8852,2969,37,3,43.7
8853,2969,37,1,148.73
8854,2969,92,4,465.31
8855,2970,46,3,424.75
8856,2970,173,3,229.8
8857,2970,193,4,304.39
8858,2970,154,3,101.65
8859,2971,127,2,264.6
8860,2971,162,4,66.11
8861,2971,76,4,445.62
8862,2972,35,4,69.09
8863,2973,22,1,380.48
8864,2973,100,2,385.52
8865,2973,139,4,220.52
8866,2973,197,2,157.68
8867,2974,103,4,244.14
8868,2974,12,1,200.94
8869,2974,97,2,420.4
8870,2975,12,2,36.14
8871,2975,94,4,476.16
8872,2975,53,1,359.82
8873,2976,71,2,480.71
8874,2976,88,2,174.08
8875,2977,1,3,373.84
8876,2978,154,4,439.89
8877,2978,116,2,58.46
8878,2978,15,3,387.49
8879,2979,85,2,384.93
8880,2979,49,1,259.94
8881,2980,85,2,147.64
8882,2981,33,1,8.28
8883,2981,22,2,461.07
8884,2982,191,2,364.14
8885,2982,71,1,144.11
8886,2982,8,4,258.44
8887,2983,124,2,346.14
8888,2983,78,1,379.38
8889,2983,25,1,216.41
8890,2983,136,2,117.9
8891,2984,145,1,253.61
8892,2984,168,1,480.26
8893,2984,175,4,79.55
8894,2984,80,2,486.84
8895,2984,89,4,262.06
8896,2985,174,3,184.0
8897,2985,122,4,486.34
8898,2986,107,2,384.79
8899,2986,77,2,101.73
8900,2987,81,3,151.24
8901,2987,48,2,321.5
8902,2988,18,4,485.15
8903,2989,142,1,168.9
8904,2989,64,3,171.52
8905,2990,48,4,83.62
8906,2990,68,4,201.37
8907,2990,112,4,457.97
8908,2990,182,1,268.48
8909,2990,139,4,153.12
8910,2991,21,2,32.53
8911,2991,121,3,107.77
8912,2991,176,2,359.81
8913,2991,100,3,304.07
8914,2992,102,2,52.16
8915,2992,168,1,242.98
8916,2993,68,2,6.88
8917,2993,32,1,403.61
8918,2993,21,3,461.38
8919,2994,153,4,466.03
8920,2994,91,4,159.38
8921,2994,53,2,39.22
8922,2994,157,4,52.86
8923,2994,32,3,117.26
8924,2995,149,4,86.49
8925,2995,111,4,19.1
8926,2995,7,1,374.42
8927,2996,76,3,301.88
8928,2996,128,3,370.75
8929,2997,184,4,315.31
8930,2997,188,1,419.75
8931,2997,122,4,31.58
8932,2997,182,2,62.22
8933,2997,147,2,252.07
8934,2998,112,2,259.91
8935,2998,126,3,293.77
8936,2998,12,2,111.12
8937,2998,42,2,97.18
8938,2999,68,1,465.04
8939,2999,113,1,148.47
8940,2999,53,1,490.38
8941,3000,102,4,158.28
8942,3000,121,4,131.64
8943,3001,104,4,208.51
8944,3001,196,3,204.1
8945,3002,184,2,85.22
8946,3002,141,2,64.47
8947,3002,47,2,64.86
8948,3002,55,4,433.28
8949,3003,143,3,382.47
8950,3003,35,4,134.41
8951,3003,56,2,102.79
8952,3003,3,3,362.35
8953,3004,146,2,332.82
8954,3004,10,4,203.44
8955,3004,102,1,444.28
8956,3004,140,3,494.33
8957,3005,65,3,106.76
8958,3005,88,3,291.25
8959,3006,134,3,490.82
8960,3007,26,2,483.6
8961,3007,47,1,19.4
8962,3007,100,2,236.5
8963,3008,194,1,156.93
8964,3008,182,2,395.7
8965,3008,65,1,46.17
8966,3008,106,3,291.8
8967,3009,161,3,288.49
8968,3009,67,2,41.26
8969,3009,64,4,289.04
8970,3009,51,1,108.24
8971,3009,105,2,455.25
8972,3010,128,2,246.99
8973,3010,119,4,262.24
8974,3010,122,4,186.22
8975,3010,54,3,395.21
8976,3010,109,1,108.27
8977,3011,125,3,499.22
8978,3012,57,1,480.17
8979,3012,168,3,93.68
8980,3012,126,2,100.03
8981,3013,174,4,425.51
8982,3014,9,1,42.12
8983,3015,86,3,265.22
8984,3016,47,2,209.29
8985,3016,65,4,311.14
8986,3016,195,1,134.47
8987,3017,23,1,432.68
8988,3018,99,3,413.63
8989,3019,80,1,174.6
8990,3020,136,1,193.8
8991,3020,157,4,233.59
8992,3021,47,1,294.1
8993,3021,101,1,27.3
8994,3021,47,2,231.74
8995,3021,111,3,115.74
8996,3022,131,4,285.97
8997,3022,113,2,448.42
8998,3022,93,4,56.26
8999,3023,175,4,310.94
9000,3023,41,4,236.12
9001,3023,31,1,342.24
9002,3024,120,4,106.77
9003,3025,2,4,256.45
9004,3025,105,4,378.39
9005,3025,9,3,338.41
9006,3025,122,2,471.17
9007,3026,152,3,415.49
9008,3026,179,2,496.47
9009,3026,106,3,139.41
9010,3026,128,1,88.27
9011,3027,102,4,330.64
9012,3027,196,3,299.29
9013,3027,68,3,261.53
9014,3027,168,4,195.58
9015,3028,114,1,177.69
9016,3028,161,2,141.16
9017,3028,114,3,432.45
9018,3029,65,1,388.45
9019,3029,62,4,250.1
9020,3030,186,3,341.22
9021,3030,192,4,160.84
9022,3030,59,3,169.72
9023,3030,7,2,223.26
9024,3030,90,3,279.21
9025,3031,135,1,190.43
9026,3031,137,2,103.37
9027,3031,137,3,462.83
9028,3031,149,2,97.33
9029,3032,105,4,154.96
9030,3032,190,1,349.83
9031,3033,57,4,108.47
9032,3033,71,1,179.12
9033,3033,185,4,113.12
9034,3033,181,3,420.02
9035,3034,189,2,206.77
9036,3035,116,4,106.96
9037,3035,75,4,236.3
9038,3035,166,4,136.91
9039,3035,101,4,374.06
9040,3035,64,2,426.13
9041,3036,51,4,135.91
9042,3036,86,2,392.37
9043,3036,182,3,409.99
9044,3036,18,1,439.18
9045,3037,112,1,244.05
9046,3037,137,1,342.62
9047,3037,153,3,61.92
9048,3037,77,3,297.99
9049,3038,163,4,105.08
9050,3038,51,2,432.21
9051,3038,6,4,48.16
9052,3038,65,2,445.28
9053,3038,115,3,138.45
9054,3039,152,2,428.23
9055,3039,6,3,336.0
9056,3039,197,2,207.9
9057,3039,48,4,19.35
9058,3039,104,4,170.39
9059,3040,124,1,320.07
9060,3041,41,2,123.38
9061,3042,56,1,68.05
9062,3043,94,3,480.18
9063,3043,27,2,455.07
9064,3043,64,4,208.56
9065,3044,86,1,247.19
9066,3045,165,3,63.96
9067,3045,8,4,137.33
9068,3045,127,1,482.98
9069,3045,136,2,381.87
9070,3046,136,3,258.58
9071,3046,51,1,117.86
9072,3046,133,3,233.91
9073,3046,111,3,331.67
9074,3047,68,2,242.21
9075,3047,132,1,309.1
9076,3047,49,1,434.1
9077,3048,170,4,402.78
9078,3048,66,2,370.98
9079,3049,191,3,374.33
9080,3049,129,3,474.34
9081,3049,69,1,277.66
9082,3049,169,3,498.28
9083,3050,52,2,486.0
9084,3051,112,1,423.15
9085,3051,88,2,214.55
9086,3051,160,1,66.48
9087,3052,167,1,449.97
9088,3052,156,4,193.64
9089,3053,43,2,182.32
9090,3053,103,3,136.04
9091,3053,1,2,19.53
9092,3053,153,1,402.61
9093,3053,71,1,403.13
9094,3054,42,1,63.15
9095,3054,161,3,111.43
9096,3055,6,3,68.37
9097,3056,180,1,380.24
9098,3056,178,4,466.97
9099,3057,136,1,391.97
9100,3057,9,2,455.47
9101,3057,15,3,152.17
9102,3058,133,3,224.52
9103,3058,125,4,443.06
9104,3059,70,3,320.85
9105,3059,84,2,265.5
9106,3060,138,2,245.58
9107,3061,36,4,466.24
9108,3061,34,3,434.7
9109,3061,26,3,96.41
9110,3061,93,3,325.03
9111,3061,176,4,388.13
9112,3062,87,3,297.92
9113,3063,32,4,365.33
9114,3063,159,3,423.26
9115,3063,68,4,196.9
9116,3063,173,3,12.37
9117,3063,182,3,258.69
9118,3064,183,3,369.86
9119,3065,168,3,147.61
9120,3065,183,3,25.33
9121,3066,114,4,299.85
9122,3067,154,2,187.29
9123,3067,86,1,430.11
9124,3067,130,2,333.7
9125,3068,77,4,384.98
9126,3068,116,4,467.22
9127,3068,70,3,289.34
9128,3069,182,1,67.46
9129,3069,132,4,78.45
9130,3069,74,2,243.85
9131,3070,5,4,35.75
9132,3071,154,3,275.97
9133,3071,80,4,233.61
9134,3071,68,1,221.01
9135,3072,88,4,331.2
9136,3072,126,1,81.25
9137,3072,94,2,175.04
9138,3072,8,2,389.38
9139,3072,111,4,135.44
9140,3073,78,1,392.21
9141,3073,199,2,247.96
9142,3073,174,4,201.66
9143,3073,51,1,471.25
9144,3074,178,2,141.77
9145,3075,87,3,480.39
9146,3076,75,3,181.04
9147,3076,87,3,462.2
9148,3077,109,2,105.75
9149,3078,107,1,282.44
9150,3078,157,3,380.52
9151,3078,78,1,19.83
9152,3078,107,1,150.38
9153,3079,95,3,341.84
9154,3080,24,4,293.62
9155,3080,58,4,280.21
9156,3081,175,2,435.82
9157,3081,172,4,22.84
9158,3081,148,3,324.88
9159,3081,7,1,21.54
9160,3081,96,2,300.62
9161,3082,53,2,26.64
9162,3082,104,3,29.0
9163,3082,157,2,344.56
9164,3083,147,4,125.28
9165,3083,151,1,96.55
9166,3084,144,4,261.79
9167,3084,168,1,282.0
9168,3084,158,2,266.47
9169,3084,73,4,262.27
9170,3084,193,4,387.6
9171,3085,192,3,440.94
9172,3085,35,1,274.12
9173,3086,48,3,97.24
9174,3087,75,4,142.66
9175,3087,187,4,156.94
9176,3087,8,3,234.23
9177,3087,144,2,384.42
9178,3088,154,4,206.2
9179,3088,114,3,261.55
9180,3088,175,4,224.6
9181,3088,78,3,306.65
9182,3089,135,4,333.56
9183,3089,79,3,195.09
9184,3089,157,2,491.47
9185,3089,146,3,128.41
9186,3090,112,4,158.92
9187,3090,37,2,309.45
9188,3090,3,2,315.17
9189,3091,143,4,137.79
9190,3092,100,4,335.5
9191,3092,133,1,479.57
9192,3092,32,2,420.69
9193,3092,148,2,125.28
9194,3093,99,4,73.0
9195,3093,14,2,236.52
9196,3093,59,4,354.97
9197,3094,100,1,105.86
9198,3095,181,3,250.41
9199,3095,63,1,464.48
9200,3095,85,3,294.14
9201,3096,170,4,327.6
9202,3096,171,3,413.71
9203,3096,118,4,283.0
9204,3096,1,1,443.91
9205,3097,102,4,327.57
9206,3097,67,3,470.62
9207,3098,58,2,236.11
9208,3098,95,4,58.15
9209,3098,112,3,100.48
9210,3098,65,3,92.9
9211,3099,23,4,224.32
9212,3099,117,1,433.4
9213,3100,84,1,317.63
9214,3100,24,3,336.98
9215,3101,105,3,315.54
9216,3101,61,2,161.72
9217,3101,141,3,29.58
9218,3102,48,2,356.24
9219,3102,129,4,450.03
9220,3103,126,1,390.81
9221,3103,33,2,106.21
9222,3104,11,1,369.66
9223,3104,126,1,23.89
9224,3104,39,2,303.55
9225,3104,136,3,178.04
9226,3105,197,4,184.12
9227,3105,154,1,170.21
9228,3105,34,4,14.38
9229,3105,47,3,310.13
9230,3105,110,1,478.95
9231,3106,82,2,27.15
9232,3106,2,4,242.17
9233,3107,57,1,216.91
9234,3108,36,1,203.72
9235,3108,151,4,147.31
9236,3109,29,3,499.18
9237,3109,62,2,26.64
9238,3109,63,1,306.75
9239,3109,114,3,128.21
9240,3110,109,4,178.94
9241,3110,12,2,114.72
9242,3110,103,1,452.64
9243,3110,92,3,257.55
9244,3111,117,3,169.22
9245,3111,39,4,231.17
9246,3111,36,1,338.85
9247,3112,37,4,363.39
9248,3113,92,4,277.18
9249,3114,1,3,233.87
9250,3114,20,1,485.88
9251,3114,22,1,425.45
9252,3114,117,2,406.05
9253,3114,62,3,400.72
9254,3115,195,2,13.27
9255,3115,95,3,267.21
9256,3116,21,4,168.77
9257,3116,15,4,292.93
9258,3116,49,2,431.04
9259,3117,9,2,139.35
9260,3117,102,3,209.07
9261,3118,190,1,288.9
9262,3118,37,1,155.77
9263,3118,199,1,164.88
9264,3119,9,3,53.77
9265,3119,156,2,99.23
9266,3119,101,3,363.09
9267,3119,58,4,105.53
9268,3119,61,1,161.28
9269,3120,50,4,351.78
9270,3120,14,1,290.93
9271,3120,139,3,64.16
9272,3121,116,4,21.34
9273,3121,166,2,52.47
9274,3122,113,1,60.1
9275,3122,48,3,353.36
9276,3122,160,2,278.14
9277,3123,161,4,50.8
9278,3123,165,3,193.44
9279,3124,155,4,190.61
9280,3124,91,1,249.32
9281,3124,190,2,484.1
9282,3124,199,2,20.11
9283,3125,176,3,361.95
9284,3126,199,4,305.25
9285,3127,184,1,246.62
9286,3127,55,4,147.32
9287,3128,155,3,362.73
9288,3128,12,4,178.44
9289,3128,184,3,464.4
9290,3128,91,2,489.66
9291,3128,86,2,466.04
9292,3129,170,4,426.98
9293,3130,148,3,199.02
9294,3131,138,3,215.56
9295,3131,168,2,227.83
9296,3131,149,2,208.28
9297,3131,195,2,489.21
9298,3132,32,4,258.7
9299,3133,7,2,220.82
9300,3134,151,3,422.94
9301,3135,168,4,29.23
9302,3136,128,4,335.05
9303,3136,136,1,175.64
9304,3137,120,4,426.31
9305,3137,13,1,142.38
9306,3137,151,4,71.4
9307,3137,99,2,441.07
9308,3138,86,4,325.5
9309,3138,198,4,156.42
9310,3138,8,4,227.55
9311,3138,163,3,481.07
9312,3138,93,4,349.21
9313,3139,43,2,23.27
9314,3139,31,2,187.36
9315,3139,62,4,399.55
9316,3139,188,2,179.09
9317,3139,13,4,181.68
9318,3140,185,4,321.29
9319,3140,49,3,272.96
9320,3140,142,2,366.76
9321,3141,131,4,472.22
9322,3141,73,4,228.31
9323,3141,62,3,432.34
9324,3142,168,3,112.0
9325,3142,61,3,196.38
9326,3142,149,4,377.1
9327,3143,198,1,421.96
9328,3143,157,2,35.48
9329,3144,164,1,78.61
9330,3144,126,1,290.78
9331,3144,146,4,481.27
9332,3144,148,2,109.36
9333,3145,161,1,126.43
9334,3145,143,4,280.62
9335,3146,136,2,260.22
9336,3146,189,4,190.09
9337,3146,61,3,422.34
9338,3146,46,4,346.33
9339,3147,173,3,388.9
9340,3147,126,3,242.63
9341,3147,32,1,97.22
9342,3147,41,4,297.49
9343,3147,171,2,148.74
9344,3148,60,2,401.32
9345,3148,36,2,45.94
9346,3148,166,4,257.79
9347,3148,86,1,397.64
9348,3149,96,1,161.55
9349,3149,124,4,363.76
9350,3149,200,1,232.05
9351,3149,53,1,457.74
9352,3150,78,3,107.17
9353,3150,64,1,39.01
9354,3151,9,2,450.47
9355,3151,118,2,29.83
9356,3151,70,1,367.87
9357,3152,180,3,228.1
9358,3152,91,4,97.29
9359,3152,157,3,102.55
9360,3152,148,1,206.43
9361,3152,97,4,488.36
9362,3153,81,3,13.2
9363,3153,147,3,117.78
9364,3153,149,3,136.68
9365,3153,28,1,394.0
9366,3153,18,1,153.42
9367,3154,122,3,313.01
9368,3154,90,3,421.54
9369,3154,39,1,460.81
9370,3154,1,1,426.15
9371,3154,19,4,307.59
9372,3155,55,2,382.52
9373,3156,95,4,485.71
9374,3156,83,2,266.69
9375,3157,26,1,165.85
9376,3158,77,4,187.87
9377,3158,14,1,435.97
9378,3159,176,2,195.25
9379,3159,78,3,454.75
9380,3159,73,4,494.63
9381,3160,60,3,355.98
9382,3161,182,2,76.32
9383,3161,64,3,6.96
9384,3161,22,4,126.83
9385,3161,76,2,141.72
9386,3161,99,1,459.57
9387,3162,67,4,344.16
9388,3162,185,1,211.47
9389,3162,64,1,30.48
9390,3163,101,2,171.96
9391,3164,190,2,5.23
9392,3165,163,1,246.36
9393,3165,103,1,194.57
9394,3165,11,3,220.88
9395,3166,188,3,138.56
9396,3166,50,2,338.69
9397,3166,112,4,183.03
9398,3166,4,2,261.35
9399,3166,153,1,167.73
9400,3167,30,4,325.16
9401,3167,26,3,364.88
9402,3167,141,2,285.08
9403,3167,181,3,92.95
9404,3167,78,2,89.24
9405,3168,165,1,326.95
9406,3169,156,3,254.37
9407,3169,75,1,145.7
9408,3169,193,1,112.12
9409,3169,132,3,348.22
9410,3169,102,2,292.34
9411,3170,83,2,7.83
9412,3170,31,2,411.29
9413,3170,8,1,227.86
9414,3170,11,2,30.56
9415,3171,180,3,220.74
9416,3171,129,4,204.61
9417,3171,160,3,274.16
9418,3172,119,2,470.05
9419,3172,154,1,127.41
9420,3173,156,1,457.0
9421,3173,80,3,348.46
9422,3173,148,1,498.09
9423,3174,39,1,282.07
9424,3174,7,1,53.7
9425,3175,36,2,55.66
9426,3175,104,2,444.17
9427,3175,61,3,95.6
9428,3176,38,3,200.3
9429,3176,101,4,417.65
9430,3177,3,2,160.0
9431,3177,194,3,83.67
9432,3178,11,4,239.67
9433,3178,8,3,387.52
9434,3178,159,2,327.65
9435,3178,163,4,321.7
9436,3179,121,3,30.65
9437,3179,139,4,245.96
9438,3179,35,1,24.66
9439,3179,167,3,93.35
9440,3180,62,2,350.98
9441,3181,5,4,483.43
9442,3182,36,3,141.87
9443,3182,111,3,148.22
9444,3182,17,4,373.75
9445,3182,171,2,298.8
9446,3183,149,3,351.16
9447,3183,57,1,403.44
9448,3184,49,4,325.81
9449,3184,172,2,389.65
9450,3184,118,4,260.41
9451,3184,123,1,140.73
9452,3184,167,2,179.38
9453,3185,21,3,291.51
9454,3185,19,1,364.11
9455,3186,48,1,327.15
9456,3186,82,2,159.67
9457,3186,120,1,176.36
9458,3186,121,1,250.33
9459,3186,96,1,362.99
9460,3187,73,4,102.92
9461,3187,89,4,192.05
9462,3187,107,4,67.0
9463,3187,19,2,275.68
9464,3187,3,3,456.42
9465,3188,200,3,278.46
9466,3188,190,3,142.56
9467,3188,44,2,450.61
9468,3188,150,3,171.64
9469,3188,51,2,355.45
9470,3189,18,3,150.6
9471,3189,149,4,108.04
9472,3189,177,3,59.32
9473,3189,192,1,17.83
9474,3189,106,4,157.77
9475,3190,59,4,379.37
9476,3190,188,1,471.68
9477,3190,86,1,129.65
9478,3190,126,2,250.83
9479,3191,61,3,71.48
9480,3191,180,4,422.42
9481,3192,182,2,442.34
9482,3193,163,1,74.26
9483,3193,21,4,36.25
9484,3194,168,2,179.89
9485,3194,79,4,372.15
9486,3194,192,3,439.28
9487,3194,31,1,452.06
9488,3194,113,3,474.26
9489,3195,56,1,48.4
9490,3195,156,2,123.11
9491,3195,27,1,498.17
9492,3195,129,4,85.18
9493,3196,188,3,391.83
9494,3196,149,3,338.3
9495,3196,7,1,121.26
9496,3196,137,1,257.17
9497,3197,77,3,359.06
9498,3197,174,1,459.26
9499,3197,34,1,252.9
9500,3197,78,1,354.68
9501,3198,115,1,71.68
9502,3199,109,4,268.81
9503,3200,195,1,144.37
9504,3200,156,4,431.63
9505,3201,171,2,481.51
9506,3201,72,2,323.89
9507,3202,55,2,156.86
9508,3202,34,1,26.48
9509,3202,93,1,436.04
9510,3203,102,1,37.49
9511,3203,162,3,59.71
9512,3203,32,2,171.43
9513,3204,78,2,28.43
9514,3204,121,2,343.89
9515,3204,33,2,300.41
9516,3204,92,4,378.74
9517,3204,178,4,69.59
9518,3205,200,1,356.83
9519,3205,196,4,359.08
9520,3205,117,4,214.64
9521,3205,189,4,459.32
9522,3206,129,4,235.04
9523,3206,20,2,395.97
9524,3207,137,2,309.29
9525,3208,72,4,116.29
9526,3209,151,3,162.95
9527,3210,131,1,324.37
9528,3210,117,2,143.87
9529,3210,138,1,251.82
9530,3210,149,4,390.54
9531,3211,161,1,177.18
9532,3211,125,3,257.45
9533,3212,28,3,123.02
9534,3212,101,2,21.32
9535,3212,72,3,302.47
9536,3212,197,2,293.85
9537,3212,115,1,338.76
9538,3213,106,2,260.7
9539,3214,3,2,488.67
9540,3214,190,4,481.95
9541,3214,20,3,102.62
9542,3214,144,3,97.03
9543,3215,175,3,360.9
9544,3215,194,2,338.52
9545,3215,69,3,468.8
9546,3216,195,4,230.74
9547,3216,179,2,323.95
9548,3216,187,2,487.6
9549,3216,28,1,371.43
9550,3217,71,1,385.67
9551,3218,195,1,493.65
9552,3218,45,3,204.25
9553,3218,177,4,186.7
9554,3218,126,1,446.79
9555,3219,178,3,278.22
9556,3220,134,4,132.27
9557,3221,33,3,153.81
9558,3221,128,1,349.37
9559,3221,145,4,237.66
9560,3221,30,1,489.93
9561,3222,200,1,119.31
9562,3222,41,3,234.31
9563,3222,13,3,331.51
9564,3222,58,1,234.47
9565,3223,169,4,387.48
9566,3223,145,4,330.35
9567,3223,66,1,378.61
9568,3223,164,1,134.09
9569,3224,26,4,223.94
9570,3224,153,2,134.26
9571,3224,147,2,145.4
9572,3224,6,3,428.26
9573,3224,32,1,464.9
9574,3225,24,4,385.06
9575,3226,64,1,407.97
9576,3226,92,4,408.72
9577,3227,43,4,186.77
9578,3228,6,2,139.26
9579,3229,51,2,180.28
9580,3229,98,4,151.53
9581,3229,177,3,108.94
9582,3230,167,2,106.72
9583,3231,28,1,61.2
9584,3231,7,2,18.75
9585,3231,3,4,55.72
9586,3232,53,1,393.11
9587,3232,93,2,92.39
9588,3232,173,3,136.07
9589,3232,166,4,393.17
9590,3232,113,2,375.39
9591,3233,68,2,161.4
9592,3233,109,1,66.23
9593,3233,105,1,481.84
9594,3233,81,3,138.72
9595,3233,37,4,397.09
9596,3234,85,3,108.78
9597,3234,196,3,269.98
9598,3234,40,4,267.33
9599,3235,16,1,138.51
9600,3235,157,3,483.91
9601,3235,47,2,71.12
9602,3236,152,2,413.61
9603,3236,131,1,348.36
9604,3236,172,3,438.57
9605,3237,8,3,18.87
9606,3237,127,3,27.56
9607,3237,128,1,295.03
9608,3237,162,4,405.11
9609,3237,93,3,395.24
9610,3238,92,2,143.85
9611,3238,180,4,248.71
9612,3239,200,3,284.92
9613,3239,68,2,21.79
9614,3239,110,3,404.33
9615,3240,99,2,198.14
9616,3241,190,4,185.26
9617,3241,94,2,250.94
9618,3242,91,3,328.35
9619,3242,98,1,293.49
9620,3242,36,1,15.96
9621,3242,66,1,236.56
9622,3242,93,3,405.86
9623,3243,112,1,50.83
9624,3243,112,1,288.88
9625,3243,158,2,74.96
9626,3243,162,3,237.02
9627,3243,113,2,201.58
9628,3244,181,4,151.84
9629,3245,56,2,189.01
9630,3246,77,2,338.62
9631,3246,153,3,474.13
9632,3246,40,4,280.62
9633,3246,92,2,344.41
9634,3246,63,4,49.95
9635,3247,68,4,364.32
9636,3247,87,3,304.23
9637,3247,192,3,357.07
9638,3247,91,4,367.86
9639,3247,30,2,227.07
9640,3248,182,3,342.12
9641,3248,169,2,222.53
9642,3248,28,2,70.7
9643,3248,38,3,451.61
9644,3249,54,4,431.94
9645,3249,34,4,196.79
9646,3249,119,4,459.47
9647,3249,70,1,384.39
9648,3249,71,1,142.69
9649,3250,170,3,54.15
9650,3250,42,4,119.55
9651,3250,21,1,482.59
9652,3251,182,2,268.29
9653,3251,155,2,23.74
9654,3252,151,3,89.01
9655,3252,135,2,223.96
9656,3252,108,4,243.35
9657,3253,160,2,162.58
9658,3253,68,2,455.77
9659,3254,188,2,359.15
9660,3254,134,2,305.92
9661,3255,21,3,64.25
9662,3255,4,2,192.78
9663,3256,18,3,100.89
9664,3256,161,3,477.11
9665,3257,146,4,485.77
9666,3257,88,2,437.92
9667,3257,18,3,451.79
9668,3257,122,2,60.14
9669,3258,2,2,37.42
9670,3258,117,2,20.01
9671,3259,14,4,313.23
9672,3259,60,4,227.4
9673,3259,59,1,491.29
9674,3260,71,1,372.33
9675,3260,133,3,30.58
9676,3261,172,3,305.24
9677,3261,179,1,265.12
9678,3261,106,1,5.13
9679,3261,16,4,79.62
9680,3262,22,2,472.16
9681,3262,32,3,176.85
9682,3262,63,3,287.27
9683,3262,198,1,70.05
9684,3263,159,4,473.31
9685,3263,30,4,183.59
9686,3263,159,1,102.86
9687,3264,135,1,398.21
9688,3264,1,3,469.78
9689,3264,120,3,10.83
9690,3264,188,3,65.27
9691,3264,57,1,28.3
9692,3265,127,3,260.26
9693,3265,125,3,173.63
9694,3265,139,3,475.0
9695,3265,2,3,289.64
9696,3266,12,3,311.21
9697,3266,113,2,451.12
9698,3266,101,4,312.9
9699,3267,115,2,253.34
9700,3267,87,1,272.39
9701,3268,11,3,397.65
9702,3268,58,3,383.89
9703,3269,103,2,57.49
9704,3269,99,3,332.89
9705,3269,76,2,429.87
9706,3270,109,4,227.32
9707,3271,143,4,284.0
9708,3271,189,3,268.78
9709,3271,115,3,312.19
9710,3271,193,1,32.03
9711,3272,165,2,489.28
9712,3272,75,1,254.48
9713,3272,160,2,328.29
9714,3272,116,3,112.23
9715,3273,41,3,289.62
9716,3274,190,3,181.41
9717,3274,172,2,463.52
9718,3274,67,2,493.35
9719,3274,113,1,138.85
9720,3275,124,2,197.54
9721,3276,96,4,394.25
9722,3276,46,4,450.47
9723,3276,151,2,379.64
9724,3276,199,2,335.77
9725,3277,54,3,389.28
9726,3277,31,2,185.28
9727,3277,124,2,494.56
9728,3277,40,2,7.41
9729,3278,169,3,394.9
9730,3278,30,3,120.89
9731,3278,181,3,94.91
9732,3278,199,4,193.43
9733,3279,186,1,438.35
9734,3279,86,4,406.54
9735,3279,55,4,328.41
9736,3279,12,2,20.26
9737,3279,69,1,411.47
9738,3280,87,2,66.88
9739,3280,132,3,219.67
9740,3280,138,3,310.18
9741,3280,174,4,433.54
9742,3281,189,4,401.63
9743,3282,128,3,469.63
9744,3283,64,4,20.54
9745,3283,14,3,367.96
9746,3284,73,2,196.82
9747,3284,113,1,331.86
9748,3284,164,4,122.99
9749,3285,48,1,453.74
9750,3285,123,4,401.0
9751,3285,2,3,131.21
9752,3285,96,4,217.4
9753,3286,195,4,157.27
9754,3286,71,2,247.07
9755,3286,93,2,315.74
9756,3287,129,4,90.69
9757,3287,54,3,344.59
9758,3287,45,1,318.33
9759,3287,35,2,358.31
9760,3287,148,2,65.72
9761,3288,119,1,109.75
9762,3289,75,3,474.3
9763,3290,117,4,40.18
9764,3290,171,3,59.68
9765,3290,119,4,198.34
9766,3290,76,3,211.76
9767,3291,22,1,203.93
9768,3291,190,3,188.44
9769,3291,168,4,248.32
9770,3291,171,4,377.16
9771,3291,103,3,409.13
9772,3292,103,3,242.93
9773,3292,101,1,283.26
9774,3292,33,1,252.57
9775,3292,189,3,425.68
9776,3293,80,3,440.83
9777,3293,48,1,248.05
9778,3293,16,3,288.75
9779,3293,138,4,266.96
9780,3294,125,2,236.67
9781,3294,77,3,75.16
9782,3294,2,4,43.12
9783,3294,180,3,347.71
9784,3294,107,2,299.48
9785,3295,166,4,393.64
9786,3295,71,1,35.54
9787,3296,79,4,431.12
9788,3296,111,2,294.16
9789,3297,66,2,32.53
9790,3298,146,2,124.7
9791,3298,6,1,58.7
9792,3299,172,1,203.24
9793,3299,65,3,174.85
9794,3299,128,3,188.91
9795,3300,40,4,56.65
9796,3300,20,3,100.46
9797,3300,156,4,468.52
9798,3301,55,3,41.06
9799,3301,116,2,326.83
9800,3301,117,1,330.08
9801,3301,85,3,484.6
9802,3301,109,4,486.82
9803,3302,183,3,356.74
9804,3302,191,4,333.83
9805,3302,18,4,328.4
9806,3302,37,3,472.55
9807,3302,100,1,347.79
9808,3303,29,4,68.81
9809,3303,109,3,318.74
9810,3303,108,2,298.0
9811,3303,101,3,73.01
9812,3303,135,3,419.07
9813,3304,49,4,243.29
9814,3304,187,1,49.78
9815,3304,2,2,329.21
9816,3304,127,1,305.33
9817,3305,185,2,419.16
9818,3305,49,4,83.63
9819,3305,33,1,389.04
9820,3306,147,1,318.79
9821,3307,44,3,408.68
9822,3307,186,3,211.45
9823,3307,47,2,22.65
9824,3307,101,3,215.39
9825,3308,55,3,23.05
9826,3308,40,3,98.36
9827,3308,34,4,68.47
9828,3308,62,1,477.43
9829,3308,4,2,31.56
9830,3309,153,3,37.45
9831,3309,71,2,35.34
9832,3309,73,3,98.87
9833,3310,125,3,187.69
9834,3311,189,2,471.12
9835,3311,132,1,428.21
9836,3312,120,1,74.16
9837,3312,70,1,154.63
9838,3312,52,1,16.9
9839,3312,159,1,236.69
9840,3312,25,2,121.63
9841,3313,194,4,239.98
9842,3313,165,2,247.31
9843,3314,113,4,37.11
9844,3314,33,4,181.7
9845,3314,58,3,163.64
9846,3315,120,1,93.96
9847,3315,100,4,216.86
9848,3315,87,2,292.15
9849,3316,156,3,93.72
9850,3316,182,1,416.97
9851,3317,16,1,107.81
9852,3317,66,2,320.11
9853,3317,146,1,221.15
9854,3318,157,3,254.6
9855,3318,74,4,239.21
9856,3318,56,1,416.52
9857,3318,155,1,114.42
9858,3318,29,1,78.28
9859,3319,63,3,160.95
9860,3319,171,1,474.72
9861,3319,47,1,395.94
9862,3319,23,4,470.5
9863,3319,48,2,21.63
9864,3320,154,1,27.7
9865,3320,184,3,417.91
9866,3320,49,4,129.34
9867,3321,75,3,109.08
9868,3321,42,4,296.18
9869,3321,65,2,82.37
9870,3322,119,2,86.75
9871,3323,184,2,162.97
9872,3323,119,1,424.35
9873,3323,130,4,461.26
9874,3323,82,4,57.68
9875,3324,139,3,112.93
9876,3324,4,1,296.06
9877,3325,55,2,174.34
9878,3325,188,4,324.47
9879,3325,122,4,442.93
9880,3325,73,4,187.99
9881,3326,43,3,482.14
9882,3326,168,1,124.46
9883,3326,71,4,320.67
9884,3326,57,2,357.31
9885,3327,167,4,428.56
9886,3327,136,3,469.45
9887,3327,198,1,170.42
9888,3328,86,1,235.44
9889,3328,127,2,160.22
9890,3329,94,1,394.87
9891,3329,128,4,286.6
9892,3329,99,3,353.3
9893,3329,145,3,456.99
9894,3329,105,3,395.59
9895,3330,181,2,226.61
9896,3330,81,2,95.26
9897,3331,133,3,320.53
9898,3331,23,1,284.16
9899,3331,48,2,166.4
9900,3332,91,4,459.32
9901,3332,163,3,420.39
9902,3332,51,4,322.38
9903,3333,106,1,140.14
9904,3333,73,2,468.18
9905,3333,79,2,33.42
9906,3333,159,4,27.89
9907,3334,40,2,297.22
9908,3334,37,1,12.99
9909,3334,200,2,184.04
9910,3334,194,2,159.14
9911,3335,40,2,305.64
9912,3335,95,1,48.04
9913,3335,173,3,286.04
9914,3335,35,3,17.66
9915,3335,111,3,103.08
9916,3336,138,2,331.32
9917,3336,169,3,377.0
9918,3336,104,4,345.08
9919,3336,7,1,475.69
9920,3337,80,3,202.62
9921,3337,101,4,305.75
9922,3338,111,1,341.6
9923,3338,145,3,109.13
9924,3339,175,3,453.18
9925,3339,5,3,171.02
9926,3340,43,4,397.41
9927,3340,97,4,284.95
9928,3340,38,2,404.56
9929,3340,200,2,167.06
9930,3341,63,3,360.33
9931,3341,106,2,239.42
9932,3341,15,3,236.42
9933,3341,50,2,130.39
9934,3342,102,1,27.76
9935,3342,26,3,301.75
9936,3342,191,4,48.03
9937,3342,13,4,435.69
9938,3343,141,4,380.09
9939,3343,192,4,471.61
9940,3343,158,2,139.56
9941,3343,65,3,445.3
9942,3343,194,2,341.69
9943,3344,22,4,312.68
9944,3344,83,4,401.0
9945,3344,59,3,140.17
9946,3345,59,2,435.07
9947,3345,140,2,274.51
9948,3345,32,4,291.75
9949,3345,49,3,237.11
9950,3345,150,1,403.23
9951,3346,127,2,317.66
9952,3346,157,1,50.07
9953,3346,173,2,84.17
9954,3346,8,1,195.85
9955,3347,47,1,7.92
9956,3347,40,2,292.07
9957,3347,94,2,112.04
9958,3348,102,2,341.05
9959,3348,75,1,298.86
9960,3349,125,1,95.88
9961,3349,32,4,244.53
9962,3350,160,3,304.18
9963,3350,63,1,333.23
9964,3351,103,1,8.86
9965,3351,2,1,329.8
9966,3351,164,1,475.85
9967,3352,194,2,469.81
9968,3352,80,2,132.3
9969,3353,30,3,457.01
9970,3353,81,3,360.8
9971,3353,78,4,311.31
9972,3353,30,4,488.3
9973,3354,3,2,243.9
9974,3354,137,2,453.53
9975,3354,66,1,28.06
9976,3354,61,1,431.22
9977,3355,161,1,93.47
9978,3355,53,2,61.06
9979,3355,171,1,17.38
9980,3356,46,3,350.46
9981,3356,140,2,73.72
9982,3357,183,4,195.27
9983,3357,93,2,329.49
9984,3358,57,1,53.87
9985,3359,186,3,86.98
9986,3359,191,2,87.9
9987,3359,99,4,341.42
9988,3360,115,1,60.91
9989,3360,111,4,398.36
9990,3360,190,4,369.74
9991,3360,154,1,93.86
9992,3361,130,4,437.96
9993,3361,194,2,218.99
9994,3362,44,1,309.32
9995,3362,77,1,244.25
9996,3363,165,1,145.04
9997,3363,173,1,183.7
9998,3364,134,3,390.76
9999,3364,16,3,18.6
10000,3364,83,3,6.3
10001,3364,67,3,86.09
10002,3364,75,4,464.9
10003,3365,128,3,220.9
10004,3365,157,4,29.51
10005,3366,7,4,199.39
10006,3366,169,3,416.24
10007,3367,83,3,360.35
10008,3367,2,1,251.29
10009,3368,117,4,124.98
10010,3368,186,2,276.51
10011,3369,177,2,69.57
10012,3370,193,2,36.29
10013,3371,110,2,425.67
10014,3372,159,1,185.12
10015,3373,103,3,36.79
10016,3374,122,1,360.91
10017,3374,118,1,335.81
10018,3374,70,3,469.88
10019,3375,112,4,476.3
10020,3375,162,1,85.95
10021,3375,66,1,226.68
10022,3375,170,1,157.41
10023,3375,77,1,470.32
10024,3376,148,1,457.39
10025,3377,179,4,252.42
10026,3377,178,4,235.04
10027,3377,107,1,294.31
10028,3378,145,4,370.21
10029,3378,25,4,24.31
10030,3378,40,1,227.68
10031,3379,124,4,380.4
10032,3380,171,2,279.78
10033,3380,65,3,478.84
10034,3381,42,4,232.92
10035,3381,35,3,431.71
10036,3381,187,2,34.36
10037,3381,91,2,268.4
10038,3381,135,4,393.0
10039,3382,45,4,478.87
10040,3382,159,2,111.41
10041,3382,186,3,351.79
10042,3382,176,1,85.89
10043,3383,157,2,289.79
10044,3384,183,3,384.07
10045,3384,74,3,136.95
10046,3385,150,2,162.95
10047,3385,195,4,399.05
10048,3386,155,1,278.77
10049,3386,142,4,332.45
10050,3387,122,2,170.08
10051,3387,58,2,429.16
10052,3388,162,2,32.98
10053,3388,27,4,214.94
10054,3388,63,3,390.87
10055,3388,30,3,347.12
10056,3389,102,2,131.44
10057,3389,177,3,92.64
10058,3389,107,2,203.57
10059,3390,108,2,444.01
10060,3390,50,3,232.39
10061,3390,73,3,136.84
10062,3390,93,1,371.4
10063,3390,168,3,105.68
10064,3391,22,1,57.1
10065,3391,87,3,445.26
10066,3392,86,4,322.56
10067,3392,43,1,317.73
10068,3392,137,3,93.92
10069,3392,161,3,192.39
10070,3392,130,1,450.12
10071,3393,29,1,489.46
10072,3393,105,3,377.45
10073,3393,165,2,451.53
10074,3393,170,4,147.7
10075,3393,151,4,90.9
10076,3394,55,4,190.46
10077,3394,166,1,183.27
10078,3394,1,1,235.04
10079,3395,95,1,399.48
10080,3395,57,3,242.65
10081,3395,146,2,459.11
10082,3396,87,4,407.32
10083,3397,84,2,498.83
10084,3397,7,1,74.46
10085,3397,104,3,452.52
10086,3398,164,4,470.19
10087,3398,79,2,373.66
10088,3398,163,1,460.85
10089,3398,162,4,11.56
10090,3398,108,4,61.54
10091,3399,161,4,124.96
10092,3399,115,3,305.53
10093,3399,38,1,261.84
10094,3399,126,1,195.95
10095,3399,3,4,43.38
10096,3400,22,3,292.75
10097,3400,27,1,450.69
10098,3400,82,1,73.7
10099,3400,49,1,210.58
10100,3401,48,4,86.7
10101,3402,107,2,321.24
10102,3402,29,2,34.74
10103,3402,101,1,135.82
10104,3402,180,3,74.8
10105,3402,10,4,311.15
10106,3403,155,4,255.1
10107,3403,67,2,21.05
10108,3403,16,1,146.53
10109,3403,72,3,72.53
10110,3403,101,1,322.61
10111,3404,64,4,38.53
10112,3404,91,3,88.98
10113,3405,182,3,231.19
10114,3405,83,4,350.28
10115,3405,55,4,352.65
10116,3405,156,2,298.55
10117,3405,8,3,160.62
10118,3406,169,2,198.03
10119,3406,112,1,237.18
10120,3406,185,1,24.98
10121,3406,151,2,304.6
10122,3407,82,1,387.08
10123,3408,15,2,173.8
10124,3408,112,1,437.91
10125,3408,136,3,384.91
10126,3408,162,4,311.39
10127,3408,99,4,359.76
10128,3409,55,3,157.09
10129,3409,120,4,13.46
10130,3409,125,3,423.4
10131,3409,44,1,33.19
10132,3410,100,2,333.33
10133,3410,98,3,420.04
10134,3411,6,2,428.03
10135,3411,89,3,35.14
10136,3411,90,2,164.22
10137,3411,96,2,171.5
10138,3411,71,2,237.96
10139,3412,10,4,362.75
10140,3412,107,3,387.85
10141,3412,83,4,448.55
10142,3413,192,3,365.07
10143,3413,192,2,168.48
10144,3413,44,2,471.87
10145,3413,191,3,212.56
10146,3413,152,1,45.73
10147,3414,41,4,296.55
10148,3414,163,2,312.48
10149,3415,42,2,394.34
10150,3415,102,4,131.12
10151,3415,150,1,75.39
10152,3416,87,3,23.83
10153,3416,1,1,282.33
10154,3416,195,1,174.53
10155,3416,183,1,470.97
10156,3416,73,2,210.35
10157,3417,82,2,419.39
10158,3417,140,3,39.25
10159,3417,52,4,190.68
10160,3417,64,3,84.71
10161,3418,80,2,362.89
10162,3419,70,1,258.01
10163,3420,63,2,135.41
10164,3420,105,1,39.13
10165,3420,154,4,265.16
10166,3420,49,4,76.24
10167,3421,155,2,331.21
10168,3421,178,1,146.99
10169,3421,183,1,243.08
10170,3422,63,2,492.78
10171,3423,130,3,149.48
10172,3424,64,4,328.08
10173,3424,111,1,334.16
10174,3424,174,1,317.08
10175,3425,57,4,455.74
10176,3426,176,1,20.55
10177,3426,62,4,245.33
10178,3427,118,4,230.19
10179,3427,107,3,383.8
10180,3427,117,4,159.02
10181,3427,90,3,168.76
10182,3428,65,1,308.62
10183,3428,179,3,105.01
10184,3429,13,2,194.0
10185,3430,96,2,121.34
10186,3430,13,2,100.11
10187,3430,64,2,328.14
10188,3431,94,1,159.11
10189,3431,168,3,171.5
10190,3432,6,2,191.38
10191,3432,5,4,73.61
10192,3432,109,1,195.83
10193,3432,73,1,163.31
10194,3433,130,4,221.3
10195,3433,28,4,479.8
10196,3433,144,2,368.71
10197,3434,179,4,128.38
10198,3434,45,3,31.57
10199,3434,146,3,413.4
10200,3434,44,3,88.03
10201,3435,190,3,256.09
10202,3435,53,4,233.74
10203,3436,140,2,270.82
10204,3436,136,1,297.91
10205,3436,184,3,415.92
10206,3437,174,3,314.35
10207,3437,18,3,160.22
10208,3437,101,3,499.23
10209,3437,111,3,384.89
10210,3438,2,1,132.62
10211,3438,95,2,155.06
10212,3438,40,4,250.28
10213,3438,94,3,131.54
10214,3438,3,1,253.54
10215,3439,176,3,383.43
10216,3439,32,3,191.0
10217,3439,12,2,214.64
10218,3439,37,3,452.33
10219,3439,191,2,454.26
10220,3440,177,3,334.69
10221,3441,163,4,124.45
10222,3442,173,2,57.39
10223,3443,4,4,295.77
10224,3443,33,1,195.74
10225,3443,69,3,243.31
10226,3444,89,3,325.56
10227,3444,184,2,435.26
10228,3444,195,4,247.49
10229,3444,129,3,460.61
10230,3445,109,4,262.93
10231,3446,92,4,59.36
10232,3446,84,3,418.75
10233,3446,174,4,45.07
10234,3447,150,3,490.28
10235,3447,145,2,213.19
10236,3447,192,2,197.06
10237,3447,105,1,174.11
10238,3447,95,3,64.11
10239,3448,57,2,295.57
10240,3449,34,3,453.62
10241,3449,20,2,189.73
10242,3450,152,2,45.35
10243,3451,116,3,281.23
10244,3451,195,4,291.97
10245,3451,142,3,265.17
10246,3451,147,4,371.07
10247,3451,22,4,465.21
10248,3452,127,1,133.64
10249,3452,53,4,287.5
10250,3453,196,3,407.78
10251,3453,188,1,213.87
10252,3454,31,2,243.93
10253,3455,29,4,198.27
10254,3456,24,4,125.64
10255,3456,175,1,419.24
10256,3456,93,3,116.98
10257,3456,100,1,212.93
10258,3456,39,2,100.36
10259,3457,107,4,107.01
10260,3457,189,3,247.71
10261,3457,96,4,312.07
10262,3458,134,3,401.19
10263,3458,1,3,440.54
10264,3458,182,1,112.46
10265,3458,191,2,237.04
10266,3458,5,2,377.44
10267,3459,182,4,155.78
10268,3459,178,4,107.47
10269,3460,175,2,394.59
10270,3460,106,1,62.39
10271,3461,63,1,344.93
10272,3462,130,4,483.46
10273,3462,170,1,283.28
10274,3462,52,1,356.53
10275,3463,196,1,235.98
10276,3463,155,1,405.72
10277,3463,54,4,214.83
10278,3463,101,2,199.18
10279,3463,185,3,242.68
10280,3464,41,4,476.07
10281,3464,84,3,171.46
10282,3465,157,1,359.98
10283,3465,171,3,494.01
10284,3465,8,2,247.83
10285,3465,56,3,318.31
10286,3466,40,3,371.12
10287,3466,33,4,476.66
10288,3467,26,3,28.48
10289,3467,188,2,31.98
10290,3467,104,4,279.95
10291,3467,117,1,67.27
10292,3468,39,3,425.36
10293,3468,160,3,398.76
10294,3468,155,1,252.75
10295,3469,61,2,455.11
10296,3469,183,1,167.36
10297,3469,71,4,223.65
10298,3469,106,3,289.3
10299,3469,63,4,364.31
10300,3470,106,3,73.14
10301,3470,43,2,353.05
10302,3470,193,4,58.72
10303,3470,146,3,329.99
10304,3471,34,3,283.14
10305,3472,49,3,371.48
10306,3472,82,4,242.73
10307,3472,105,4,43.03
10308,3473,138,4,174.91
10309,3473,88,1,389.59
10310,3473,9,1,350.23
10311,3473,153,3,361.53
10312,3473,191,4,260.21
10313,3474,179,3,479.84
10314,3474,194,2,194.89
10315,3474,4,1,291.69
10316,3474,73,1,81.35
10317,3474,118,1,210.46
10318,3475,172,2,207.83
10319,3475,181,4,269.78
10320,3475,113,2,5.35
10321,3476,163,2,277.54
10322,3476,141,1,472.03
10323,3477,159,4,201.03
10324,3477,123,4,489.36
10325,3477,114,2,472.41
10326,3477,52,4,115.65
10327,3477,199,3,254.13
10328,3478,108,4,5.48
10329,3478,164,1,291.76
10330,3478,179,1,177.02
10331,3479,74,2,296.53
10332,3479,126,4,21.81
10333,3479,67,4,410.26
10334,3479,52,2,42.57
10335,3480,152,3,138.92
10336,3481,127,2,360.75
10337,3481,13,3,261.15
10338,3481,129,4,269.23
10339,3481,15,2,168.61
10340,3481,25,2,483.97
10341,3482,108,2,161.54
10342,3482,127,1,344.78
10343,3482,145,3,260.26
10344,3482,79,1,425.46
10345,3483,32,3,306.16
10346,3483,120,1,25.24
10347,3483,19,1,483.26
10348,3483,9,4,108.77
10349,3484,101,4,459.25
10350,3484,182,2,317.25
10351,3484,187,4,145.11
10352,3485,60,1,279.46
10353,3485,71,1,109.28
10354,3485,148,3,473.43
10355,3485,97,4,38.5
10356,3485,57,2,59.06
10357,3486,76,2,466.59
10358,3486,139,3,329.1
10359,3486,182,2,182.44
10360,3487,150,1,102.18
10361,3488,192,1,291.02
10362,3488,43,3,36.21
10363,3488,47,3,284.53
10364,3489,10,2,381.36
10365,3489,36,2,281.12
10366,3489,182,4,341.29
10367,3489,120,4,427.03
10368,3489,10,4,416.54
10369,3490,82,1,447.65
10370,3490,200,3,13.26
10371,3490,55,4,277.31
10372,3490,137,4,146.95
10373,3490,172,2,15.57
10374,3491,105,2,84.73
10375,3491,194,2,318.65
10376,3492,47,4,377.29
10377,3493,2,4,65.59
10378,3493,80,1,277.71
10379,3494,27,1,407.29
10380,3494,131,4,32.96
10381,3495,116,4,40.38
10382,3495,35,2,382.8
10383,3495,59,1,461.32
10384,3495,136,4,163.2
10385,3496,92,2,122.92
10386,3497,107,1,192.15
10387,3497,126,4,59.83
10388,3498,195,4,332.88
10389,3498,45,4,165.2
10390,3498,193,4,36.75
10391,3499,148,4,240.93
10392,3499,67,3,51.9
10393,3499,191,3,161.6
10394,3500,91,4,360.99
10395,3500,77,2,491.63
10396,3501,168,1,355.06
10397,3501,134,3,474.4
10398,3501,196,1,410.37
10399,3501,81,4,240.78
10400,3502,89,1,163.28
10401,3502,110,3,369.33
10402,3502,127,1,326.26
10403,3502,16,4,376.7
10404,3502,137,1,485.42
10405,3503,189,2,496.28
10406,3503,150,2,133.29
10407,3503,83,1,92.85
10408,3503,125,3,257.03
10409,3503,110,1,128.07
10410,3504,97,2,345.63
10411,3504,53,2,125.88
10412,3504,160,3,73.51
10413,3505,14,3,43.18
10414,3505,87,4,427.35
10415,3505,164,2,204.2
10416,3505,138,1,412.82
10417,3506,174,2,234.67
10418,3506,97,1,334.22
10419,3506,192,4,387.58
10420,3507,149,4,479.5
10421,3507,65,4,211.89
10422,3507,47,2,318.13
10423,3507,7,2,343.84
10424,3508,144,4,377.29
10425,3508,178,2,209.54
10426,3508,25,2,459.41
10427,3508,157,2,93.53
10428,3509,198,2,466.91
10429,3510,131,1,434.18
10430,3510,196,4,96.79
10431,3511,188,1,456.16
10432,3511,93,3,174.15
10433,3511,72,1,422.44
10434,3512,138,2,47.34
10435,3512,197,1,30.33
10436,3512,60,3,204.16
10437,3513,130,2,218.39
10438,3513,49,3,335.53
10439,3514,79,4,291.89
10440,3515,93,4,54.63
10441,3515,129,4,328.85
10442,3515,24,2,78.14
10443,3515,190,3,34.54
10444,3516,105,3,196.04
10445,3516,161,2,152.54
10446,3516,99,1,344.19
10447,3516,135,2,109.4
10448,3516,148,2,426.26
10449,3517,134,3,200.55
10450,3517,171,2,199.5
10451,3518,63,1,426.71
10452,3518,76,4,25.73
10453,3519,39,1,121.63
10454,3519,54,4,159.24
10455,3519,13,3,392.53
10456,3519,171,4,144.24
10457,3520,62,3,427.35
10458,3520,182,2,429.93
10459,3520,175,1,118.23
10460,3520,25,1,358.1
10461,3521,106,2,385.46
10462,3521,111,2,492.44
10463,3521,37,3,184.6
10464,3521,82,3,40.82
10465,3522,163,3,229.59
10466,3522,97,2,85.61
10467,3522,148,3,42.6
10468,3522,27,1,258.17
10469,3522,135,4,44.5
10470,3523,190,1,95.41
10471,3524,108,1,320.39
10472,3524,114,3,308.18
10473,3524,86,2,258.0
10474,3525,185,4,446.15
10475,3526,19,1,211.12
10476,3526,161,4,275.12
10477,3526,74,3,493.44
10478,3527,20,4,177.83
10479,3527,46,3,80.67
10480,3528,50,3,136.71
10481,3528,66,1,233.15
10482,3528,18,1,345.07
10483,3528,194,2,310.19
10484,3528,96,1,88.62
10485,3529,164,1,421.06
10486,3529,112,4,51.67
10487,3529,139,3,120.82
10488,3530,128,1,131.09
10489,3531,66,1,89.5
10490,3531,142,2,149.89
10491,3531,195,2,82.52
10492,3532,172,1,181.49
10493,3532,168,2,28.54
10494,3532,151,3,73.65
10495,3532,113,4,276.03
10496,3532,31,2,211.44
10497,3533,12,3,380.83
10498,3533,123,2,493.49
10499,3533,35,3,376.17
10500,3534,154,3,123.11
10501,3534,64,2,185.86
10502,3535,65,4,407.97
10503,3535,62,2,255.39
10504,3535,73,3,28.4
10505,3535,174,2,243.51
10506,3536,54,3,81.41
10507,3536,188,3,370.0
10508,3536,5,2,116.26
10509,3537,164,3,411.46
10510,3537,74,4,329.4
10511,3537,33,1,260.09
10512,3537,6,3,487.43
10513,3538,127,1,170.62
10514,3538,8,3,63.37
10515,3538,33,2,235.98
10516,3538,44,1,34.38
10517,3538,14,4,130.3
10518,3539,177,2,286.16
10519,3539,178,1,238.47
10520,3539,125,3,427.78
10521,3539,3,1,104.2
10522,3539,66,3,200.27
10523,3540,136,4,168.13
10524,3540,125,2,242.04
10525,3540,200,3,301.44
10526,3541,114,2,113.47
10527,3542,121,3,56.25
10528,3542,2,1,273.9
10529,3542,50,4,260.8
10530,3543,92,2,396.31
10531,3543,174,3,7.35
10532,3544,199,3,62.9
10533,3544,5,2,200.98
10534,3545,113,3,70.54
10535,3545,111,4,282.52
10536,3545,144,1,112.43
10537,3545,190,1,216.54
10538,3546,18,4,160.97
10539,3546,67,1,128.0
10540,3546,63,4,195.81
10541,3546,69,2,306.86
10542,3546,132,2,379.15
10543,3547,160,3,123.96
10544,3547,94,2,371.55
10545,3548,134,3,98.16
10546,3549,61,3,353.88
10547,3549,8,1,46.62
10548,3549,159,4,418.7
10549,3549,78,4,489.25
10550,3550,173,4,428.83
10551,3550,10,3,381.62
10552,3551,148,4,232.12
10553,3552,94,4,488.45
10554,3552,87,4,473.17
10555,3552,60,4,51.58
10556,3553,198,3,15.51
10557,3553,121,2,454.72
10558,3554,25,1,261.85
10559,3554,191,1,150.2
10560,3554,29,4,483.36
10561,3554,81,4,314.33
10562,3554,72,2,20.69
10563,3555,176,4,332.57
10564,3556,148,1,196.67
10565,3556,130,4,94.61
10566,3556,106,2,157.56
10567,3556,18,1,20.86
10568,3557,143,4,227.38
10569,3557,29,2,195.59
10570,3557,123,2,276.86
10571,3557,18,2,421.3
10572,3558,126,3,456.34
10573,3558,43,3,290.84
10574,3559,160,4,17.79
10575,3560,185,3,340.31
10576,3561,50,4,358.06
10577,3561,16,3,111.18
10578,3561,107,2,66.37
10579,3562,104,4,15.79
10580,3562,32,4,376.93
10581,3562,66,3,275.98
10582,3562,25,3,376.12
10583,3562,1,1,34.26
10584,3563,114,3,208.1
10585,3564,14,4,159.61
10586,3565,197,4,83.66
10587,3565,106,2,92.35
10588,3565,144,3,375.83
10589,3565,79,2,229.46
10590,3566,151,4,289.98
10591,3566,190,2,448.58
10592,3566,96,1,399.5
10593,3567,177,2,407.16
10594,3567,105,3,495.93
10595,3567,115,3,256.82
10596,3567,119,2,477.6
10597,3568,180,3,97.82
10598,3569,166,1,399.07
10599,3569,178,4,232.5
10600,3569,143,3,101.54
10601,3570,122,3,464.55
10602,3571,16,2,178.35
10603,3571,16,1,150.29
10604,3571,52,1,207.46
10605,3572,91,2,242.75
10606,3572,1,4,59.7
10607,3572,40,4,289.95
10608,3572,181,4,55.78
10609,3573,3,4,437.31
10610,3573,195,3,93.33
10611,3573,179,4,82.86
10612,3574,177,3,109.28
10613,3575,185,4,233.62
10614,3575,35,2,424.85
10615,3575,113,1,76.2
10616,3575,90,3,127.05
10617,3576,148,1,162.69
10618,3576,80,4,139.99
10619,3577,108,1,413.95
10620,3577,99,4,494.47
10621,3577,132,2,490.64
10622,3578,159,1,198.44
10623,3578,28,3,356.46
10624,3578,180,3,21.24
10625,3578,48,4,455.59
10626,3579,180,4,117.09
10627,3580,198,1,408.69
10628,3580,183,4,195.02
10629,3581,74,1,165.54
10630,3581,189,2,142.47
10631,3581,161,1,347.35
10632,3582,57,3,115.71
10633,3582,43,4,457.18
10634,3582,120,1,186.02
10635,3583,133,1,477.02
10636,3583,116,2,97.46
10637,3584,143,4,151.82
10638,3584,86,3,71.02
10639,3584,29,3,63.98
10640,3584,113,1,496.49
10641,3585,3,3,482.19
10642,3585,41,3,22.88
10643,3585,103,4,445.29
10644,3585,69,3,50.84
10645,3586,173,4,329.62
10646,3586,82,4,300.37
10647,3586,103,2,160.25
10648,3587,166,2,170.69
10649,3587,89,1,186.27
10650,3587,124,4,348.92
10651,3587,93,1,433.67
10652,3588,65,3,112.85
10653,3588,45,4,402.29
10654,3588,69,3,404.58
10655,3588,86,1,336.17
10656,3588,160,4,214.44
10657,3589,69,4,382.83
10658,3589,102,3,343.21
10659,3590,180,4,386.16
10660,3590,64,2,407.14
10661,3591,11,1,490.21
10662,3591,1,1,138.54
10663,3591,177,1,88.07
10664,3591,185,4,40.79
10665,3592,12,3,126.9
10666,3592,197,3,279.13
10667,3592,196,1,405.7
10668,3593,29,4,378.27
10669,3593,154,2,9.1
10670,3593,4,1,165.2
10671,3593,139,1,168.2
10672,3593,168,1,275.52
10673,3594,56,3,357.64
10674,3594,7,3,497.01
10675,3595,87,4,490.56
10676,3596,165,4,406.13
10677,3596,152,1,319.21
10678,3596,28,2,499.83
10679,3597,146,3,211.92
10680,3597,36,1,84.58
10681,3597,75,4,481.58
10682,3597,109,3,76.37
10683,3598,145,2,201.29
10684,3598,41,1,231.23
10685,3598,69,3,294.47
10686,3599,20,2,197.45
10687,3599,149,2,5.24
10688,3599,58,1,363.38
10689,3599,67,4,187.87
10690,3599,176,3,250.24
10691,3600,101,3,248.03
10692,3600,132,1,109.49
10693,3600,74,3,425.44
10694,3600,78,2,463.92
10695,3601,167,1,201.98
10696,3601,91,1,266.54
10697,3601,37,3,99.06
10698,3602,58,1,238.52
10699,3602,38,3,447.21
10700,3603,66,1,458.84
10701,3603,106,1,446.84
10702,3603,172,3,408.3
10703,3603,200,3,247.55
10704,3604,31,1,345.48
10705,3604,130,2,290.42
10706,3604,80,1,261.45
10707,3604,95,3,318.58
10708,3605,173,4,259.9
10709,3605,91,1,296.81
10710,3606,99,3,193.54
10711,3606,51,2,188.38
10712,3606,154,4,406.07
10713,3606,118,4,345.73
10714,3606,36,2,210.09
10715,3607,121,3,119.19
10716,3607,66,1,268.55
10717,3608,87,4,418.34
10718,3608,192,1,84.69
10719,3608,35,1,48.53
10720,3609,174,1,213.14
10721,3610,5,2,375.71
10722,3610,170,3,137.39
10723,3610,58,3,335.14
10724,3611,179,2,312.54
10725,3611,8,2,97.21
10726,3611,62,1,414.36
10727,3612,147,1,444.78
10728,3612,109,4,480.05
10729,3612,66,4,243.62
10730,3612,163,2,376.82
10731,3613,170,1,151.16
10732,3614,65,2,372.13
10733,3614,143,2,200.17
10734,3614,22,4,237.04
10735,3614,122,3,323.95
10736,3614,49,3,75.52
10737,3615,58,2,71.3
10738,3615,33,3,443.11
10739,3615,127,4,228.25
10740,3615,47,4,230.81
10741,3615,93,4,338.85
10742,3616,169,3,97.42
10743,3617,80,4,497.66
10744,3617,59,4,98.85
10745,3617,59,4,357.19
10746,3617,137,4,273.3
10747,3617,130,3,92.29
10748,3618,119,3,450.61
10749,3618,161,2,187.41
10750,3618,129,3,226.3
10751,3619,148,2,342.82
10752,3619,46,3,124.47
10753,3619,166,1,79.36
10754,3619,82,3,206.61
10755,3620,152,3,208.7
10756,3620,114,4,265.04
10757,3620,18,4,111.55
10758,3620,107,1,437.19
10759,3621,159,3,391.23
10760,3621,84,2,353.61
10761,3621,17,1,357.61
10762,3622,59,3,480.81
10763,3622,14,1,311.29
10764,3623,125,4,73.13
10765,3623,173,2,255.06
10766,3623,150,4,442.25
10767,3623,91,3,384.07
10768,3624,174,4,287.25
10769,3624,182,4,279.21
10770,3624,162,2,405.99
10771,3624,35,1,26.78
10772,3625,8,1,372.47
10773,3626,171,4,300.09
10774,3626,102,2,163.27
10775,3626,83,4,165.06
10776,3626,88,1,130.41
10777,3627,180,4,225.43
10778,3627,162,1,333.58
10779,3627,3,1,358.02
10780,3627,162,3,259.85
10781,3627,124,2,140.08
10782,3628,173,3,438.9
10783,3628,185,4,214.65
10784,3628,181,2,311.48
10785,3628,133,2,427.47
10786,3629,117,1,295.23
10787,3630,47,2,433.0
10788,3631,84,2,472.55
10789,3631,119,3,339.38
10790,3632,114,2,129.09
10791,3632,185,2,197.06
10792,3632,197,3,268.36
10793,3632,124,3,28.8
10794,3633,77,4,301.64
10795,3634,123,1,316.63
10796,3634,176,2,434.39
10797,3634,8,4,47.24
10798,3634,170,1,243.28
10799,3635,182,4,304.1
10800,3635,128,3,239.91
10801,3635,192,1,232.43
10802,3635,193,2,148.47
10803,3636,109,2,392.4
10804,3636,189,1,112.92
10805,3636,90,2,196.49
10806,3636,147,3,358.99
10807,3637,137,4,365.19
10808,3637,98,4,107.41
10809,3637,187,1,239.9
10810,3638,170,4,92.05
10811,3639,77,4,421.36
10812,3639,69,4,375.84
10813,3639,19,2,341.53
10814,3639,23,3,306.65
10815,3639,164,2,329.85
10816,3640,198,4,92.15
10817,3641,101,3,131.55
10818,3641,149,1,293.62
10819,3641,17,3,199.66
10820,3642,16,4,104.42
10821,3643,92,1,197.48
10822,3644,119,1,436.19
10823,3644,129,1,49.75
10824,3644,190,3,383.75
10825,3644,193,2,437.45
10826,3644,177,4,375.57
10827,3645,107,3,465.85
10828,3645,124,2,383.88
10829,3645,153,3,292.47
10830,3645,140,4,223.13
10831,3645,121,1,170.65
10832,3646,150,1,239.73
10833,3646,47,4,306.45
10834,3646,154,1,166.2
10835,3646,181,2,487.11
10836,3646,123,1,29.56
10837,3647,56,1,110.01
10838,3647,33,4,257.11
10839,3648,108,1,82.52
10840,3648,64,4,380.13
10841,3648,138,3,42.49
10842,3649,178,2,372.22
10843,3650,45,3,36.25
10844,3650,152,3,399.27
10845,3650,193,1,239.1
10846,3651,143,2,81.79
10847,3651,178,3,183.96
10848,3651,34,3,280.4
10849,3652,50,1,393.0
10850,3652,39,2,275.73
10851,3652,183,2,306.13
10852,3652,58,2,181.62
10853,3653,135,4,56.42
10854,3653,186,2,178.62
10855,3653,154,4,153.66
10856,3653,41,4,265.49
10857,3654,106,3,339.56
10858,3654,83,1,230.15
10859,3654,39,2,55.84
10860,3655,91,1,265.54
10861,3655,13,4,161.47
10862,3655,190,3,410.32
10863,3655,90,1,374.85
10864,3655,87,1,327.0
10865,3656,28,1,283.2
10866,3657,125,4,402.84
10867,3657,67,3,252.28
10868,3657,21,2,226.04
10869,3657,198,4,191.58
10870,3658,100,3,124.91
10871,3658,57,2,153.67
10872,3658,114,4,141.87
10873,3659,51,4,290.69
10874,3659,38,2,397.64
10875,3660,129,1,309.99
10876,3660,20,3,5.26
10877,3661,53,4,126.21
10878,3661,81,1,164.95
10879,3661,43,1,302.14
10880,3662,65,4,69.63
10881,3663,123,4,86.1
10882,3663,20,3,180.92
10883,3663,151,4,228.19
10884,3663,105,4,12.96
10885,3663,137,3,292.4
10886,3664,113,3,244.92
10887,3665,112,3,106.47
10888,3665,113,3,264.37
10889,3665,77,3,452.06
10890,3665,93,4,62.65
10891,3666,65,3,135.65
10892,3666,186,4,36.94
10893,3666,112,2,422.91
10894,3666,82,2,172.78
10895,3666,65,4,240.98
10896,3667,164,2,44.28
10897,3667,57,3,260.03
10898,3667,114,3,194.83
10899,3667,19,1,464.25
10900,3668,121,3,189.79
10901,3668,152,2,67.78
10902,3668,48,1,321.43
10903,3668,8,1,165.23
10904,3668,4,3,146.89
10905,3669,59,4,164.43
10906,3669,94,3,21.05
10907,3669,187,1,287.97
10908,3669,71,3,463.15
10909,3670,169,4,56.06
10910,3670,35,2,306.98
10911,3671,87,2,105.08
10912,3671,50,3,308.2
10913,3671,121,3,466.69
10914,3671,150,1,287.31
10915,3672,48,1,299.23
10916,3672,1,4,282.27
10917,3672,196,3,318.28
10918,3672,130,2,390.24
10919,3672,122,2,235.21
10920,3673,13,4,230.55
10921,3673,149,2,434.48
10922,3674,7,4,330.39
10923,3674,128,3,465.32
10924,3674,3,1,344.63
10925,3674,75,3,498.0
10926,3675,181,2,302.3
10927,3675,41,1,344.7
10928,3675,5,4,308.02
10929,3675,182,2,346.42
10930,3676,38,4,260.81
10931,3676,89,3,195.98
10932,3676,5,3,312.47
10933,3677,109,4,64.93
10934,3677,118,4,163.15
10935,3677,150,4,86.47
10936,3678,24,4,336.95
10937,3678,130,3,8.54
10938,3678,85,3,383.58
10939,3678,177,1,185.46
10940,3678,190,4,172.67
10941,3679,112,2,435.86
10942,3679,95,1,385.86
10943,3680,22,2,426.77
10944,3680,105,4,226.97
10945,3680,17,2,269.69
10946,3681,63,4,391.79
10947,3681,47,4,433.2
10948,3681,134,3,116.08
10949,3681,146,2,60.26
10950,3681,186,2,158.54
10951,3682,123,2,6.25
10952,3683,145,1,415.29
10953,3683,136,3,267.69
10954,3684,67,2,489.0
10955,3684,109,1,214.58
10956,3684,42,2,270.19
10957,3684,109,3,335.02
10958,3684,12,4,240.03
10959,3685,92,4,393.41
10960,3685,189,3,148.85
10961,3685,1,3,472.0
10962,3685,194,4,243.29
10963,3685,169,2,180.13
10964,3686,46,3,345.78
10965,3687,189,1,17.77
10966,3687,139,3,403.93
10967,3687,136,4,79.87
10968,3687,88,4,254.41
10969,3687,194,3,393.17
10970,3688,135,1,80.69
10971,3689,74,1,188.08
10972,3690,149,2,62.89
10973,3690,98,1,263.88
10974,3690,31,4,384.43
10975,3691,88,3,316.69
10976,3692,60,3,13.24
10977,3693,12,1,25.51
10978,3693,80,3,278.24
10979,3693,9,2,69.41
10980,3694,147,1,463.79
10981,3694,99,3,305.46
10982,3694,79,2,169.36
10983,3694,167,3,370.86
10984,3695,174,2,395.31
10985,3696,56,4,149.98
10986,3696,36,2,155.68
10987,3696,84,1,244.83
10988,3696,135,2,121.68
10989,3696,17,3,436.23
10990,3697,70,4,203.68
10991,3697,64,1,386.36
10992,3697,187,1,133.63
10993,3698,5,3,352.23
10994,3698,186,4,250.43
10995,3698,43,3,56.72
10996,3698,3,4,59.2
10997,3698,113,1,284.49
10998,3699,19,4,413.19
10999,3699,152,1,444.33
11000,3700,144,1,115.32
11001,3700,5,2,429.68
11002,3700,140,3,192.97
11003,3700,28,2,277.01
11004,3700,94,1,55.07
11005,3701,105,4,497.69
11006,3701,95,4,119.66
11007,3701,40,3,113.42
11008,3702,104,4,200.36
11009,3702,198,2,394.38
11010,3702,150,3,464.3
11011,3702,191,3,246.7
11012,3703,16,4,64.27
11013,3703,60,2,49.33
11014,3703,87,4,51.55
11015,3703,109,1,447.43
11016,3703,45,4,469.22
11017,3704,198,3,226.66
11018,3704,107,3,23.26
11019,3704,68,3,384.2
11020,3705,67,3,484.43
11021,3705,175,2,301.8
11022,3705,107,3,365.56
11023,3705,95,3,47.72
11024,3706,57,4,281.06
11025,3707,125,4,71.84
11026,3707,155,2,406.24
11027,3707,50,4,127.03
11028,3707,101,3,369.29
11029,3707,80,2,409.29
11030,3708,181,4,144.25
11031,3709,112,3,423.2
11032,3709,70,1,399.39
11033,3709,112,1,99.22
11034,3710,84,3,174.04
11035,3710,23,2,75.97
11036,3711,23,2,269.01
11037,3711,32,3,175.62
11038,3712,171,3,140.22
11039,3712,34,3,387.5
11040,3712,124,3,8.28
11041,3712,103,1,257.72
11042,3712,71,2,350.08
11043,3713,19,2,198.69
11044,3713,53,3,21.15
11045,3713,170,2,330.0
11046,3713,55,4,267.1
11047,3714,105,4,83.39
11048,3714,64,2,81.55
11049,3715,115,4,222.29
11050,3715,112,3,456.2
11051,3715,131,1,292.41
11052,3715,75,4,271.03
11053,3716,150,2,487.94
11054,3716,75,3,305.51
11055,3716,50,1,104.62
11056,3717,41,4,207.39
11057,3717,67,1,455.36
11058,3717,85,2,205.15
11059,3717,109,4,324.85
11060,3718,49,1,201.43
11061,3719,124,4,300.45
11062,3720,11,2,279.52
11063,3720,137,2,98.76
11064,3720,27,3,398.77
11065,3721,5,1,202.02
11066,3721,72,1,82.97
11067,3721,109,2,271.18
11068,3721,31,2,252.86
11069,3721,178,3,477.74
11070,3722,71,2,283.87
11071,3722,140,1,182.94
11072,3722,63,3,405.51
11073,3723,22,1,338.51
11074,3723,199,4,11.09
11075,3723,108,2,121.66
11076,3723,98,3,34.5
11077,3723,102,1,475.53
11078,3724,80,4,278.34
11079,3724,155,2,76.58
11080,3725,164,2,435.07
11081,3726,199,2,171.99
11082,3727,17,1,267.04
11083,3727,9,1,164.92
11084,3728,128,1,200.37
11085,3728,182,1,23.4
11086,3728,157,4,323.07
11087,3728,48,4,267.83
11088,3728,108,3,29.56
11089,3729,142,1,382.59
11090,3729,143,2,61.29
11091,3729,11,4,477.14
11092,3729,121,2,31.69
11093,3730,72,2,291.39
11094,3731,155,2,17.95
11095,3732,46,4,399.07
11096,3732,124,1,318.08
11097,3732,167,3,248.76
11098,3732,132,3,446.94
11099,3733,184,2,36.24
11100,3733,44,4,118.06
11101,3733,31,3,469.95
11102,3733,40,2,90.6
11103,3733,148,4,336.96
11104,3734,10,1,151.87
11105,3734,172,2,277.58
11106,3734,76,4,386.57
11107,3735,165,1,255.4
11108,3735,103,3,183.7
11109,3736,14,1,240.4
11110,3736,162,2,369.54
11111,3736,70,4,112.26
11112,3736,106,2,241.63
11113,3736,90,3,489.14
11114,3737,72,3,274.36
11115,3738,10,1,437.88
11116,3738,128,4,484.81
11117,3738,158,1,367.21
11118,3739,25,1,397.83
11119,3739,197,3,495.73
11120,3740,73,2,108.69
11121,3741,149,4,136.0
11122,3741,30,1,46.28
11123,3741,104,1,49.86
11124,3741,159,2,494.55
11125,3742,48,1,425.36
11126,3742,112,2,493.18
11127,3742,99,1,344.85
11128,3743,191,3,69.57
11129,3743,99,4,419.75
11130,3743,59,2,62.9
11131,3743,25,3,30.98
11132,3744,27,1,36.58
11133,3744,22,4,64.93
11134,3745,82,4,461.01
11135,3745,65,1,170.55
11136,3745,29,3,19.28
11137,3746,2,3,209.47
11138,3747,41,4,498.88
11139,3747,94,3,48.08
11140,3747,111,2,183.95
11141,3748,167,1,79.29
11142,3748,48,4,242.07
11143,3749,107,3,372.53
11144,3749,6,2,150.95
11145,3749,43,2,186.33
11146,3749,115,4,224.68
11147,3750,12,3,238.06
11148,3750,128,3,99.86
11149,3750,33,4,432.55
11150,3750,160,4,348.58
11151,3750,174,3,85.79
11152,3751,119,1,203.52
11153,3751,187,2,53.82
11154,3751,28,3,433.56
11155,3751,30,1,38.01
11156,3751,42,3,62.42
11157,3752,94,3,483.25
11158,3752,113,2,41.81
11159,3752,173,2,224.62
11160,3753,24,1,342.78
11161,3753,103,3,158.58
11162,3753,82,1,273.66
11163,3754,66,1,446.93
11164,3754,167,1,466.9
11165,3755,8,4,56.61
11166,3755,167,1,61.11
11167,3755,173,2,228.71
11168,3755,137,2,429.26
11169,3756,117,2,19.66
11170,3757,151,4,182.04
11171,3757,109,3,11.05
11172,3757,17,1,334.52
11173,3757,167,3,148.93
11174,3758,182,4,278.71
11175,3759,20,1,213.47
11176,3759,72,2,139.26
11177,3759,177,2,154.96
11178,3760,65,4,161.97
11179,3761,37,3,455.24
11180,3761,136,2,67.83
11181,3761,16,4,447.81
11182,3761,76,2,372.46
11183,3762,131,3,203.16
11184,3762,58,3,53.41
11185,3762,180,3,308.62
11186,3762,61,3,460.08
11187,3763,38,1,423.52
11188,3763,127,3,215.22
11189,3763,84,2,381.82
11190,3764,193,3,292.34
11191,3764,81,1,217.92
11192,3764,200,3,324.56
11193,3764,74,1,52.58
11194,3765,168,1,466.02
11195,3765,165,3,322.18
11196,3765,191,2,318.2
11197,3765,194,1,473.51
11198,3766,164,4,270.09
11199,3767,192,4,31.49
11200,3767,143,2,492.04
11201,3767,71,1,349.27
11202,3767,83,3,321.17
11203,3768,62,2,137.4
11204,3768,58,3,492.94
11205,3768,168,4,128.06
11206,3768,195,4,22.04
11207,3769,198,3,82.34
11208,3769,93,2,42.87
11209,3769,180,4,399.52
11210,3769,82,1,130.79
11211,3769,2,2,239.52
11212,3770,84,4,280.72
11213,3770,179,4,137.99
11214,3770,5,3,88.73
11215,3770,6,3,363.51
11216,3770,169,3,21.09
11217,3771,40,1,267.67
11218,3771,115,2,198.33
11219,3771,130,1,201.38
11220,3771,53,2,147.57
11221,3771,110,1,49.74
11222,3772,177,4,92.86
11223,3773,7,1,199.91
11224,3773,52,1,382.26
11225,3773,39,1,232.87
11226,3773,150,3,303.32
11227,3773,142,2,390.36
11228,3774,62,1,96.76
11229,3774,100,4,251.69
11230,3775,133,3,471.72
11231,3775,110,1,215.19
11232,3776,67,1,98.79
11233,3777,168,4,98.37
11234,3777,52,3,327.03
11235,3777,60,4,432.14
11236,3777,47,1,339.74
11237,3778,156,3,96.64
11238,3779,124,3,60.41
11239,3779,167,4,37.43
11240,3780,37,3,29.96
11241,3780,170,3,498.21
11242,3780,35,3,116.98
11243,3781,94,3,346.1
11244,3781,190,4,249.71
11245,3781,181,2,200.71
11246,3781,172,2,246.84
11247,3781,118,3,229.65
11248,3782,109,1,68.19
11249,3783,83,1,55.48
11250,3783,163,1,123.49
11251,3784,8,4,167.45
11252,3785,67,4,487.3
11253,3785,72,3,357.18
11254,3786,55,2,412.27
11255,3786,33,2,117.93
11256,3787,124,2,264.24
11257,3787,83,4,34.32
11258,3787,197,3,107.56
11259,3787,27,2,242.62
11260,3787,135,3,283.12
11261,3788,123,2,66.33
11262,3788,29,4,408.8
11263,3789,36,4,326.5
11264,3789,133,1,310.55
11265,3790,115,1,189.33
11266,3790,160,2,41.88
11267,3791,70,2,272.45
11268,3791,51,4,320.78
11269,3791,167,4,444.51
11270,3792,32,1,115.55
11271,3792,54,4,35.29
11272,3792,65,3,200.87
11273,3792,79,3,160.01
11274,3792,8,4,428.88
11275,3793,83,2,459.52
11276,3794,34,2,459.02
11277,3794,142,1,335.23
11278,3794,200,1,335.54
11279,3794,46,2,261.15
11280,3794,83,1,403.96
11281,3795,126,4,297.82
11282,3795,142,2,480.96
11283,3795,132,4,369.48
11284,3796,96,4,386.22
11285,3797,56,1,225.89
11286,3797,5,4,208.43
11287,3798,166,4,110.52
11288,3799,26,1,360.72
11289,3800,152,3,171.79
11290,3801,63,4,106.75
11291,3801,30,2,131.54
11292,3801,15,2,246.39
11293,3801,160,1,486.4
11294,3801,3,2,245.39
11295,3802,107,1,406.32
11296,3803,4,3,492.56
11297,3804,12,4,76.22
11298,3804,25,4,95.34
11299,3805,33,3,218.64
11300,3805,70,4,125.7
11301,3805,93,3,35.01
11302,3806,148,1,170.97
11303,3806,57,4,404.5
11304,3807,163,1,69.05
11305,3807,116,2,453.73
11306,3807,192,1,312.59
11307,3807,123,1,424.32
11308,3807,81,3,10.53
11309,3808,155,4,272.11
11310,3808,192,3,142.45
11311,3808,112,3,475.97
11312,3808,115,1,413.06
11313,3808,115,3,150.74
11314,3809,67,1,463.64
11315,3809,163,3,452.57
11316,3809,95,3,212.81
11317,3810,145,2,29.01
11318,3811,81,2,22.54
11319,3811,7,1,115.92
11320,3811,66,1,155.09
11321,3811,9,3,370.17
11322,3812,162,4,14.46
11323,3812,19,3,392.8
11324,3812,70,4,182.88
11325,3812,133,3,7.75
11326,3813,76,1,16.14
11327,3814,92,3,313.52
11328,3814,99,2,151.37
11329,3814,138,4,178.75
11330,3815,73,2,430.54
11331,3816,81,4,213.92
11332,3816,22,2,267.52
11333,3817,85,1,49.14
11334,3817,130,1,89.47
11335,3817,28,4,179.69
11336,3817,175,3,34.64
11337,3817,173,1,187.23
11338,3818,79,2,58.88
11339,3819,19,4,132.08
11340,3819,162,4,343.46
11341,3819,124,4,429.09
11342,3819,185,4,439.66
11343,3820,177,2,389.56
11344,3821,150,4,203.99
11345,3822,79,4,54.32
11346,3822,131,3,460.71
11347,3822,72,4,298.89
11348,3823,156,2,129.39
11349,3823,79,1,471.03
11350,3823,139,2,96.68
11351,3823,198,1,434.07
11352,3823,62,4,318.19
11353,3824,183,2,391.66
11354,3824,118,3,489.67
11355,3824,24,3,458.15
11356,3824,77,3,14.91
11357,3825,99,3,426.11
11358,3825,140,3,449.04
11359,3825,61,2,323.96
11360,3826,127,1,323.79
11361,3826,123,2,241.82
11362,3826,171,4,211.94
11363,3826,66,4,462.99
11364,3826,116,1,164.21
11365,3827,29,1,428.23
11366,3827,117,1,214.61
11367,3827,138,4,156.77
11368,3828,109,4,378.01
11369,3828,178,1,296.22
11370,3828,154,2,447.59
11371,3828,42,4,420.11
11372,3829,169,2,61.05
11373,3829,112,4,423.5
11374,3829,4,3,213.13
11375,3829,115,3,289.71
11376,3829,7,3,423.63
11377,3830,167,4,245.04
11378,3830,170,3,428.58
11379,3830,115,4,483.16
11380,3830,29,3,21.85
11381,3830,116,4,472.6
11382,3831,192,1,350.12
11383,3831,93,3,481.54
11384,3831,66,3,22.71
11385,3832,138,3,231.85
11386,3832,83,2,188.25
11387,3832,162,2,247.85
11388,3832,69,3,181.68
11389,3832,188,3,356.21
11390,3833,193,4,109.21
11391,3833,87,3,485.92
11392,3833,1,3,18.06
11393,3833,145,3,476.25
11394,3834,42,4,464.63
11395,3834,121,2,266.35
11396,3834,181,2,240.03
11397,3834,147,3,337.76
11398,3835,16,3,421.54
11399,3835,41,4,409.37
11400,3835,6,2,207.83
11401,3835,109,1,395.04
11402,3836,175,3,135.78
11403,3836,45,3,102.29
11404,3836,93,1,33.03
11405,3836,124,4,401.97
11406,3837,123,4,435.98
11407,3837,120,3,74.09
11408,3838,74,1,295.28
11409,3838,100,2,472.7
11410,3838,110,3,15.74
11411,3838,176,4,402.39
11412,3839,89,1,54.06
11413,3839,156,1,177.6
11414,3840,16,4,314.32
11415,3840,37,2,31.47
11416,3840,172,1,15.46
11417,3840,17,2,111.8
11418,3840,192,3,413.29
11419,3841,54,4,153.33
11420,3841,46,4,289.24
11421,3842,160,3,53.35
11422,3842,1,1,349.87
11423,3842,173,3,454.28
11424,3843,166,2,288.32
11425,3844,11,2,38.74
11426,3844,28,2,278.88
11427,3844,154,1,135.27
11428,3845,90,1,488.76
11429,3845,168,2,18.61
11430,3845,49,2,283.63
11431,3845,192,1,496.43
11432,3845,155,4,492.01
11433,3846,65,2,112.34
11434,3846,75,2,281.02
11435,3846,54,4,181.84
11436,3846,174,3,443.87
11437,3846,136,3,195.53
11438,3847,79,3,31.59
11439,3847,63,1,409.07
11440,3848,122,2,343.47
11441,3848,21,4,289.85
11442,3848,20,4,83.4
11443,3848,12,3,179.49
11444,3849,159,2,142.57
11445,3849,168,3,339.41
11446,3849,180,2,347.03
11447,3849,37,4,477.31
11448,3850,151,2,368.23
11449,3850,171,3,431.0
11450,3850,21,2,428.24
11451,3850,112,4,87.04
11452,3851,128,4,460.07
11453,3851,22,1,150.81
11454,3851,114,4,353.96
11455,3852,97,4,160.18
11456,3852,192,3,54.66
11457,3852,82,4,114.1
11458,3852,171,1,74.66
11459,3852,74,1,135.62
11460,3853,27,1,71.65
11461,3853,199,3,128.43
11462,3853,177,2,230.91
11463,3853,47,4,185.38
11464,3854,159,4,114.9
11465,3854,92,3,19.83
11466,3854,150,2,188.17
11467,3855,8,1,361.04
11468,3856,102,4,422.46
11469,3856,24,2,241.19
11470,3856,178,1,363.33
11471,3857,71,2,50.68
11472,3857,116,3,210.35
11473,3857,8,4,499.47
11474,3857,2,2,472.14
11475,3858,117,2,121.84
11476,3858,153,4,406.59
11477,3859,2,1,331.96
11478,3860,44,4,82.46
11479,3860,142,2,460.07
11480,3860,41,3,12.7
11481,3860,1,4,43.29
11482,3860,135,4,170.65
11483,3861,104,1,89.68
11484,3861,167,3,428.31
11485,3861,70,2,173.99
11486,3861,185,1,418.1
11487,3862,17,1,496.98
11488,3863,14,1,447.62
11489,3863,192,2,461.75
11490,3863,182,1,288.23
11491,3864,15,2,243.55
11492,3864,154,2,400.42
11493,3864,180,3,399.36
11494,3864,194,4,498.36
11495,3865,13,3,132.05
11496,3865,129,3,191.13
11497,3865,82,4,178.22
11498,3865,70,2,93.83
11499,3866,100,3,333.15
11500,3867,194,1,391.28
11501,3867,195,4,172.07
11502,3867,67,1,370.67
11503,3867,41,4,389.7
11504,3868,144,1,194.43
11505,3868,95,1,473.89
11506,3868,146,4,337.23
11507,3869,126,1,280.55
11508,3869,103,4,370.32
11509,3869,98,3,444.35
11510,3870,24,3,453.54
11511,3870,72,2,313.94
11512,3870,67,2,375.62
11513,3871,138,1,351.49
11514,3871,12,1,167.56
11515,3871,32,2,221.94
11516,3871,132,4,489.83
11517,3871,46,4,257.37
11518,3872,12,3,75.77
11519,3872,17,4,364.18
11520,3872,171,1,150.93
11521,3872,2,4,488.05
11522,3873,113,1,26.83
11523,3874,57,4,183.17
11524,3874,121,2,337.49
11525,3874,58,4,198.76
11526,3875,81,3,65.14
11527,3876,10,1,399.28
11528,3876,111,1,44.76
11529,3876,118,3,380.1
11530,3877,2,4,456.73
11531,3878,130,3,487.09
11532,3878,93,4,221.22
11533,3879,124,1,219.57
11534,3879,125,2,345.59
11535,3879,155,2,400.2
11536,3879,46,2,153.2
11537,3880,53,1,475.59
11538,3880,152,2,59.82
11539,3880,41,4,476.27
11540,3881,125,2,102.16
11541,3881,119,3,393.65
11542,3881,14,1,89.44
11543,3881,198,1,175.92
11544,3881,150,3,405.03
11545,3882,152,1,49.85
11546,3882,172,2,174.41
11547,3882,104,2,35.11
11548,3882,56,4,52.54
11549,3883,10,2,182.05
11550,3883,169,1,397.1
11551,3883,104,2,360.25
11552,3883,189,4,360.54
11553,3883,118,1,117.11
11554,3884,91,1,162.43
11555,3884,101,4,450.01
11556,3884,193,1,220.62
11557,3884,106,2,491.37
11558,3884,104,3,273.14
11559,3885,14,2,391.37
11560,3885,63,4,259.15
11561,3885,49,2,405.65
11562,3885,159,2,93.01
11563,3886,12,1,196.67
11564,3886,69,1,308.2
11565,3886,144,4,410.59
11566,3887,25,2,319.82
11567,3887,74,1,378.56
11568,3887,14,1,221.32
11569,3887,83,3,260.06
11570,3888,60,1,379.45
11571,3888,71,4,35.68
11572,3888,180,3,419.09
11573,3888,183,4,5.65
11574,3888,137,4,444.35
11575,3889,175,2,237.8
11576,3889,160,1,145.89
11577,3889,120,1,319.55
11578,3889,81,2,33.55
11579,3889,121,1,67.61
11580,3890,7,2,425.14
11581,3890,109,3,187.32
11582,3890,49,1,344.39
11583,3890,197,1,163.72
11584,3890,162,1,449.07
11585,3891,84,4,167.56
11586,3891,124,2,451.94
11587,3891,131,1,273.26
11588,3891,47,4,157.19
11589,3891,98,2,257.71
11590,3892,114,2,175.51
11591,3893,95,2,481.22
11592,3894,95,1,62.95
11593,3894,85,2,130.18
11594,3894,21,1,401.48
11595,3895,173,3,11.66
11596,3895,93,1,108.09
11597,3895,160,1,439.23
11598,3895,163,3,48.46
11599,3896,75,1,67.95
11600,3897,67,1,488.88
11601,3897,189,3,38.53
11602,3897,110,2,112.05
11603,3897,198,2,239.05
11604,3898,199,4,283.07
11605,3898,150,3,226.8
11606,3899,52,1,285.84
11607,3899,39,3,93.19
11608,3899,53,1,190.86
11609,3899,14,3,209.32
11610,3899,106,1,222.27
11611,3900,53,4,106.57
11612,3901,23,2,324.36
11613,3901,138,1,285.91
11614,3901,111,4,291.41
11615,3901,49,4,152.25
11616,3901,110,3,340.6
11617,3902,190,3,348.03
11618,3902,153,3,189.55
11619,3902,108,1,187.24
11620,3903,82,1,458.49
11621,3903,98,2,395.94
11622,3903,28,4,310.6
11623,3903,149,4,439.32
11624,3903,200,2,123.73
11625,3904,51,1,144.19
11626,3904,54,2,407.4
11627,3905,162,2,56.3
11628,3905,146,4,7.01
11629,3905,38,3,18.41
11630,3905,186,2,250.35
11631,3905,67,1,17.0
11632,3906,112,4,217.23
11633,3906,78,4,24.85
11634,3906,128,2,197.41
11635,3906,189,2,234.73
11636,3906,123,4,476.42
11637,3907,8,3,106.55
11638,3907,125,2,267.31
11639,3907,143,2,104.62
11640,3907,12,4,19.62
11641,3907,156,2,150.83
11642,3908,93,1,264.2
11643,3908,102,2,56.63
11644,3908,145,4,420.55
11645,3908,104,4,266.06
11646,3909,167,1,440.28
11647,3909,140,4,10.58
11648,3909,97,4,427.49
11649,3909,130,1,438.25
11650,3909,41,4,296.06
11651,3910,44,3,191.83
11652,3910,129,1,214.03
11653,3910,199,1,340.42
11654,3911,162,3,54.93
11655,3911,157,4,496.73
11656,3912,32,1,281.02
11657,3912,136,2,135.88
11658,3913,140,3,443.09
11659,3913,67,3,454.62
11660,3913,117,1,472.34
11661,3913,70,2,100.24
11662,3913,107,3,271.9
11663,3914,100,1,95.49
11664,3914,56,1,336.63
11665,3915,181,4,375.11
11666,3915,107,3,32.78
11667,3915,164,4,319.53
11668,3915,78,2,321.97
11669,3916,3,2,225.34
11670,3916,45,3,354.49
11671,3916,62,4,57.92
11672,3916,108,4,16.45
11673,3916,21,3,394.33
11674,3917,163,1,121.29
11675,3917,188,4,104.14
11676,3917,20,3,410.18
11677,3917,31,4,335.98
11678,3917,100,2,138.7
11679,3918,185,3,126.89
11680,3918,29,4,488.14
11681,3918,41,4,116.89
11682,3919,167,4,207.21
11683,3919,35,1,266.3
11684,3919,4,4,262.82
11685,3920,4,1,169.37
11686,3920,115,3,206.11
11687,3920,99,2,62.84
11688,3921,170,3,422.04
11689,3921,88,2,161.47
11690,3921,88,3,79.1
11691,3921,86,4,203.94
11692,3921,45,2,288.41
11693,3922,35,4,238.73
11694,3922,70,1,219.56
11695,3923,199,3,56.59
11696,3923,133,2,221.96
11697,3923,60,4,337.11
11698,3924,158,2,402.72
11699,3924,138,4,73.22
11700,3925,167,4,97.42
11701,3925,106,4,491.56
11702,3925,16,2,183.4
11703,3925,96,4,138.0
11704,3926,80,2,247.85
11705,3926,21,3,417.05
11706,3926,149,2,208.16
11707,3926,124,2,315.31
11708,3926,2,4,20.57
11709,3927,110,4,431.58
11710,3927,100,1,294.81
11711,3928,155,1,285.45
11712,3928,22,1,28.24
11713,3928,28,4,199.15
11714,3929,80,3,471.67
11715,3929,185,2,24.18
11716,3929,25,4,443.12
11717,3930,34,4,364.95
11718,3930,195,2,403.18
11719,3930,2,3,94.54
11720,3930,183,2,173.24
11721,3931,130,4,344.83
11722,3931,51,1,252.04
11723,3931,51,2,58.96
11724,3931,102,3,411.37
11725,3931,103,1,27.7
11726,3932,174,4,376.75
11727,3932,17,1,407.81
11728,3932,24,2,336.13
11729,3932,65,1,321.47
11730,3932,92,1,475.48
11731,3933,38,4,497.0
11732,3933,66,2,158.51
11733,3934,87,2,459.22
11734,3934,173,3,35.13
11735,3934,82,2,145.8
11736,3934,126,3,44.37
11737,3935,131,3,352.05
11738,3935,91,2,359.94
11739,3936,185,4,174.96
11740,3936,154,4,461.9
11741,3936,145,2,34.37
11742,3936,186,1,338.19
11743,3936,83,2,481.32
11744,3937,196,2,29.62
11745,3937,26,4,462.2
11746,3938,169,2,315.45
11747,3939,118,3,150.98
11748,3939,199,3,117.5
11749,3939,199,2,298.61
11750,3939,80,3,341.16
11751,3940,178,3,439.69
11752,3940,14,3,498.57
11753,3940,121,4,69.09
11754,3940,163,4,361.09
11755,3941,39,2,332.44
11756,3941,76,1,283.65
11757,3941,3,4,228.09
11758,3941,169,1,15.78
11759,3942,144,3,149.33
11760,3942,45,2,291.58
11761,3942,64,1,192.74
11762,3942,67,2,64.95
11763,3943,92,3,480.4
11764,3943,121,1,483.92
11765,3943,197,2,145.67
11766,3943,152,1,5.87
11767,3944,145,1,184.02
11768,3944,136,3,118.15
11769,3944,174,3,446.66
11770,3944,90,1,327.07
11771,3945,53,3,141.24
11772,3945,184,4,347.43
11773,3945,132,1,210.13
11774,3946,188,2,297.51
11775,3947,83,4,272.24
11776,3947,168,3,429.16
11777,3948,54,1,82.24
11778,3948,42,1,320.4
11779,3948,19,2,199.76
11780,3948,164,2,51.86
11781,3949,82,3,134.98
11782,3950,150,2,384.77
11783,3950,163,4,30.67
11784,3950,15,3,428.59
11785,3950,114,1,312.75
11786,3950,166,1,321.04
11787,3951,172,2,96.82
11788,3951,104,2,466.18
11789,3951,183,2,69.35
11790,3951,86,4,80.7
11791,3952,135,1,131.39
11792,3952,126,1,243.23
11793,3952,160,2,223.26
11794,3952,133,4,249.84
11795,3952,85,2,351.68
11796,3953,151,4,418.72
11797,3953,50,4,285.03
11798,3953,28,3,184.16
11799,3953,69,1,433.85
11800,3953,151,2,490.99
11801,3954,184,2,266.02
11802,3954,103,2,372.47
11803,3954,5,1,212.61
11804,3954,91,1,161.26
11805,3955,43,4,464.62
11806,3955,115,4,479.08
11807,3955,93,3,368.61
11808,3956,166,4,289.2
11809,3957,171,2,322.37
11810,3958,99,1,310.05
11811,3958,109,1,430.39
11812,3958,98,3,317.07
11813,3959,6,1,89.91
11814,3960,170,3,444.46
11815,3960,134,4,32.92
11816,3960,2,3,64.71
11817,3961,132,1,437.92
11818,3961,108,2,52.3
11819,3962,56,4,418.17
11820,3962,99,2,89.45
11821,3962,143,4,318.68
11822,3963,74,4,388.48
11823,3963,46,4,455.86
11824,3963,174,4,162.04
11825,3963,23,1,374.7
11826,3964,195,2,271.83
11827,3964,35,1,225.01
11828,3964,115,2,367.79
11829,3965,168,3,405.56
11830,3965,30,4,331.58
11831,3965,81,4,92.03
11832,3966,72,1,483.1
11833,3966,184,2,384.62
11834,3966,115,1,422.68
11835,3966,116,2,334.55
11836,3966,106,3,7.74
11837,3967,173,1,448.37
11838,3967,40,3,48.89
11839,3967,31,1,469.16
11840,3968,116,2,498.62
11841,3968,123,3,291.63
11842,3968,71,3,415.19
11843,3968,96,4,217.67
11844,3969,105,4,365.46
11845,3969,176,4,399.12
11846,3969,24,3,32.02
11847,3969,70,2,139.69
11848,3969,1,1,5.5
11849,3970,88,4,192.35
11850,3970,78,4,188.22
11851,3970,165,4,184.56
11852,3971,151,4,242.45
11853,3971,78,1,383.43
11854,3972,134,3,309.08
11855,3972,193,2,124.44
11856,3972,14,3,446.14
11857,3972,110,2,63.05
11858,3973,108,1,419.66
11859,3974,119,2,419.0
11860,3974,4,3,105.9
11861,3975,140,1,475.71
11862,3975,182,1,319.3
11863,3976,149,2,35.89
11864,3976,148,4,60.16
11865,3977,29,1,218.76
11866,3977,32,4,303.93
11867,3977,57,4,424.45
11868,3977,118,1,169.17
11869,3978,31,4,330.18
11870,3979,156,4,338.99
11871,3979,27,3,209.14
11872,3979,9,4,338.18
11873,3979,141,4,139.22
11874,3980,39,2,14.11
11875,3980,172,4,272.82
11876,3981,145,2,131.7
11877,3981,56,4,177.37
11878,3981,104,4,271.26
11879,3981,111,2,226.26
11880,3982,179,2,11.04
11881,3982,200,1,287.09
11882,3983,66,4,408.11
11883,3983,152,3,12.9
11884,3983,50,2,195.4
11885,3984,17,3,194.02
11886,3985,71,1,270.17
11887,3986,76,4,157.75
11888,3986,156,1,322.15
11889,3987,84,1,286.11
11890,3987,172,2,333.64
11891,3987,56,1,189.98
11892,3987,146,4,321.15
11893,3988,58,1,441.58
11894,3989,94,1,258.77
11895,3990,149,1,18.03
11896,3990,113,1,155.41
11897,3990,188,3,144.3
11898,3990,68,1,386.14
11899,3991,85,1,304.4
11900,3992,40,4,282.06
11901,3992,24,1,313.01
11902,3992,176,2,219.84
11903,3993,14,1,313.7
11904,3993,110,1,322.04
11905,3993,134,1,446.81
11906,3993,75,3,430.77
11907,3993,110,4,436.19
11908,3994,123,4,343.99
11909,3995,42,1,207.57
11910,3995,121,1,280.77
11911,3995,8,3,371.49
11912,3996,40,3,499.47
11913,3996,3,3,313.42
11914,3996,123,4,357.29
11915,3996,151,3,352.32
11916,3996,46,3,499.24
11917,3997,51,1,185.92
11918,3998,24,4,177.04
11919,3998,143,4,93.15
11920,3998,39,3,307.33
11921,3998,163,4,212.58
11922,3999,70,3,432.6
11923,3999,55,2,497.73
11924,3999,20,1,45.96
11925,3999,35,4,120.04
11926,3999,68,2,491.74
11927,4000,15,3,290.74
11928,4000,174,2,214.21
11929,4000,45,2,310.42
11930,4000,191,3,371.99
11931,4001,66,2,50.24
11932,4001,134,1,63.01
11933,4001,81,3,241.26
11934,4002,173,3,435.7
11935,4003,140,3,491.42
11936,4003,64,2,453.3
11937,4003,53,4,184.0
11938,4003,130,2,306.85
11939,4003,63,1,234.11
11940,4004,39,2,77.87
11941,4004,61,3,350.84
11942,4004,25,2,286.62
11943,4005,111,3,471.85
11944,4005,43,1,247.96
11945,4005,58,3,14.41
11946,4005,108,3,429.06
11947,4005,84,3,361.61
11948,4006,44,3,25.63
11949,4006,174,2,262.1
11950,4006,48,3,368.66
11951,4006,134,4,375.51
11952,4006,148,2,434.31
11953,4007,197,4,438.94
11954,4008,119,2,193.36
11955,4008,135,1,186.76
11956,4008,138,2,414.08
11957,4008,35,4,76.08
11958,4008,52,1,486.12
11959,4009,17,1,188.2
11960,4010,192,1,494.16
11961,4010,56,3,384.65
11962,4010,74,4,241.02
11963,4010,87,4,426.34
11964,4011,55,4,49.43
11965,4011,113,4,8.91
11966,4011,8,3,127.85
11967,4011,48,1,400.06
11968,4012,169,4,401.52
11969,4012,85,4,345.53
11970,4013,195,4,138.57
11971,4013,74,3,61.32
11972,4013,161,3,463.75
11973,4013,40,2,80.83
11974,4014,198,4,416.41
11975,4014,174,3,400.99
11976,4014,34,4,65.4
11977,4015,20,4,26.96
11978,4015,187,4,287.3
11979,4015,167,2,304.58
11980,4015,68,3,41.75
11981,4016,52,2,310.09
11982,4016,19,4,77.12
11983,4016,150,4,12.28
11984,4016,178,2,244.95
11985,4016,96,4,398.52
11986,4017,108,2,318.82
11987,4017,93,4,301.26
11988,4018,81,1,344.86
11989,4018,99,3,41.29
11990,4019,141,1,340.29
11991,4019,141,4,382.45
11992,4020,1,4,54.23
11993,4021,181,4,17.71
11994,4021,200,4,258.11
11995,4022,170,3,134.23
11996,4022,198,3,108.66
11997,4022,125,2,390.89
11998,4022,51,2,218.61
11999,4022,183,4,496.82
12000,4023,144,2,389.01
12001,4023,19,1,343.55
12002,4024,60,3,350.72
12003,4024,12,4,287.15
12004,4024,125,3,479.48
12005,4025,46,1,279.89
12006,4025,143,1,37.52
12007,4025,135,4,143.24
12008,4026,183,2,56.87
12009,4027,159,4,158.04
12010,4027,2,2,33.34
12011,4027,176,2,57.91
12012,4028,30,4,394.34
12013,4028,5,3,92.98
12014,4028,63,2,249.5
12015,4028,81,1,437.08
12016,4028,137,3,307.46
12017,4029,56,1,429.23
12018,4029,30,4,175.31
12019,4029,117,2,439.02
12020,4029,23,1,9.79
12021,4030,11,1,486.92
12022,4031,155,2,380.08
12023,4031,17,2,201.49
12024,4031,164,2,82.27
12025,4031,140,1,42.2
12026,4032,46,1,426.03
12027,4033,153,3,7.42
12028,4034,158,4,45.77
12029,4034,181,2,408.9
12030,4034,10,4,250.19
12031,4034,126,2,22.98
12032,4035,13,1,219.78
12033,4035,53,3,118.2
12034,4035,53,3,18.48
12035,4036,108,2,166.1
12036,4036,18,1,159.59
12037,4037,97,1,245.25
12038,4037,10,3,334.44
12039,4037,187,3,54.74
12040,4038,152,4,224.35
12041,4039,76,1,241.49
12042,4039,24,2,172.29
12043,4040,87,2,122.07
12044,4040,13,2,398.7
12045,4040,58,3,242.86
12046,4040,52,2,304.48
12047,4041,5,1,18.69
12048,4041,142,3,55.48
12049,4041,37,4,246.63
12050,4041,12,1,358.12
12051,4041,111,2,325.95
12052,4042,2,1,116.45
12053,4042,66,3,434.29
12054,4042,93,3,197.31
12055,4043,16,1,253.49
12056,4043,196,1,74.52
12057,4044,97,3,57.05
12058,4045,2,4,373.34
12059,4045,153,1,426.56
12060,4045,197,3,21.01
12061,4045,88,1,459.97
12062,4045,191,2,197.99
12063,4046,163,3,402.19
12064,4046,72,4,51.6
12065,4046,101,2,332.63
12066,4046,173,3,495.84
12067,4047,89,4,271.28
12068,4047,191,4,393.37
12069,4047,43,1,75.38
12070,4047,1,3,423.43
12071,4048,21,1,415.06
12072,4048,99,3,117.6
12073,4048,125,4,377.28
12074,4048,23,3,149.28
12075,4049,176,4,469.14
12076,4050,76,3,292.33
12077,4051,14,1,76.85
12078,4051,159,1,490.13
12079,4051,185,3,155.98
12080,4051,51,3,215.24
12081,4051,66,2,406.67
12082,4052,66,2,209.35
12083,4052,24,1,477.2
12084,4052,157,1,284.92
12085,4052,41,3,165.08
12086,4052,166,1,135.74
12087,4053,11,2,418.84
12088,4053,108,1,222.65
12089,4053,29,4,34.33
12090,4053,110,1,87.87
12091,4054,83,2,332.07
12092,4054,21,2,131.03
12093,4054,24,4,213.52
12094,4055,148,3,153.09
12095,4056,69,1,52.63
12096,4056,64,4,308.96
12097,4056,90,3,279.46
12098,4057,49,2,109.59
12099,4057,157,4,311.13
12100,4057,27,1,381.62
12101,4057,196,2,401.67
12102,4058,28,2,407.03
12103,4058,98,3,196.3
12104,4058,185,4,419.18
12105,4058,123,4,133.56
12106,4059,44,3,449.99
12107,4059,143,3,461.24
12108,4059,15,1,326.14
12109,4059,79,2,398.18
12110,4060,145,2,181.31
12111,4060,4,2,259.75
12112,4060,31,1,76.41
12113,4060,89,3,383.53
12114,4060,28,3,123.02
12115,4061,175,3,74.77
12116,4061,64,2,469.72
12117,4061,173,4,171.99
12118,4062,196,1,431.24
12119,4062,145,1,390.58
12120,4062,48,2,405.61
12121,4062,198,1,425.85
12122,4062,87,2,12.48
12123,4063,4,2,406.87
12124,4063,59,3,14.19
12125,4064,119,4,298.27
12126,4064,179,1,292.93
12127,4064,166,1,368.56
12128,4064,85,1,423.08
12129,4065,118,1,302.93
12130,4065,125,3,485.92
12131,4065,195,3,177.43
12132,4065,181,3,17.13
12133,4065,112,1,445.37
12134,4066,112,4,107.59
12135,4066,165,3,126.61
12136,4066,198,3,373.83
12137,4066,96,4,250.19
12138,4067,119,2,283.78
12139,4067,47,4,117.16
12140,4067,184,4,113.13
12141,4067,68,2,247.07
12142,4067,11,2,339.81
12143,4068,147,1,166.6
12144,4069,68,1,344.19
12145,4070,115,4,261.59
12146,4071,148,4,195.4
12147,4071,178,1,322.27
12148,4072,91,1,293.59
12149,4073,175,3,97.11
12150,4073,61,4,375.93
12151,4074,119,2,269.39
12152,4074,18,2,485.14
12153,4075,74,1,98.28
12154,4075,173,4,359.29
12155,4076,37,4,66.55
12156,4076,28,3,233.33
12157,4076,44,1,225.39
12158,4076,66,4,271.65
12159,4076,193,2,367.83
12160,4077,83,3,397.78
12161,4077,107,3,228.77
12162,4077,50,1,327.69
12163,4078,137,3,298.26
12164,4078,104,4,119.54
12165,4078,164,1,11.83
12166,4078,166,3,115.68
12167,4078,50,1,66.66
12168,4079,130,1,205.28
12169,4079,111,1,261.95
12170,4079,13,3,449.05
12171,4079,131,1,376.77
12172,4080,73,4,404.18
12173,4080,48,2,218.95
12174,4080,120,2,134.84
12175,4081,118,2,383.23
12176,4081,112,2,43.71
12177,4081,145,2,346.33
12178,4081,133,1,99.04
12179,4081,35,2,296.79
12180,4082,79,3,8.34
12181,4083,190,2,142.21
12182,4083,29,1,203.91
12183,4083,126,4,131.26
12184,4083,48,4,102.81
12185,4083,177,4,279.72
12186,4084,187,4,326.24
12187,4084,179,2,319.65
12188,4085,143,1,185.07
12189,4086,48,3,345.75
12190,4086,137,2,21.92
12191,4086,45,1,104.05
12192,4086,125,1,207.0
12193,4086,167,2,125.95
12194,4087,195,4,204.81
12195,4087,40,4,158.34
12196,4087,4,4,84.13
12197,4087,177,3,267.72
12198,4088,178,1,127.85
12199,4088,23,4,242.98
12200,4088,20,2,267.89
12201,4089,157,2,302.86
12202,4089,139,3,453.33
12203,4089,146,2,471.18
12204,4089,15,2,482.94
12205,4090,166,1,140.58
12206,4090,147,3,128.71
12207,4090,82,2,414.63
12208,4090,108,2,125.27
12209,4091,113,2,318.01
12210,4092,26,1,173.63
12211,4092,173,2,119.44
12212,4092,14,4,251.66
12213,4092,8,1,341.19
12214,4093,10,1,142.09
12215,4093,20,2,282.87
12216,4093,1,3,150.95
12217,4093,27,2,23.39
12218,4094,33,3,276.51
12219,4094,79,3,204.33
12220,4094,55,4,274.55
12221,4094,143,4,352.8
12222,4095,116,4,484.59
12223,4095,7,4,487.24
12224,4096,164,1,354.42
12225,4096,105,1,216.19
12226,4096,198,4,149.43
12227,4097,141,3,323.99
12228,4097,107,4,466.09
12229,4097,63,2,240.44
12230,4097,96,4,391.62
12231,4097,130,3,180.01
12232,4098,124,4,445.15
12233,4098,93,2,345.56
12234,4098,71,3,255.03
12235,4098,106,1,270.18
12236,4099,113,3,159.47
12237,4099,145,2,99.1
12238,4100,73,2,137.99
12239,4101,90,4,250.78
12240,4101,16,2,64.67
12241,4102,159,3,395.79
12242,4102,151,1,457.0
12243,4103,60,4,361.78
12244,4104,75,1,115.28
12245,4104,131,1,155.49
12246,4104,126,3,49.56
12247,4104,41,4,307.42
12248,4104,141,1,258.69
12249,4105,31,1,264.38
12250,4105,199,1,309.29
12251,4105,152,4,459.38
12252,4106,53,2,340.82
12253,4106,61,2,313.13
12254,4106,9,2,339.74
12255,4106,94,3,94.9
12256,4106,11,1,444.24
12257,4107,94,3,163.07
12258,4107,78,4,110.03
12259,4107,39,1,486.41
12260,4107,176,4,336.47
12261,4108,101,1,436.37
12262,4108,87,3,242.03
12263,4108,134,3,62.32
12264,4109,200,1,374.45
12265,4110,105,1,331.7
12266,4111,97,4,15.32
12267,4111,178,2,150.18
12268,4111,178,3,191.42
12269,4111,119,1,257.58
12270,4112,195,4,434.07
12271,4112,116,3,231.79
12272,4113,101,1,195.33
12273,4113,49,3,388.54
12274,4113,47,4,15.59
12275,4114,140,2,407.37
12276,4114,80,4,296.25
12277,4114,97,1,275.63
12278,4114,186,1,259.38
12279,4114,194,3,261.18
12280,4115,75,1,100.52
12281,4116,114,3,170.15
12282,4116,36,4,64.87
12283,4116,145,2,433.96
12284,4116,157,1,433.64
12285,4116,41,2,440.19
12286,4117,56,1,344.82
12287,4117,22,2,140.97
12288,4117,183,3,168.53
12289,4118,153,1,460.25
12290,4118,122,2,174.61
12291,4118,100,4,69.9
12292,4118,64,1,193.89
12293,4118,54,4,177.49
12294,4119,114,1,325.44
12295,4119,95,1,482.63
12296,4120,61,4,245.41
12297,4121,156,3,403.25
12298,4121,169,2,372.97
12299,4121,185,2,139.3
12300,4121,154,4,242.32
12301,4122,108,4,160.24
12302,4122,200,4,293.4
12303,4122,31,2,19.9
12304,4122,155,3,170.57
12305,4122,172,1,461.68
12306,4123,77,2,282.11
12307,4123,189,2,191.65
12308,4123,151,4,204.82
12309,4124,173,4,196.51
12310,4124,70,4,421.38
12311,4125,155,1,262.08
12312,4125,123,4,119.81
12313,4125,21,3,65.49
12314,4125,178,2,165.16
12315,4126,157,1,345.06
12316,4126,75,3,235.9
12317,4126,48,4,31.38
12318,4127,70,3,364.54
12319,4127,123,4,36.55
12320,4127,155,3,130.01
12321,4128,122,3,452.89
12322,4128,117,3,490.17
12323,4128,158,2,307.42
12324,4128,65,4,399.93
12325,4128,62,4,275.34
12326,4129,81,4,263.98
12327,4129,154,1,339.6
12328,4130,137,4,242.75
12329,4130,1,4,182.32
12330,4130,28,2,289.98
12331,4131,154,2,492.64
12332,4131,101,4,419.57
12333,4132,198,4,408.16
12334,4132,24,4,389.96
12335,4132,18,4,94.74
12336,4133,106,1,204.86
12337,4133,60,2,383.97
12338,4133,101,2,396.6
12339,4133,31,2,10.12
12340,4133,51,2,373.39
12341,4134,176,4,155.06
12342,4134,157,3,204.19
12343,4134,94,3,285.68
12344,4135,58,4,151.99
12345,4135,64,3,483.08
12346,4135,167,3,147.2
12347,4136,98,2,28.96
12348,4136,139,1,424.68
12349,4136,180,2,432.7
12350,4136,158,2,448.88
12351,4137,137,1,458.98
12352,4137,173,2,412.3
12353,4138,83,1,147.97
12354,4138,91,4,264.7
12355,4138,159,4,301.34
12356,4138,10,1,302.55
12357,4139,23,3,70.85
12358,4139,77,1,475.05
12359,4140,164,4,166.89
12360,4140,177,3,349.12
12361,4140,38,4,214.46
12362,4141,123,4,408.02
12363,4141,187,2,403.14
12364,4142,112,3,452.73
12365,4142,6,1,277.95
12366,4142,66,3,226.63
12367,4143,107,2,442.7
12368,4144,188,4,144.26
12369,4145,137,3,36.18
12370,4146,172,2,321.03
12371,4146,95,2,109.92
12372,4147,180,3,144.31
12373,4147,192,1,68.1
12374,4147,169,1,114.09
12375,4148,189,4,230.21
12376,4148,45,4,133.85
12377,4148,173,1,42.68
12378,4149,45,1,446.84
12379,4149,174,2,414.54
12380,4149,55,3,438.86
12381,4149,164,3,413.65
12382,4149,88,4,67.06
12383,4150,128,1,418.67
12384,4151,183,4,398.57
12385,4151,19,2,370.79
12386,4151,66,1,234.28
12387,4152,129,3,14.14
12388,4153,172,3,30.64
12389,4153,89,3,385.58
12390,4154,34,1,203.75
12391,4155,25,3,386.79
12392,4156,40,3,123.01
12393,4156,1,2,63.82
12394,4156,137,3,192.4
12395,4156,59,3,139.38
12396,4157,5,3,130.82
12397,4157,5,1,294.31
12398,4157,43,2,58.2
12399,4157,91,1,478.14
12400,4157,144,4,125.25
12401,4158,149,1,425.32
12402,4158,62,3,318.84
12403,4159,191,2,440.57
12404,4159,37,1,447.34
12405,4160,181,3,469.98
12406,4160,186,4,410.38
12407,4160,130,3,305.46
12408,4161,188,4,275.45
12409,4161,57,2,299.18
12410,4161,155,3,107.72
12411,4162,21,3,382.12
12412,4162,141,4,267.72
12413,4162,48,1,341.03
12414,4163,47,2,303.98
12415,4163,133,2,11.0
12416,4163,19,4,407.74
12417,4163,162,3,205.09
12418,4164,193,3,174.03
12419,4164,108,2,336.31
12420,4164,174,4,321.96
12421,4164,1,2,456.54
12422,4165,164,4,181.56
12423,4165,116,3,31.46
12424,4165,149,1,333.94
12425,4165,9,4,173.99
12426,4165,170,2,27.59
12427,4166,119,3,108.04
12428,4167,137,3,242.61
12429,4167,127,2,308.87
12430,4167,11,2,152.45
12431,4168,4,4,121.59
12432,4168,26,4,44.95
12433,4168,139,1,64.79
12434,4169,194,4,246.71
12435,4169,47,1,368.81
12436,4170,111,1,489.51
12437,4170,199,4,210.48
12438,4171,17,1,246.91
12439,4171,147,2,176.55
12440,4171,114,3,213.05
12441,4171,35,1,274.14
12442,4172,167,1,42.24
12443,4173,57,2,49.84
12444,4173,41,1,34.41
12445,4173,127,3,39.39
12446,4173,190,4,438.76
12447,4173,183,3,109.34
12448,4174,7,3,78.44
12449,4174,170,2,52.73
12450,4174,126,2,110.07
12451,4174,77,4,419.2
12452,4175,30,1,193.49
12453,4175,101,1,217.88
12454,4175,165,2,248.26
12455,4175,117,2,40.84
12456,4176,11,1,232.27
12457,4177,129,3,238.11
12458,4178,186,1,329.37
12459,4179,197,4,139.35
12460,4179,164,4,371.4
12461,4179,139,3,230.0
12462,4180,6,2,403.75
12463,4180,58,4,316.07
12464,4180,187,3,318.45
12465,4180,193,3,385.26
12466,4180,155,1,417.56
12467,4181,184,2,372.43
12468,4181,124,3,272.27
12469,4181,103,3,85.31
12470,4181,198,1,271.33
12471,4181,74,3,420.51
12472,4182,7,3,307.88
12473,4182,140,2,17.89
12474,4183,7,2,199.36
12475,4184,87,3,226.1
12476,4184,52,4,403.45
12477,4184,183,1,474.5
12478,4185,88,1,56.53
12479,4185,37,2,31.09
12480,4186,42,1,239.98
12481,4186,45,4,478.55
12482,4186,176,2,433.46
12483,4186,140,1,392.47
12484,4186,192,3,278.93
12485,4187,177,4,440.87
12486,4187,21,1,87.3
12487,4187,95,1,154.78
12488,4187,180,2,34.74
12489,4187,82,4,461.68
12490,4188,35,4,57.97
12491,4189,1,1,482.45
12492,4190,110,2,456.87
12493,4190,33,1,170.24
12494,4190,108,4,104.98
12495,4190,168,4,61.7
12496,4191,102,4,265.36
12497,4192,189,3,54.92
12498,4192,122,2,178.21
12499,4192,156,3,216.73
12500,4192,146,3,99.76
12501,4193,88,2,162.17
12502,4193,114,4,271.49
12503,4194,184,4,406.56
12504,4194,57,3,48.78
12505,4194,161,4,21.83
12506,4194,186,2,487.21
12507,4195,190,1,54.43
12508,4195,174,1,441.51
12509,4195,91,1,341.05
12510,4195,166,1,178.82
12511,4196,157,4,365.56
12512,4196,162,2,74.71
12513,4196,15,3,246.39
12514,4196,126,2,171.71
12515,4196,152,4,42.27
12516,4197,181,3,344.92
12517,4197,162,2,118.9
12518,4197,200,3,50.35
12519,4197,33,1,220.03
12520,4197,141,1,163.85
12521,4198,14,2,18.22
12522,4198,148,1,178.92
12523,4198,22,2,135.21
12524,4198,52,3,408.76
12525,4199,83,4,266.09
12526,4199,178,4,224.25
12527,4200,125,2,150.92
12528,4200,180,3,51.58
12529,4200,109,4,196.88
12530,4201,191,3,124.5
12531,4201,159,4,146.59
12532,4201,78,2,303.34
12533,4201,52,2,198.47
12534,4202,124,1,304.0
12535,4202,164,2,293.93
12536,4202,86,1,213.21
12537,4202,44,1,280.46
12538,4202,90,3,265.48
12539,4203,113,4,453.36
12540,4203,58,1,431.47
12541,4204,25,2,336.85
12542,4204,144,4,199.71
12543,4204,104,2,136.65
12544,4204,66,1,313.32
12545,4204,191,3,134.31
12546,4205,184,2,425.64
12547,4205,34,3,203.46
12548,4205,157,4,260.44
12549,4206,152,2,37.93
12550,4206,95,1,233.38
12551,4206,64,3,345.4
12552,4206,37,3,167.21
12553,4207,183,3,8.52
12554,4208,67,3,356.07
12555,4208,12,4,210.91
12556,4208,80,4,261.24
12557,4208,30,2,275.08
12558,4209,117,4,28.0
12559,4209,138,2,102.27
12560,4210,46,2,460.48
12561,4210,93,2,147.03
12562,4210,194,1,196.52
12563,4210,4,2,440.58
12564,4210,64,3,58.4
12565,4211,105,1,404.67
12566,4211,26,1,324.14
12567,4211,149,1,21.14
12568,4212,57,1,316.53
12569,4212,148,2,470.62
12570,4212,81,3,144.46
12571,4212,182,1,338.73
12572,4213,19,2,443.89
12573,4213,126,1,457.69
12574,4213,99,3,101.34
12575,4213,155,1,417.37
12576,4214,70,4,287.11
12577,4214,65,1,456.51
12578,4214,1,2,19.25
12579,4215,188,2,87.45
12580,4215,163,1,431.8
12581,4215,67,1,304.49
12582,4215,196,4,166.27
12583,4215,192,3,21.3
12584,4216,119,4,129.66
12585,4216,33,4,321.78
12586,4217,135,1,464.75
12587,4217,61,4,163.52
12588,4218,4,1,185.7
12589,4219,135,1,8.43
12590,4220,86,2,230.75
12591,4221,135,4,316.67
12592,4221,186,2,30.3
12593,4221,194,2,9.99
12594,4221,19,1,492.6
12595,4222,147,2,470.07
12596,4222,53,4,192.34
12597,4222,166,4,87.83
12598,4222,94,3,39.2
12599,4223,144,1,225.44
12600,4223,200,2,229.9
12601,4223,35,2,416.75
12602,4223,178,3,425.2
12603,4223,40,4,112.25
12604,4224,150,2,353.23
12605,4224,100,2,281.93
12606,4224,198,4,324.21
12607,4225,90,1,31.24
12608,4225,37,2,470.37
12609,4225,93,3,425.34
12610,4226,39,2,134.96
12611,4226,168,2,325.58
12612,4226,156,1,444.31
12613,4226,21,1,178.32
12614,4227,94,2,14.18
12615,4227,163,2,295.57
12616,4227,23,3,361.19
12617,4227,154,1,490.45
12618,4228,17,4,236.67
12619,4228,84,2,327.78
12620,4228,48,4,299.92
12621,4229,175,1,141.05
12622,4229,68,1,405.75
12623,4229,144,1,239.24
12624,4229,42,3,171.91
12625,4229,133,3,270.34
12626,4230,66,1,421.63
12627,4230,148,2,213.34
12628,4230,142,4,176.56
12629,4230,139,1,490.13
12630,4230,127,2,493.71
12631,4231,164,1,180.97
12632,4231,6,1,287.07
12633,4231,128,3,432.71
12634,4231,196,3,225.95
12635,4231,176,2,330.51
12636,4232,89,3,437.26
12637,4232,108,1,352.59
12638,4232,141,3,215.05
12639,4233,27,3,348.81
12640,4234,200,2,193.19
12641,4234,40,3,353.34
12642,4235,124,1,7.31
12643,4235,89,1,288.22
12644,4235,11,4,448.66
12645,4236,178,3,391.65
12646,4236,13,3,405.37
12647,4236,122,4,449.28
12648,4237,123,4,147.98
12649,4237,99,2,476.56
12650,4237,14,2,169.98
12651,4237,34,1,472.64
12652,4237,25,1,23.29
12653,4238,69,4,157.16
12654,4238,198,1,254.92
12655,4239,12,2,82.66
12656,4239,4,3,391.59
12657,4240,117,2,111.33
12658,4240,199,4,496.36
12659,4240,199,2,465.73
12660,4241,89,4,183.16
12661,4241,92,3,73.7
12662,4241,131,4,280.94
12663,4241,99,3,17.11
12664,4242,69,4,264.95
12665,4242,169,4,158.39
12666,4242,131,4,60.23
12667,4242,12,1,31.61
12668,4243,104,3,173.58
12669,4243,64,2,146.43
12670,4243,160,3,72.43
12671,4244,74,4,8.0
12672,4244,31,3,189.08
12673,4244,85,4,109.94
12674,4245,110,3,326.14
12675,4246,27,4,325.92
12676,4246,51,4,428.48
12677,4246,94,3,166.22
12678,4246,72,2,93.19
12679,4246,135,1,334.26
12680,4247,20,4,424.34
12681,4247,119,1,45.09
12682,4247,2,1,358.35
12683,4248,76,2,192.61
12684,4248,68,1,433.7
12685,4248,134,3,303.79
12686,4248,113,1,497.41
12687,4249,198,3,237.81
12688,4249,155,2,484.8
12689,4249,79,4,198.27
12690,4249,133,2,359.09
12691,4249,107,1,198.53
12692,4250,171,4,403.56
12693,4250,99,3,483.95
12694,4250,81,1,272.14
12695,4250,49,1,395.76
12696,4250,107,3,85.47
12697,4251,189,1,321.9
12698,4251,8,3,100.89
12699,4251,17,2,496.45
12700,4251,6,3,162.68
12701,4251,126,3,35.75
12702,4252,87,3,271.19
12703,4252,114,4,288.75
12704,4252,96,1,321.99
12705,4253,59,1,250.52
12706,4254,28,2,177.53
12707,4254,79,1,89.67
12708,4255,150,2,104.9
12709,4255,95,1,482.49
12710,4255,47,3,177.03
12711,4256,27,4,496.94
12712,4257,198,2,169.81
12713,4257,73,2,259.59
12714,4257,106,2,71.23
12715,4258,53,1,235.01
12716,4258,163,1,69.21
12717,4259,98,1,391.68
12718,4260,60,3,140.53
12719,4260,54,3,341.46
12720,4260,1,2,326.53
12721,4260,192,4,485.4
12722,4261,102,3,41.55
12723,4261,104,2,298.25
12724,4261,141,4,23.68
12725,4262,25,3,361.94
12726,4262,23,3,340.61
12727,4263,25,4,69.7
12728,4263,51,4,461.88
12729,4263,94,1,135.3
12730,4264,94,2,197.29
12731,4264,163,2,411.86
12732,4264,63,3,147.22
12733,4264,121,2,439.24
12734,4264,66,1,446.33
12735,4265,12,4,447.96
12736,4265,30,2,308.34
12737,4266,168,2,239.27
12738,4266,163,2,102.18
12739,4266,14,4,22.7
12740,4267,171,2,113.37
12741,4267,94,3,203.91
12742,4267,131,3,297.08
12743,4267,17,2,280.49
12744,4267,54,4,152.06
12745,4268,144,1,26.68
12746,4268,89,3,246.72
12747,4268,54,2,454.18
12748,4268,1,4,313.76
12749,4268,189,2,206.0
12750,4269,173,3,9.97
12751,4269,65,4,442.82
12752,4269,95,1,55.78
12753,4269,81,1,169.91
12754,4269,174,4,176.77
12755,4270,196,1,324.54
12756,4270,83,4,434.42
12757,4270,128,2,86.08
12758,4270,44,3,94.93
12759,4270,65,2,13.98
12760,4271,147,1,434.36
12761,4272,121,1,370.8
12762,4272,64,4,380.61
12763,4272,88,1,382.08
12764,4272,24,3,491.11
12765,4272,38,1,488.08
12766,4273,28,2,408.79
12767,4273,56,2,279.12
12768,4273,174,1,138.44
12769,4273,184,2,319.83
12770,4274,35,2,134.32
12771,4274,153,2,89.55
12772,4274,62,1,78.59
12773,4275,4,1,52.77
12774,4276,155,2,274.56
12775,4276,173,2,136.05
12776,4276,61,3,35.38
12777,4276,151,4,285.75
12778,4276,183,2,171.15
12779,4277,83,4,62.7
12780,4277,125,4,95.98
12781,4277,72,3,206.91
12782,4277,125,4,146.51
12783,4277,197,4,231.89
12784,4278,97,1,453.03
12785,4278,1,2,5.13
12786,4279,14,4,126.76
12787,4279,61,4,32.1
12788,4279,125,2,455.4
12789,4279,185,3,214.42
12790,4279,186,2,213.59
12791,4280,48,2,149.28
12792,4280,154,4,355.31
12793,4280,117,2,274.23
12794,4280,190,2,347.15
12795,4281,17,3,218.93
12796,4281,153,2,87.05
12797,4282,51,1,102.44
12798,4282,84,2,362.33
12799,4283,8,4,76.55
12800,4283,175,1,386.85
12801,4283,181,3,460.09
12802,4283,11,1,499.34
12803,4283,77,1,90.03
12804,4284,152,2,129.56
12805,4284,95,4,224.17
12806,4285,57,2,453.0
12807,4285,179,3,22.13
12808,4285,107,2,348.6
12809,4285,158,2,102.32
12810,4285,118,3,60.9
12811,4286,142,2,107.58
12812,4286,134,4,256.69
12813,4286,150,3,394.94
12814,4287,88,2,382.41
12815,4288,144,4,183.9
12816,4288,89,1,256.84
12817,4288,48,3,405.27
12818,4289,47,2,11.93
12819,4289,124,1,281.98
12820,4290,112,3,253.96
12821,4290,77,4,342.23
12822,4290,73,4,360.95
12823,4290,193,3,88.25
12824,4290,159,1,138.09
12825,4291,93,1,280.22
12826,4291,198,4,287.83
12827,4291,171,2,231.75
12828,4291,170,1,374.41
12829,4292,163,3,446.69
12830,4292,27,1,374.27
12831,4292,16,3,180.77
12832,4293,19,2,214.3
12833,4293,105,4,213.34
12834,4293,166,1,394.05
12835,4294,13,3,286.37
12836,4294,78,4,22.52
12837,4294,52,4,411.64
12838,4295,195,2,489.31
12839,4295,40,1,217.94
12840,4295,70,2,74.42
12841,4296,57,3,434.9
12842,4296,179,2,241.84
12843,4296,89,2,445.37
12844,4297,31,1,306.3
12845,4297,86,4,269.08
12846,4298,189,3,124.18
12847,4298,20,2,85.95
12848,4298,94,2,370.13
12849,4298,198,4,141.44
12850,4298,114,3,221.82
12851,4299,113,4,148.78
12852,4299,42,4,315.49
12853,4299,60,1,236.01
12854,4299,169,1,232.8
12855,4300,188,1,59.02
12856,4301,198,1,189.1
12857,4301,156,3,471.51
12858,4301,27,1,370.75
12859,4301,124,3,359.65
12860,4301,168,1,17.63
12861,4302,14,1,222.46
12862,4303,188,3,459.17
12863,4304,146,2,13.06
12864,4304,107,3,33.02
12865,4304,68,1,69.4
12866,4305,172,3,344.1
12867,4306,90,3,393.99
12868,4307,187,4,277.07
12869,4307,10,4,210.55
12870,4307,198,4,225.21
12871,4308,69,1,136.12
12872,4309,86,4,15.4
12873,4310,185,2,466.01
12874,4310,122,1,344.22
12875,4310,17,3,390.33
12876,4311,27,3,65.47
12877,4312,186,4,423.8
12878,4312,66,2,376.95
12879,4313,29,1,199.48
12880,4313,166,4,481.93
12881,4313,3,3,477.12
12882,4314,82,3,111.65
12883,4314,179,1,250.9
12884,4315,38,1,222.16
12885,4315,83,1,275.14
12886,4316,77,1,276.65
12887,4316,112,1,371.15
12888,4317,82,2,407.22
12889,4317,105,1,54.07
12890,4318,148,2,392.16
12891,4318,152,1,472.24
12892,4318,181,3,387.43
12893,4318,7,1,86.55
12894,4318,185,4,471.04
12895,4319,170,2,260.59
12896,4319,115,3,367.83
12897,4320,160,2,401.26
12898,4320,68,2,152.44
12899,4320,85,1,78.58
12900,4321,123,2,268.61
12901,4321,182,4,314.55
12902,4322,72,1,439.97
12903,4322,10,3,39.68
12904,4322,197,2,284.94
12905,4322,187,2,350.93
12906,4323,49,1,369.28
12907,4323,127,4,251.35
12908,4323,133,2,333.29
12909,4324,18,1,249.12
12910,4324,131,2,129.46
12911,4324,14,2,318.36
12912,4324,22,2,99.54
12913,4324,196,1,496.72
12914,4325,15,2,337.56
12915,4325,111,4,46.53
12916,4326,5,1,225.88
12917,4326,39,3,368.08
12918,4327,165,4,33.68
12919,4327,175,4,475.8
12920,4327,109,1,488.89
12921,4327,6,3,5.81
12922,4328,191,2,330.85
12923,4329,124,2,379.92
12924,4329,6,4,118.12
12925,4329,53,2,409.03
12926,4329,153,3,26.8
12927,4330,110,1,397.06
12928,4330,88,3,14.8
12929,4330,166,1,326.06
12930,4330,87,1,340.99
12931,4331,12,4,314.74
12932,4331,48,3,28.74
12933,4332,10,3,491.85
12934,4332,95,4,464.42
12935,4332,80,1,294.59
12936,4332,192,3,388.54
12937,4332,33,3,109.54
12938,4333,96,1,351.09
12939,4334,11,4,202.47
12940,4334,149,1,382.35
12941,4334,130,1,372.28
12942,4334,80,2,209.46
12943,4334,134,3,306.91
12944,4335,116,4,143.15
12945,4336,197,4,220.55
12946,4337,178,1,143.14
12947,4338,165,2,370.22
12948,4338,27,3,410.17
12949,4338,91,2,447.1
12950,4339,184,2,412.51
12951,4340,150,1,110.39
12952,4340,127,3,279.83
12953,4341,121,3,427.45
12954,4341,198,3,471.54
12955,4341,81,2,133.06
12956,4341,179,4,145.81
12957,4342,1,1,89.54
12958,4342,118,1,382.46
12959,4342,184,1,107.71
12960,4342,139,1,428.84
12961,4343,163,2,402.09
12962,4343,2,2,424.3
12963,4344,3,1,290.52
12964,4344,89,4,353.63
12965,4344,137,3,61.32
12966,4344,103,4,46.76
12967,4345,67,3,136.6
12968,4345,154,1,143.94
12969,4345,152,3,373.7
12970,4345,181,4,360.17
12971,4346,177,2,492.67
12972,4346,177,4,70.46
12973,4347,69,1,88.84
12974,4347,98,1,374.1
12975,4347,47,3,426.46
12976,4348,150,2,451.9
12977,4348,182,3,194.61
12978,4348,130,4,452.1
12979,4349,56,2,335.99
12980,4349,116,3,179.38
12981,4349,156,1,268.46
12982,4349,46,2,272.84
12983,4349,143,4,208.26
12984,4350,66,2,367.3
12985,4350,58,4,452.48
12986,4350,97,1,312.14
12987,4351,85,4,173.03
12988,4351,200,4,303.41
12989,4351,114,4,378.11
12990,4351,27,2,328.69
12991,4351,47,1,11.45
12992,4352,165,4,270.92
12993,4352,88,2,424.24
12994,4353,82,1,395.8
12995,4354,194,4,248.51
12996,4355,156,4,26.89
12997,4355,6,4,472.99
12998,4355,110,3,255.31
12999,4355,160,4,253.51
13000,4355,41,3,69.07
13001,4356,142,2,378.95
13002,4356,56,3,129.02
13003,4356,164,1,315.84
13004,4357,5,2,441.23
13005,4357,141,4,100.85
13006,4357,51,3,191.62
13007,4358,194,1,263.97
13008,4358,66,3,305.54
13009,4358,101,1,73.04
13010,4358,183,4,397.86
13011,4358,58,2,345.23
13012,4359,89,2,15.97
13013,4360,27,1,398.98
13014,4360,181,4,260.61
13015,4360,6,1,182.66
13016,4360,132,2,456.45
13017,4360,62,3,405.64
13018,4361,136,2,303.43
13019,4361,166,3,176.8
13020,4361,193,1,256.44
13021,4361,52,4,282.23
13022,4361,28,3,327.05
13023,4362,90,1,231.64
13024,4362,79,2,265.55
13025,4363,153,3,413.91
13026,4363,16,1,224.43
13027,4364,86,3,5.29
13028,4364,199,3,99.1
13029,4364,192,3,244.66
13030,4364,164,4,357.92
13031,4365,116,2,112.55
13032,4365,100,1,138.22
13033,4365,65,4,144.02
13034,4365,92,1,416.33
13035,4366,158,3,221.18
13036,4366,182,1,322.43
13037,4367,168,2,211.2
13038,4367,140,3,42.22
13039,4367,136,2,349.22
13040,4368,122,2,34.79
13041,4368,100,1,133.91
13042,4368,101,1,44.61
13043,4368,172,3,384.12
13044,4369,7,1,35.39
13045,4369,187,2,167.06
13046,4369,174,2,452.94
13047,4370,168,4,415.35
13048,4370,115,2,314.81
13049,4370,143,4,241.4
13050,4370,98,3,134.05
13051,4370,35,2,152.34
13052,4371,89,1,443.54
13053,4371,116,3,331.05
13054,4371,2,2,268.19
13055,4372,92,4,482.24
13056,4372,47,2,456.98
13057,4372,97,4,184.16
13058,4372,46,4,188.07
13059,4373,4,2,390.65
13060,4373,150,2,304.5
13061,4373,93,3,167.97
13062,4374,47,1,428.74
13063,4374,68,4,21.65
13064,4375,102,3,254.64
13065,4375,182,2,307.12
13066,4375,197,1,38.69
13067,4375,144,4,195.62
13068,4376,115,1,139.92
13069,4376,62,3,452.83
13070,4377,17,3,385.81
13071,4377,133,2,139.35
13072,4377,167,3,116.23
13073,4377,34,4,449.8
13074,4378,80,3,437.06
13075,4378,46,3,35.04
13076,4378,158,3,410.96
13077,4379,179,4,260.2
13078,4379,99,1,271.94
13079,4379,116,4,103.68
13080,4380,125,2,157.13
13081,4380,120,1,60.16
13082,4381,50,4,392.11
13083,4381,138,1,173.98
13084,4381,105,1,420.25
13085,4381,104,2,37.16
13086,4382,122,1,121.1
13087,4382,136,4,102.76
13088,4382,75,1,350.86
13089,4382,56,1,286.74
13090,4383,109,4,434.23
13091,4383,184,1,214.98
13092,4383,80,4,310.58
13093,4383,140,4,242.36
13094,4384,189,1,253.59
13095,4384,47,3,234.9
13096,4385,66,4,205.39
13097,4385,142,4,222.78
13098,4386,101,4,50.54
13099,4387,92,4,306.79
13100,4387,86,4,270.7
13101,4387,178,2,100.18
13102,4387,81,2,300.84
13103,4387,15,1,393.65
13104,4388,58,4,123.39
13105,4389,74,4,416.99
13106,4389,194,1,482.21
13107,4390,48,2,474.57
13108,4390,143,1,414.19
13109,4390,86,1,225.08
13110,4390,155,1,228.22
13111,4390,7,4,230.82
13112,4391,51,1,108.72
13113,4391,101,3,159.79
13114,4391,142,2,100.62
13115,4391,76,2,177.65
13116,4391,3,2,480.69
13117,4392,188,1,21.37
13118,4392,42,3,474.23
13119,4393,84,1,149.66
13120,4393,151,3,425.29
13121,4393,196,4,238.26
13122,4393,60,1,352.93
13123,4394,110,2,188.0
13124,4394,51,2,25.35
13125,4394,69,2,168.23
13126,4395,102,4,309.96
13127,4395,132,2,221.29
13128,4396,162,3,491.57
13129,4396,80,3,449.39
13130,4396,130,1,20.03
13131,4396,104,2,377.04
13132,4397,195,2,284.45
13133,4397,163,1,191.62
13134,4397,182,1,141.0
13135,4397,149,3,77.68
13136,4398,23,2,136.85
13137,4399,13,4,303.02
13138,4399,124,2,34.58
13139,4399,149,2,253.81
13140,4400,36,1,111.69
13141,4401,130,2,295.82
13142,4401,153,1,56.9
13143,4401,1,3,312.73
13144,4401,77,4,492.21
13145,4401,21,4,281.61
13146,4402,132,1,475.26
13147,4402,10,3,365.06
13148,4402,8,1,432.89
13149,4402,84,3,435.73
13150,4403,180,2,63.66
13151,4404,62,4,5.48
13152,4404,92,4,134.69
13153,4405,31,3,136.7
13154,4406,34,1,380.5
13155,4406,122,1,300.18
13156,4406,160,1,303.12
13157,4406,18,2,192.74
13158,4406,17,4,323.5
13159,4407,5,3,489.24
13160,4407,78,2,394.16
13161,4408,20,4,413.13
13162,4409,88,2,495.06
13163,4410,99,3,109.05
13164,4410,77,3,317.68
13165,4410,51,3,447.96
13166,4410,127,2,67.42
13167,4410,1,4,21.52
13168,4411,86,2,403.03
13169,4411,8,3,114.12
13170,4412,191,2,463.9
13171,4412,174,1,432.76
13172,4412,77,4,26.39
13173,4412,106,3,277.93
13174,4413,92,1,343.16
13175,4413,146,2,85.68
13176,4413,73,1,422.48
13177,4414,26,1,456.27
13178,4414,145,2,187.95
13179,4414,146,1,315.25
13180,4415,19,4,408.09
13181,4415,103,4,223.1
13182,4415,7,3,81.81
13183,4415,130,3,339.84
13184,4415,97,1,134.27
13185,4416,37,1,21.19
13186,4416,132,2,166.65
13187,4416,139,3,244.61
13188,4417,184,1,99.91
13189,4417,7,2,228.84
13190,4417,53,1,80.94
13191,4417,95,4,285.6
13192,4417,177,3,262.08
13193,4418,65,4,473.94
13194,4418,20,2,131.89
13195,4418,6,3,347.22
13196,4418,31,3,12.06
13197,4419,26,2,356.66
13198,4419,182,4,42.11
13199,4419,9,1,23.42
13200,4419,71,3,155.69
13201,4419,169,1,363.25
13202,4420,171,3,255.64
13203,4420,27,1,437.97
13204,4421,43,3,166.78
13205,4421,64,4,77.32
13206,4421,93,4,43.77
13207,4422,170,4,35.32
13208,4422,15,2,332.36
13209,4423,151,3,58.4
13210,4423,111,1,59.79
13211,4424,60,2,129.0
13212,4424,181,1,301.46
13213,4424,192,3,464.4
13214,4424,35,4,407.62
13215,4424,34,1,197.06
13216,4425,77,1,458.85
13217,4425,164,1,5.91
13218,4425,17,2,356.26
13219,4425,57,1,65.67
13220,4425,117,4,171.94
13221,4426,63,2,114.59
13222,4426,187,2,197.17
13223,4426,79,1,150.25
13224,4426,79,3,199.58
13225,4427,6,4,135.6
13226,4427,155,1,160.32
13227,4427,52,1,174.66
13228,4427,158,3,8.67
13229,4427,196,3,85.1
13230,4428,140,2,201.64
13231,4428,85,4,248.46
13232,4428,22,1,351.57
13233,4428,126,2,236.1
13234,4429,96,1,458.6
13235,4430,147,1,189.7
13236,4430,87,1,278.15
13237,4430,152,3,360.5
13238,4430,95,2,313.24
13239,4431,36,2,52.53
13240,4431,51,2,278.09
13241,4431,37,3,389.56
13242,4432,137,1,333.26
13243,4432,6,2,310.52
13244,4432,165,4,494.55
13245,4432,99,3,388.59
13246,4432,168,2,360.9
13247,4433,161,3,421.3
13248,4433,133,1,493.83
13249,4433,63,1,149.05
13250,4434,185,3,117.43
13251,4434,56,1,442.44
13252,4435,5,1,62.21
13253,4435,54,1,144.44
13254,4436,22,3,127.93
13255,4436,165,4,253.58
13256,4437,86,2,370.8
13257,4437,123,4,16.65
13258,4437,170,2,216.57
13259,4438,120,4,313.36
13260,4438,167,4,308.22
13261,4438,189,4,349.44
13262,4438,90,4,337.57
13263,4438,112,3,43.54
13264,4439,115,4,394.2
13265,4440,116,2,351.79
13266,4440,181,4,99.05
13267,4440,145,4,255.48
13268,4440,11,4,61.03
13269,4441,128,3,28.62
13270,4441,200,3,319.32
13271,4441,33,1,52.1
13272,4442,188,3,75.48
13273,4443,186,2,121.56
13274,4443,184,2,109.06
13275,4443,142,1,405.06
13276,4443,60,2,60.3
13277,4443,20,4,492.5
13278,4444,79,3,456.05
13279,4444,106,4,24.64
13280,4444,30,1,303.8
13281,4444,135,3,449.27
13282,4445,95,4,274.85
13283,4446,150,1,457.18
13284,4446,127,1,164.37
13285,4447,3,2,204.16
13286,4447,34,2,204.59
13287,4447,46,3,172.76
13288,4447,131,3,357.07
13289,4448,115,1,407.16
13290,4448,119,4,176.47
13291,4449,92,4,315.4
13292,4450,67,3,143.15
13293,4450,16,2,367.98
13294,4450,67,3,89.14
13295,4450,79,2,223.57
13296,4450,53,4,197.92
13297,4451,80,4,393.98
13298,4451,189,4,62.78
13299,4451,138,1,206.52
13300,4452,184,4,324.09
13301,4452,76,4,234.51
13302,4452,151,4,221.89
13303,4452,133,3,190.57
13304,4453,178,2,322.9
13305,4453,164,1,322.09
13306,4454,82,4,250.28
13307,4455,55,3,142.26
13308,4456,170,4,300.6
13309,4456,164,1,363.32
13310,4456,154,1,240.71
13311,4457,162,3,172.01
13312,4457,54,1,495.55
13313,4457,19,4,101.94
13314,4458,39,4,90.18
13315,4459,28,2,289.48
13316,4459,142,3,194.04
13317,4460,14,3,186.18
13318,4460,166,2,166.63
13319,4460,27,4,237.23
13320,4461,111,3,82.23
13321,4461,167,4,157.48
13322,4461,40,3,111.93
13323,4462,191,2,392.14
13324,4462,7,2,67.96
13325,4462,71,1,6.75
13326,4462,75,4,25.77
13327,4462,42,4,173.53
13328,4463,186,3,259.21
13329,4464,106,4,475.55
13330,4464,113,2,190.1
13331,4464,15,2,495.7
13332,4464,31,3,197.91
13333,4464,160,2,395.66
13334,4465,109,3,25.63
13335,4466,161,1,338.15
13336,4466,197,3,458.06
13337,4466,134,3,139.9
13338,4466,90,2,112.62
13339,4467,19,1,453.21
13340,4467,7,1,398.41
13341,4467,174,2,21.43
13342,4468,104,1,152.25
13343,4468,106,2,126.25
13344,4468,48,1,419.07
13345,4468,31,4,160.95
13346,4469,152,2,445.83
13347,4469,105,1,171.98
13348,4469,111,3,121.01
13349,4469,70,2,138.89
13350,4470,127,1,451.53
13351,4471,117,4,88.34
13352,4472,65,3,456.7
13353,4472,146,2,368.27
13354,4472,125,3,86.37
13355,4472,187,4,21.32
13356,4473,171,4,477.93
13357,4473,129,1,63.45
13358,4473,17,2,21.38
13359,4473,90,2,345.08
13360,4474,136,2,185.23
13361,4474,43,2,109.14
13362,4475,70,3,398.85
13363,4476,168,2,316.45
13364,4476,68,3,277.38
13365,4476,157,4,276.7
13366,4476,105,1,142.98
13367,4477,27,4,363.36
13368,4477,94,3,317.35
13369,4477,34,4,294.84
13370,4477,51,4,32.57
13371,4478,20,4,308.27
13372,4478,191,1,159.38
13373,4478,172,4,41.07
13374,4478,39,4,332.69
13375,4479,76,1,295.57
13376,4479,12,3,103.21
13377,4479,120,1,87.64
13378,4480,9,3,10.25
13379,4480,83,4,390.37
13380,4480,44,2,474.92
13381,4480,48,3,201.51
13382,4481,3,3,270.96
13383,4481,92,1,47.09
13384,4481,152,1,456.15
13385,4481,82,4,367.36
13386,4482,125,1,381.45
13387,4482,20,4,256.8
13388,4482,30,2,177.08
13389,4482,183,2,342.38
13390,4483,104,3,472.35
13391,4484,156,2,462.41
13392,4484,64,3,39.99
13393,4485,100,1,247.53
13394,4485,96,4,85.09
13395,4485,172,3,432.1
13396,4485,94,2,220.82
13397,4486,144,2,121.28
13398,4486,170,3,28.59
13399,4486,52,2,238.59
13400,4486,56,4,425.89
13401,4486,29,3,417.44
13402,4487,107,4,194.36
13403,4487,133,1,273.34
13404,4487,6,4,296.48
13405,4487,107,3,123.1
13406,4488,37,4,499.39
13407,4488,4,2,347.5
13408,4489,121,1,311.3
13409,4489,144,1,121.26
13410,4489,57,4,401.85
13411,4490,56,4,147.9
13412,4491,146,2,291.5
13413,4491,162,2,344.19
13414,4491,186,3,437.65
13415,4491,84,3,83.11
13416,4492,157,2,365.82
13417,4492,195,2,470.24
13418,4493,55,2,377.24
13419,4493,8,4,91.06
13420,4493,132,1,392.08
13421,4493,158,3,307.8
13422,4493,27,4,460.48
13423,4494,151,1,301.9
13424,4495,5,2,119.41
13425,4495,186,2,221.61
13426,4495,69,3,168.01
13427,4496,93,3,72.36
13428,4496,126,2,399.64
13429,4496,177,4,93.83
13430,4496,38,1,401.23
13431,4497,82,1,389.69
13432,4497,101,2,389.77
13433,4498,65,3,52.82
13434,4498,181,4,172.43
13435,4498,180,1,213.93
13436,4498,140,4,90.88
13437,4499,84,1,116.25
13438,4499,149,4,215.92
13439,4499,185,1,474.92
13440,4499,88,4,165.24
13441,4499,39,4,200.58
13442,4500,175,1,258.46
13443,4501,117,2,100.69
13444,4502,182,1,270.98
13445,4502,103,3,463.58
13446,4502,14,4,468.94
13447,4502,111,3,498.46
13448,4502,17,4,231.77
13449,4503,91,1,471.06
13450,4503,153,4,499.1
13451,4503,106,4,205.96
13452,4504,51,4,141.0
13453,4504,79,3,344.71
13454,4505,116,1,370.29
13455,4505,51,3,487.05
13456,4506,108,2,217.76
13457,4507,121,3,355.56
13458,4507,70,2,94.65
13459,4507,26,2,341.46
13460,4507,34,1,405.99
13461,4508,50,1,335.74
13462,4508,175,1,458.8
13463,4508,66,4,105.98
13464,4508,117,3,54.96
13465,4509,94,2,365.73
13466,4509,84,1,255.53
13467,4509,53,2,88.3
13468,4509,26,1,152.72
13469,4509,54,3,48.35
13470,4510,188,2,492.43
13471,4510,182,3,498.13
13472,4510,17,4,481.7
13473,4510,155,1,447.44
13474,4511,195,3,134.29
13475,4511,161,1,352.28
13476,4512,63,2,165.21
13477,4512,28,4,401.4
13478,4513,177,2,21.14
13479,4513,139,2,286.96
13480,4514,88,1,90.99
13481,4514,132,3,176.55
13482,4514,31,4,288.59
13483,4515,170,1,216.47
13484,4515,46,3,471.01
13485,4515,153,2,57.86
13486,4515,78,3,128.16
13487,4515,108,3,54.41
13488,4516,29,2,210.07
13489,4516,178,3,425.11
13490,4516,21,4,54.73
13491,4516,3,3,139.99
13492,4517,124,2,194.36
13493,4518,180,3,244.52
13494,4518,107,3,481.81
13495,4518,20,2,58.47
13496,4518,136,3,428.85
13497,4519,198,4,74.51
13498,4519,153,4,225.92
13499,4519,37,1,140.06
13500,4519,142,4,89.0
13501,4519,51,1,309.85
13502,4520,142,4,160.19
13503,4520,177,4,346.67
13504,4520,126,3,12.07
13505,4520,200,1,305.73
13506,4521,64,1,229.26
13507,4521,86,3,400.63
13508,4521,67,4,419.77
13509,4522,181,2,273.04
13510,4522,188,3,29.19
13511,4522,155,4,67.22
13512,4523,73,3,222.8
13513,4523,151,1,293.03
13514,4523,23,3,69.12
13515,4524,91,4,102.33
13516,4524,174,1,112.94
13517,4524,85,3,84.43
13518,4524,194,2,98.97
13519,4524,54,2,310.78
13520,4525,56,3,105.32
13521,4525,92,3,310.71
13522,4525,28,4,441.61
13523,4525,120,4,127.38
13524,4525,93,4,353.29
13525,4526,37,3,357.75
13526,4526,179,3,117.16
13527,4527,108,4,92.43
13528,4527,128,1,43.03
13529,4528,95,2,482.78
13530,4528,88,3,176.81
13531,4528,50,3,463.0
13532,4528,13,4,334.41
13533,4529,129,2,305.42
13534,4529,138,4,121.56
13535,4529,16,4,353.42
13536,4530,178,3,65.09
13537,4530,149,2,351.9
13538,4530,197,3,456.62
13539,4531,181,1,135.34
13540,4531,19,3,129.95
13541,4531,185,1,292.0
13542,4531,119,4,77.78
13543,4531,37,3,249.84
13544,4532,200,3,83.65
13545,4533,6,2,187.25
13546,4533,119,4,193.28
13547,4533,60,1,482.54
13548,4533,169,4,287.32
13549,4534,20,1,293.48
13550,4534,102,3,384.44
13551,4534,26,3,16.44
13552,4535,105,1,184.46
13553,4535,11,3,63.58
13554,4535,190,1,252.02
13555,4536,39,2,31.06
13556,4536,37,3,48.58
13557,4536,180,2,311.0
13558,4536,2,2,294.65
13559,4536,92,1,36.69
13560,4537,113,3,451.92
13561,4537,115,2,310.37
13562,4537,15,3,499.61
13563,4538,124,2,348.64
13564,4538,8,3,308.53
13565,4539,123,3,160.09
13566,4539,140,3,145.36
13567,4539,98,2,101.81
13568,4540,140,3,442.74
13569,4540,107,3,37.77
13570,4540,11,2,357.91
13571,4540,144,2,397.03
13572,4540,144,2,150.82
13573,4541,109,1,205.77
13574,4542,149,1,104.67
13575,4542,164,2,437.84
13576,4542,75,1,482.77
13577,4543,53,3,360.56
13578,4543,167,2,467.97
13579,4544,29,2,416.82
13580,4544,26,2,50.55
13581,4544,99,1,442.86
13582,4544,171,2,286.64
13583,4545,136,4,233.35
13584,4546,173,1,332.4
13585,4547,16,2,463.09
13586,4547,61,2,444.22
13587,4547,148,4,455.37
13588,4547,198,2,399.89
13589,4547,172,3,227.62
13590,4548,92,4,158.26
13591,4548,169,1,452.24
13592,4549,75,4,348.51
13593,4549,134,4,128.26
13594,4549,145,4,85.46
13595,4550,60,3,484.08
13596,4550,37,1,116.61
13597,4551,20,3,163.78
13598,4551,156,1,302.75
13599,4551,7,2,312.94
13600,4551,94,4,73.53
13601,4551,97,2,309.36
13602,4552,7,4,425.83
13603,4553,55,2,225.1
13604,4553,82,2,474.28
13605,4554,46,3,290.36
13606,4555,148,2,121.56
13607,4555,143,3,276.18
13608,4555,186,3,370.84
13609,4555,7,1,5.8
13610,4555,29,3,340.88
13611,4556,80,4,299.34
13612,4556,2,4,139.16
13613,4556,94,1,400.28
13614,4556,177,4,11.89
13615,4556,49,2,89.18
13616,4557,85,1,71.3
13617,4557,200,3,375.37
13618,4557,161,2,289.21
13619,4557,7,2,92.09
13620,4558,186,1,118.63
13621,4559,196,1,32.12
13622,4559,39,4,90.3
13623,4559,88,4,166.73
13624,4559,92,1,82.1
13625,4559,55,4,32.64
13626,4560,110,2,107.88
13627,4560,6,2,83.39
13628,4560,27,4,196.63
13629,4560,112,2,63.45
13630,4560,43,4,146.41
13631,4561,55,3,185.39
13632,4561,184,3,283.05
13633,4562,102,3,201.89
13634,4562,17,2,300.97
13635,4562,186,3,423.26
13636,4563,78,3,42.17
13637,4563,77,4,185.42
13638,4563,54,4,216.66
13639,4563,51,4,381.62
13640,4563,182,2,177.68
13641,4564,91,4,455.32
13642,4564,128,4,211.76
13643,4564,92,3,340.11
13644,4564,125,1,164.17
13645,4564,144,4,431.48
13646,4565,119,4,462.07
13647,4565,87,1,54.22
13648,4565,150,1,159.94
13649,4565,36,3,209.35
13650,4566,43,4,134.86
13651,4566,157,4,310.58
13652,4566,12,1,393.65
13653,4567,2,4,114.08
13654,4567,181,2,254.74
13655,4567,9,3,55.59
13656,4567,37,4,168.47
13657,4568,164,2,94.36
13658,4569,197,2,282.73
13659,4569,45,3,136.4
13660,4570,127,4,125.52
13661,4570,185,1,444.0
13662,4571,68,4,316.87
13663,4571,81,1,70.12
13664,4571,153,3,141.52
13665,4571,193,2,366.41
13666,4572,162,2,169.09
13667,4572,170,3,287.39
13668,4573,193,1,219.46
13669,4573,89,2,472.27
13670,4573,196,3,75.86
13671,4573,141,4,327.88
13672,4573,83,1,69.23
13673,4574,17,1,250.79
13674,4575,64,1,65.64
13675,4575,74,4,123.21
13676,4575,109,1,284.44
13677,4575,157,1,465.01
13678,4576,73,3,304.56
13679,4577,168,4,450.44
13680,4577,69,1,18.86
13681,4577,181,3,310.42
13682,4577,94,2,134.55
13683,4577,173,3,182.02
13684,4578,23,1,359.46
13685,4578,42,1,339.57
13686,4579,132,2,274.94
13687,4580,70,1,417.41
13688,4580,141,4,91.16
13689,4580,85,1,354.52
13690,4581,31,1,289.01
13691,4581,118,3,418.28
13692,4581,195,4,490.78
13693,4582,98,1,493.54
13694,4582,175,4,50.87
13695,4582,172,4,295.55
13696,4582,29,2,381.42
13697,4582,26,2,409.49
13698,4583,98,3,489.24
13699,4583,93,3,271.36
13700,4584,189,1,348.12
13701,4584,150,2,443.67
13702,4584,107,1,411.21
13703,4584,100,3,301.03
13704,4585,166,2,251.18
13705,4585,32,1,10.33
13706,4585,183,2,180.29
13707,4585,20,2,18.43
13708,4585,160,3,185.89
13709,4586,29,3,475.98
13710,4586,121,2,353.43
13711,4586,154,3,441.0
13712,4586,144,3,464.01
13713,4586,170,4,104.22
13714,4587,132,3,298.17
13715,4587,22,2,367.53
13716,4587,189,4,445.85
13717,4587,136,4,436.0
13718,4587,29,1,316.79
13719,4588,185,2,120.66
13720,4589,172,2,108.19
13721,4589,25,3,121.39
13722,4589,71,1,316.6
13723,4590,195,1,76.55
13724,4590,129,4,387.08
13725,4590,107,2,126.61
13726,4590,131,4,380.93
13727,4591,186,1,100.03
13728,4591,45,2,369.5
13729,4591,130,2,94.62
13730,4591,14,3,144.55
13731,4591,76,2,431.45
13732,4592,132,1,210.62
13733,4592,66,3,240.53
13734,4592,195,1,401.6
13735,4592,37,3,495.86
13736,4593,181,2,258.05
13737,4594,196,1,251.79
13738,4594,181,1,271.89
13739,4594,200,2,426.67
13740,4595,127,4,339.6
13741,4595,54,3,22.28
13742,4596,190,4,289.12
13743,4596,86,1,251.52
13744,4596,58,2,461.26
13745,4597,105,2,381.23
13746,4597,13,1,315.94
13747,4598,177,4,310.05
13748,4598,142,3,499.65
13749,4598,104,2,45.26
13750,4598,99,4,9.3
13751,4598,14,4,86.24
13752,4599,34,3,9.88
13753,4600,73,3,335.57
13754,4600,55,4,80.42
13755,4600,148,2,62.55
13756,4600,179,2,444.87
13757,4601,27,2,139.08
13758,4602,139,3,18.39
13759,4602,34,1,421.72
13760,4602,135,3,256.82
13761,4602,150,3,181.21
13762,4603,189,4,74.7
13763,4603,76,4,422.11
13764,4603,169,1,147.98
13765,4604,174,1,226.65
13766,4604,93,4,119.31
13767,4605,68,4,166.15
13768,4606,67,3,213.22
13769,4606,93,4,158.18
13770,4606,18,3,370.93
13771,4607,181,4,152.51
13772,4607,82,1,442.97
13773,4608,65,2,490.69
13774,4609,40,1,122.61
13775,4609,153,1,115.79
13776,4609,112,4,173.42
13777,4610,55,4,245.02
13778,4610,34,4,370.22
13779,4610,93,3,418.75
13780,4610,42,3,62.21
13781,4610,82,1,359.71
13782,4611,71,1,97.09
13783,4611,122,2,94.31
13784,4612,12,4,152.27
13785,4612,18,4,176.04
13786,4613,173,1,428.67
13787,4614,153,4,469.31
13788,4614,54,2,478.24
13789,4615,136,3,458.45
13790,4616,92,2,484.82
13791,4616,58,2,474.01
13792,4616,136,3,401.05
13793,4617,187,1,280.6
13794,4618,181,1,266.25
13795,4618,26,3,94.77
13796,4618,31,4,409.86
13797,4618,182,2,146.23
13798,4618,200,1,208.81
13799,4619,191,3,173.0
13800,4619,80,2,97.86
13801,4619,145,4,357.58
13802,4619,197,4,68.17
13803,4619,4,3,29.99
13804,4620,48,3,78.42
13805,4620,199,2,414.84
13806,4621,157,1,341.94
13807,4622,29,4,100.39
13808,4622,35,3,325.73
13809,4623,196,2,156.36
13810,4623,123,2,420.31
13811,4623,189,1,461.78
13812,4623,31,2,46.36
13813,4624,127,4,467.6
13814,4624,20,1,77.51
13815,4624,29,2,238.03
13816,4625,167,3,92.36
13817,4625,10,4,195.03
13818,4625,150,1,181.05
13819,4626,22,1,467.32
13820,4626,145,4,249.04
13821,4627,110,4,182.35
13822,4628,137,1,31.06
13823,4629,193,2,236.05
13824,4630,171,2,115.02
13825,4631,121,3,50.59
13826,4631,9,1,111.73
13827,4631,106,3,238.38
13828,4632,200,4,496.9
13829,4632,61,3,429.52
13830,4632,116,1,373.82
13831,4632,140,3,401.95
13832,4632,94,1,433.56
13833,4633,28,2,298.16
13834,4633,20,2,100.04
13835,4634,85,1,51.22
13836,4634,153,1,373.25
13837,4635,40,4,80.68
13838,4636,10,4,392.25
13839,4636,173,3,280.71
13840,4636,45,3,84.23
13841,4637,84,3,425.19
13842,4637,101,3,477.09
13843,4638,97,2,406.81
13844,4638,111,1,151.96
13845,4638,91,1,107.12
13846,4638,87,2,180.72
13847,4639,53,4,83.81
13848,4639,66,4,214.95
13849,4640,43,4,456.2
13850,4640,124,4,41.57
13851,4641,4,3,403.35
13852,4641,193,3,470.15
13853,4641,194,2,150.65
13854,4641,194,2,347.58
13855,4641,93,4,134.06
13856,4642,155,4,268.54
13857,4642,97,3,118.56
13858,4642,22,4,24.8
13859,4643,193,4,456.7
13860,4643,57,1,58.72
13861,4643,12,1,177.25
13862,4644,145,3,96.64
13863,4644,24,1,387.26
13864,4645,47,3,7.39
13865,4645,89,1,339.91
13866,4645,67,2,421.11
13867,4646,181,4,419.68
13868,4647,62,3,266.01
13869,4647,192,3,446.74
13870,4647,129,2,216.44
13871,4647,83,3,318.66
13872,4647,115,3,383.94
13873,4648,198,4,133.67
13874,4648,90,3,461.38
13875,4648,162,1,366.95
13876,4648,78,2,195.37
13877,4648,43,4,166.68
13878,4649,127,3,35.56
13879,4649,178,4,263.64
13880,4649,165,4,454.16
13881,4649,124,2,382.67
13882,4649,60,1,380.89
13883,4650,2,4,481.89
13884,4650,134,3,189.7
13885,4650,28,2,341.27
13886,4650,41,3,209.3
13887,4650,19,2,234.76
13888,4651,28,1,439.12
13889,4651,186,2,365.45
13890,4651,160,3,434.89
13891,4651,165,4,99.31
13892,4652,90,4,32.52
13893,4652,53,2,25.57
13894,4652,184,2,191.25
13895,4652,57,1,37.23
13896,4653,28,4,83.07
13897,4653,145,3,40.14
13898,4653,15,2,216.55
13899,4654,100,2,81.08
13900,4655,69,1,40.07
13901,4655,24,4,43.42
13902,4655,49,1,376.46
13903,4655,181,4,18.84
13904,4655,118,1,266.87
13905,4656,15,4,240.67
13906,4656,179,2,240.52
13907,4656,164,1,487.48
13908,4656,147,2,226.48
13909,4656,157,2,247.72
13910,4657,12,1,484.89
13911,4658,121,3,30.51
13912,4658,153,4,32.25
13913,4658,132,2,70.47
13914,4658,162,4,193.73
13915,4659,3,4,51.41
13916,4659,135,3,394.29
13917,4659,117,1,8.2
13918,4659,16,1,54.62
13919,4659,39,2,70.54
13920,4660,144,2,437.62
13921,4660,158,1,162.72
13922,4660,191,1,65.34
13923,4660,20,1,368.3
13924,4661,186,1,7.57
13925,4661,98,4,221.0
13926,4661,133,4,422.33
13927,4662,158,3,44.28
13928,4662,199,4,118.54
13929,4662,46,2,373.12
13930,4663,98,3,387.64
13931,4663,152,3,255.9
13932,4663,99,1,219.16
13933,4663,38,1,36.14
13934,4663,125,1,434.48
13935,4664,78,4,161.49
13936,4664,10,2,354.52
13937,4664,190,2,451.02
13938,4665,84,3,320.07
13939,4665,13,3,349.18
13940,4666,85,1,491.52
13941,4666,44,3,75.12
13942,4666,65,2,212.37
13943,4666,63,3,93.82
13944,4666,30,4,316.53
13945,4667,128,1,422.71
13946,4667,50,2,6.18
13947,4667,5,4,49.6
13948,4667,53,2,12.1
13949,4668,116,4,416.69
13950,4668,119,3,157.08
13951,4668,43,2,257.59
13952,4668,126,1,252.0
13953,4669,12,3,308.01
13954,4670,99,4,198.75
13955,4670,115,4,91.44
13956,4670,97,1,318.22
13957,4670,182,4,473.01
13958,4670,80,1,453.93
13959,4671,183,4,65.89
13960,4671,107,3,411.76
13961,4671,153,3,433.13
13962,4672,68,3,455.1
13963,4672,89,4,233.6
13964,4672,31,2,345.49
13965,4672,163,4,60.07
13966,4672,51,3,87.82
13967,4673,163,2,262.96
13968,4673,119,2,77.28
13969,4674,197,4,215.99
13970,4674,83,3,379.31
13971,4674,137,3,68.4
13972,4674,79,3,490.49
13973,4675,161,3,325.58
13974,4675,49,1,361.44
13975,4675,40,1,425.65
13976,4676,84,3,182.76
13977,4676,52,2,491.7
13978,4676,56,2,490.21
13979,4676,79,3,363.01
13980,4677,107,2,492.99
13981,4677,199,4,408.9
13982,4677,198,4,337.07
13983,4677,78,2,333.95
13984,4678,141,1,60.96
13985,4678,60,4,321.22
13986,4678,19,1,450.6
13987,4678,173,4,243.5
13988,4678,3,1,457.54
13989,4679,21,3,375.6
13990,4680,40,2,39.22
13991,4680,63,3,84.43
13992,4680,19,1,182.3
13993,4680,119,4,172.25
13994,4681,52,4,440.84
13995,4681,94,1,187.72
13996,4681,113,2,64.78
13997,4681,95,1,24.04
13998,4682,24,1,20.06
13999,4682,149,3,150.98
14000,4682,4,1,73.87
14001,4682,125,2,73.47
14002,4682,4,4,171.27
14003,4683,115,4,316.11
14004,4683,142,1,417.94
14005,4684,51,2,436.31
14006,4684,114,4,369.61
14007,4684,178,1,48.42
14008,4684,64,1,374.57
14009,4685,153,4,496.29
14010,4685,71,1,136.74
14011,4686,185,3,71.34
14012,4686,57,1,398.09
14013,4686,172,3,366.62
14014,4686,29,3,470.55
14015,4687,191,1,209.45
14016,4687,77,2,346.81
14017,4687,186,3,454.6
14018,4687,14,3,268.49
14019,4687,169,4,133.48
14020,4688,126,3,71.12
14021,4688,131,4,401.56
14022,4688,42,3,170.2
14023,4689,143,2,97.63
14024,4689,74,3,175.69
14025,4689,76,1,365.4
14026,4689,72,2,65.45
14027,4689,3,1,153.6
14028,4690,31,1,381.73
14029,4690,122,4,265.74
14030,4690,72,3,108.33
14031,4690,190,1,362.04
14032,4691,98,4,467.09
14033,4691,191,4,299.3
14034,4691,56,2,285.43
14035,4691,62,1,21.1
14036,4691,172,2,328.91
14037,4692,153,3,431.02
14038,4692,47,3,203.15
14039,4693,172,2,57.23
14040,4693,92,2,159.17
14041,4693,136,4,404.32
14042,4693,32,2,499.91
14043,4694,114,3,65.35
14044,4695,143,2,208.57
14045,4695,76,2,66.54
14046,4695,23,3,217.23
14047,4696,142,4,443.52
14048,4696,122,1,231.52
14049,4697,176,2,177.53
14050,4697,179,1,456.93
14051,4697,90,3,271.57
14052,4698,111,2,362.18
14053,4698,124,2,307.4
14054,4698,72,2,338.29
14055,4699,22,2,5.1
14056,4699,154,2,467.0
14057,4699,108,4,281.39
14058,4699,40,4,243.3
14059,4700,102,4,396.14
14060,4700,13,4,431.35
14061,4701,99,4,309.9
14062,4702,81,4,261.4
14063,4702,145,3,149.2
14064,4702,108,3,411.7
14065,4702,61,2,54.18
14066,4702,22,1,163.32
14067,4703,80,1,89.22
14068,4703,192,2,54.2
14069,4703,11,4,359.7
14070,4704,193,4,128.66
14071,4704,60,3,371.15
14072,4705,38,1,216.63
14073,4705,91,4,51.17
14074,4706,189,2,400.75
14075,4706,132,4,43.87
14076,4706,172,3,258.03
14077,4706,175,3,476.85
14078,4707,2,4,324.64
14079,4708,189,4,237.09
14080,4708,75,1,325.89
14081,4708,76,4,411.81
14082,4708,192,3,434.57
14083,4709,103,2,104.32
14084,4710,63,4,102.44
14085,4710,86,4,368.63
14086,4711,104,1,229.34
14087,4711,15,2,414.51
14088,4711,87,1,230.96
14089,4711,98,4,216.24
14090,4712,165,3,14.54
14091,4712,93,2,216.14
14092,4712,13,4,258.88
14093,4712,105,3,176.34
14094,4712,189,2,72.29
14095,4713,70,1,326.01
14096,4713,67,1,94.41
14097,4713,70,1,338.81
14098,4713,67,2,286.56
14099,4714,54,3,293.62
14100,4714,198,4,29.79
14101,4714,2,1,278.33
14102,4714,176,2,8.83
14103,4714,132,4,57.31
14104,4715,142,1,298.25
14105,4715,182,2,240.99
14106,4715,145,1,255.45
14107,4715,148,2,281.72
14108,4715,28,4,438.25
14109,4716,86,1,53.18
14110,4716,135,1,235.35
14111,4716,93,4,213.39
14112,4716,3,1,258.15
14113,4717,183,4,343.42
14114,4717,82,2,67.44
14115,4717,34,3,300.57
14116,4717,23,3,68.7
14117,4718,44,1,453.95
14118,4718,104,4,171.81
14119,4719,126,2,43.46
14120,4719,22,4,450.93
14121,4719,146,2,62.28
14122,4719,84,2,358.03
14123,4720,47,3,174.63
14124,4720,64,4,214.42
14125,4720,95,1,50.95
14126,4720,133,2,163.64
14127,4721,29,4,111.18
14128,4721,29,4,88.91
14129,4721,25,3,129.66
14130,4722,45,1,434.88
14131,4722,50,3,65.13
14132,4722,86,1,97.98
14133,4722,73,4,11.13
14134,4723,107,4,166.25
14135,4723,78,3,216.81
14136,4723,81,3,355.89
14137,4723,138,2,61.88
14138,4723,126,2,309.32
14139,4724,195,2,447.67
14140,4725,140,4,479.41
14141,4725,72,1,450.43
14142,4725,90,1,112.88
14143,4725,17,3,37.81
14144,4725,80,4,189.84
14145,4726,178,4,311.73
14146,4726,110,2,275.03
14147,4726,69,3,242.26
14148,4727,79,1,86.84
14149,4727,191,2,322.4
14150,4728,23,1,214.85
14151,4728,199,4,414.37
14152,4728,35,4,213.68
14153,4729,196,2,474.88
14154,4729,198,1,438.97
14155,4729,128,1,434.17
14156,4729,156,2,110.93
14157,4730,117,3,159.14
14158,4730,25,1,431.86
14159,4730,176,3,105.47
14160,4730,121,1,375.93
14161,4731,48,1,451.54
14162,4731,56,3,22.41
14163,4731,189,2,170.99
14164,4731,194,2,241.29
14165,4731,176,1,460.16
14166,4732,14,2,44.47
14167,4732,3,4,201.7
14168,4733,25,3,240.07
14169,4733,131,4,359.49
14170,4733,165,4,265.35
14171,4734,129,4,311.51
14172,4734,92,4,351.78
14173,4734,123,1,53.98
14174,4735,118,3,211.28
14175,4736,97,2,400.96
14176,4737,25,1,271.76
14177,4737,167,2,474.39
14178,4737,196,4,336.95
14179,4738,134,4,273.29
14180,4738,170,3,77.32
14181,4738,6,2,97.71
14182,4738,99,3,34.93
14183,4739,36,3,51.42
14184,4739,70,2,24.47
14185,4739,114,4,190.09
14186,4740,87,2,420.38
14187,4740,73,3,240.81
14188,4741,107,1,496.94
14189,4741,139,3,394.35
14190,4741,162,2,378.81
14191,4741,152,4,31.6
14192,4741,198,3,106.97
14193,4742,114,4,39.58
14194,4742,178,4,208.53
14195,4742,97,2,61.2
14196,4742,163,2,170.96
14197,4742,162,3,204.99
14198,4743,31,3,371.81
14199,4743,171,2,343.56
14200,4744,151,3,126.29
14201,4744,17,2,435.72
14202,4744,13,1,262.3
14203,4744,85,1,159.35
14204,4744,200,1,434.49
14205,4745,9,2,205.2
14206,4745,65,2,442.8
14207,4745,126,2,112.78
14208,4745,53,3,409.54
14209,4746,75,4,66.34
14210,4747,101,2,423.3
14211,4747,195,4,392.91
14212,4747,121,3,365.15
14213,4747,165,2,53.78
14214,4748,35,4,446.71
14215,4748,139,2,45.05
14216,4748,88,1,451.94
14217,4748,197,3,492.36
14218,4749,108,2,44.69
14219,4749,37,3,345.28
14220,4749,170,3,295.46
14221,4749,21,4,351.05
14222,4749,163,3,50.57
14223,4750,124,1,141.79
14224,4750,124,1,494.59
14225,4751,200,4,85.64
14226,4751,198,2,223.64
14227,4751,96,4,233.93
14228,4751,174,4,65.87
14229,4752,147,2,427.86
14230,4752,168,1,248.86
14231,4752,185,4,5.52
14232,4752,193,4,320.28
14233,4752,1,2,89.78
14234,4753,199,2,369.6
14235,4753,79,3,95.6
14236,4753,130,3,474.75
14237,4753,1,1,113.61
14238,4754,164,1,212.92
14239,4754,74,4,449.55
14240,4754,88,3,370.2
14241,4754,23,4,273.69
14242,4754,188,3,302.52
14243,4755,155,2,350.89
14244,4755,2,2,362.24
14245,4755,37,2,192.15
14246,4756,121,1,325.85
14247,4756,53,4,186.69
14248,4756,189,4,267.99
14249,4756,74,3,244.64
14250,4756,178,4,443.98
14251,4757,37,3,374.89
14252,4757,108,3,106.54
14253,4757,130,1,115.14
14254,4757,39,2,176.28
14255,4757,118,3,14.43
14256,4758,108,4,156.42
14257,4758,62,3,366.81
14258,4759,81,3,484.01
14259,4759,166,4,120.05
14260,4759,74,2,331.45
14261,4760,38,3,248.2
14262,4760,110,1,104.71
14263,4761,16,4,481.09
14264,4761,16,1,76.52
14265,4761,81,4,140.05
14266,4761,162,4,329.35
14267,4761,62,4,308.24
14268,4762,194,2,126.66
14269,4762,51,2,265.86
14270,4763,132,2,278.09
14271,4763,103,2,176.02
14272,4763,32,4,109.14
14273,4763,185,4,483.55
14274,4763,27,4,177.55
14275,4764,86,1,248.12
14276,4764,163,2,242.56
14277,4765,188,3,70.87
14278,4765,149,1,191.57
14279,4766,104,1,335.11
14280,4766,54,3,92.37
14281,4766,200,3,33.47
14282,4766,102,4,81.21
14283,4766,185,2,207.12
14284,4767,137,1,449.64
14285,4767,116,4,222.98
14286,4768,106,4,336.99
14287,4768,59,4,42.24
14288,4768,18,1,182.65
14289,4768,148,4,136.06
14290,4768,111,2,112.52
14291,4769,72,1,335.97
14292,4769,41,3,74.44
14293,4769,31,1,356.05
14294,4769,62,2,143.43
14295,4770,49,4,178.34
14296,4770,136,3,391.06
14297,4770,29,4,378.38
14298,4770,21,2,74.91
14299,4771,61,3,486.01
14300,4771,47,3,236.22
14301,4771,53,3,240.52
14302,4771,38,4,331.96
14303,4772,3,4,74.24
14304,4773,131,3,264.71
14305,4773,3,1,291.58
14306,4774,110,4,450.19
14307,4774,180,2,393.14
14308,4774,69,3,346.59
14309,4774,84,1,436.26
14310,4774,158,1,158.68
14311,4775,89,4,190.48
14312,4775,58,3,475.9
14313,4776,76,4,54.66
14314,4776,16,4,252.24
14315,4776,147,4,230.98
14316,4776,39,2,74.99
14317,4777,187,1,379.32
14318,4777,83,2,122.29
14319,4777,9,1,78.14
14320,4777,3,2,232.81
14321,4778,108,4,383.17
14322,4778,178,4,348.43
14323,4778,63,1,449.07
14324,4778,28,3,182.38
14325,4779,167,1,62.92
14326,4779,112,1,81.7
14327,4779,10,4,174.31
14328,4779,2,1,17.52
14329,4780,90,3,267.22
14330,4781,57,2,433.15
14331,4781,67,3,162.82
14332,4781,112,3,95.45
14333,4781,47,2,52.48
14334,4781,191,3,143.42
14335,4782,199,3,329.7
14336,4782,115,4,284.18
14337,4782,51,2,469.19
14338,4782,62,1,161.83
14339,4782,150,3,295.69
14340,4783,90,4,300.88
14341,4784,111,2,208.55
14342,4785,133,4,149.18
14343,4785,181,1,36.6
14344,4786,176,4,291.06
14345,4787,38,1,141.32
14346,4787,34,4,445.14
14347,4787,133,4,71.8
14348,4787,148,2,8.69
14349,4787,165,2,278.49
14350,4788,20,3,28.43
14351,4788,99,1,282.02
14352,4789,25,2,328.04
14353,4789,14,3,352.34
14354,4789,140,3,373.43
14355,4789,136,4,166.34
14356,4789,157,1,276.22
14357,4790,153,2,274.09
14358,4791,79,4,39.35
14359,4791,198,2,452.71
14360,4791,165,1,345.23
14361,4792,118,3,267.1
14362,4792,10,3,202.56
14363,4792,40,2,18.59
14364,4792,187,1,417.67
14365,4792,101,1,294.28
14366,4793,28,3,10.2
14367,4793,25,2,420.83
14368,4793,200,2,458.9
14369,4793,14,4,200.39
14370,4794,15,3,19.4
14371,4794,90,1,418.04
14372,4794,93,3,349.64
14373,4794,110,3,244.93
14374,4795,122,2,293.9
14375,4795,155,3,246.32
14376,4796,146,1,353.95
14377,4796,84,2,45.91
14378,4797,5,1,18.32
14379,4797,117,4,453.73
14380,4797,70,4,40.27
14381,4797,196,3,97.71
14382,4798,21,1,41.76
14383,4798,162,1,69.73
14384,4799,61,4,227.76
14385,4799,162,1,392.48
14386,4800,157,2,53.38
14387,4801,64,4,269.34
14388,4801,197,1,107.61
14389,4802,189,2,259.91
14390,4802,68,2,402.55
14391,4803,142,4,209.9
14392,4803,137,1,375.22
14393,4803,86,1,20.53
14394,4803,184,3,454.17
14395,4804,140,1,167.18
14396,4804,96,1,456.87
14397,4805,57,3,229.76
14398,4805,28,1,480.88
14399,4805,117,3,311.52
14400,4806,136,1,177.04
14401,4806,194,1,477.81
14402,4806,70,4,206.14
14403,4807,88,3,59.71
14404,4807,24,1,6.85
14405,4807,105,3,210.44
14406,4807,37,4,198.49
14407,4807,138,3,148.79
14408,4808,61,4,113.82
14409,4808,128,4,219.61
14410,4808,155,3,311.05
14411,4809,71,3,461.76
14412,4809,34,2,447.56
14413,4810,47,2,193.69
14414,4810,69,3,308.88
14415,4810,28,4,52.86
14416,4810,99,2,276.59
14417,4811,183,3,271.06
14418,4811,16,3,377.17
14419,4812,22,2,43.23
14420,4812,51,3,218.33
14421,4812,28,4,448.86
14422,4813,75,4,97.89
14423,4813,79,4,489.12
14424,4813,148,2,225.58
14425,4813,192,2,117.2
14426,4813,159,1,243.88
14427,4814,179,4,280.99
14428,4814,44,3,263.51
14429,4814,88,3,332.46
14430,4814,31,2,319.12
14431,4814,193,3,349.63
14432,4815,4,4,157.19
14433,4815,71,1,433.3
14434,4815,50,4,79.98
14435,4816,191,4,176.87
14436,4817,151,1,195.51
14437,4817,130,2,371.68
14438,4817,68,2,167.76
14439,4817,23,1,300.67
14440,4818,20,2,148.25
14441,4818,95,2,259.37
14442,4818,111,2,159.08
14443,4819,110,1,337.07
14444,4820,156,1,155.62
14445,4820,84,2,499.67
14446,4820,127,3,422.36
14447,4821,98,1,141.66
14448,4821,173,1,192.9
14449,4821,77,1,178.6
14450,4822,122,4,448.31
14451,4822,133,3,8.57
14452,4823,69,1,316.5
14453,4823,130,1,12.72
14454,4824,147,3,243.55
14455,4825,27,3,293.52
14456,4825,26,3,293.3
14457,4825,177,3,166.81
14458,4826,125,2,194.91
14459,4826,10,4,91.55
14460,4826,101,4,364.6
14461,4826,133,1,269.87
14462,4826,62,1,194.4
14463,4827,36,4,358.19
14464,4827,51,1,412.47
14465,4827,155,1,230.56
14466,4827,5,3,363.11
14467,4827,99,3,129.12
14468,4828,170,1,191.94
14469,4829,183,1,338.67
14470,4829,158,1,258.25
14471,4829,132,4,119.23
14472,4830,127,4,123.38
14473,4830,36,4,95.76
14474,4831,110,3,34.33
14475,4831,54,2,458.82
14476,4832,150,1,133.88
14477,4832,60,3,109.37
14478,4832,37,2,212.07
14479,4833,151,2,30.95
14480,4833,195,3,431.3
14481,4833,145,4,444.87
14482,4834,25,2,340.14
14483,4834,89,4,151.51
14484,4834,108,1,318.56
14485,4835,157,4,82.39
14486,4836,23,3,329.09
14487,4836,63,1,458.85
14488,4836,100,3,50.11
14489,4837,23,2,219.93
14490,4837,108,3,360.01
14491,4837,165,2,350.58
14492,4837,74,2,216.87
14493,4837,11,4,67.95
14494,4838,43,2,262.72
14495,4838,53,3,426.21
14496,4839,138,3,462.28
14497,4839,77,3,438.62
14498,4840,40,3,36.58
14499,4840,124,3,434.26
14500,4841,70,4,231.92
14501,4841,102,3,160.77
14502,4841,42,3,497.64
14503,4841,52,2,216.94
14504,4841,105,4,176.79
14505,4842,21,1,43.75
14506,4842,33,1,126.47
14507,4843,92,2,322.3
14508,4843,175,3,93.38
14509,4843,78,3,369.86
14510,4843,55,3,147.82
14511,4844,74,2,311.12
14512,4844,134,2,283.15
14513,4844,33,3,79.59
14514,4844,74,2,22.78
14515,4845,177,2,466.32
14516,4845,87,2,482.41
14517,4845,91,1,247.64
14518,4846,108,1,470.46
14519,4846,111,2,486.2
14520,4846,66,4,55.49
14521,4846,92,4,390.86
14522,4847,140,1,333.91
14523,4848,6,2,93.86
14524,4848,27,2,108.78
14525,4849,46,1,430.78
14526,4850,58,2,99.56
14527,4850,143,3,456.06
14528,4850,26,3,488.21
14529,4850,43,4,410.33
14530,4850,161,2,209.17
14531,4851,76,3,163.12
14532,4852,87,1,137.0
14533,4853,126,4,249.4
14534,4853,129,1,384.06
14535,4853,21,1,321.24
14536,4853,195,1,107.99
14537,4854,48,2,453.65
14538,4854,181,4,99.14
14539,4854,91,3,210.19
14540,4855,50,4,412.11
14541,4855,145,2,47.84
14542,4856,22,4,127.43
14543,4856,52,1,180.23
14544,4856,88,3,73.13
14545,4856,144,4,221.33
14546,4857,2,2,440.03
14547,4857,85,4,145.67
14548,4857,174,2,12.2
14549,4857,157,4,256.87
14550,4858,4,4,349.45
14551,4858,112,4,469.31
14552,4858,101,2,335.6
14553,4859,166,1,444.02
14554,4859,161,3,283.17
14555,4859,175,4,140.07
14556,4859,31,2,121.07
14557,4859,169,1,301.32
14558,4860,37,3,50.07
14559,4861,84,4,453.49
14560,4861,116,2,169.95
14561,4861,52,2,440.38
14562,4861,9,2,254.82
14563,4862,103,4,481.58
14564,4862,129,4,405.6
14565,4862,137,3,407.66
14566,4862,191,3,110.2
14567,4862,23,4,84.98
14568,4863,91,1,155.82
14569,4863,158,3,421.98
14570,4863,53,4,368.36
14571,4863,176,3,375.78
14572,4864,91,4,250.16
14573,4864,170,1,466.46
14574,4864,175,1,499.15
14575,4865,85,4,25.54
14576,4865,162,3,276.26
14577,4865,157,4,305.91
14578,4865,85,3,105.89
14579,4866,26,3,285.85
14580,4866,197,3,87.7
14581,4867,182,4,27.46
14582,4867,36,1,379.51
14583,4867,132,1,278.02
14584,4868,168,1,161.9
14585,4869,75,1,182.35
14586,4870,4,1,353.5
14587,4870,173,3,242.2
14588,4870,70,2,485.29
14589,4871,107,3,40.72
14590,4871,47,2,402.85
14591,4872,82,3,346.21
14592,4872,180,2,146.26
14593,4873,4,3,67.61
14594,4873,7,1,229.51
14595,4873,182,3,73.42
14596,4873,173,2,464.9
14597,4874,167,3,376.98
14598,4874,48,4,397.78
14599,4874,111,2,14.48
14600,4874,26,1,86.9
14601,4874,79,4,197.95
14602,4875,200,1,304.69
14603,4875,125,1,84.89
14604,4876,181,1,305.66
14605,4876,173,2,182.18
14606,4876,26,3,313.26
14607,4876,20,4,174.08
14608,4876,55,2,63.06
14609,4877,53,2,251.93
14610,4877,122,1,268.04
14611,4877,14,3,449.57
14612,4878,89,4,94.14
14613,4878,95,2,236.26
14614,4878,127,2,22.56
14615,4878,30,3,119.06
14616,4879,52,2,171.65
14617,4880,70,4,382.93
14618,4880,18,2,462.36
14619,4880,61,1,461.87
14620,4880,92,1,299.45
14621,4881,75,3,83.15
14622,4881,106,4,102.76
14623,4881,95,3,442.24
14624,4881,5,1,498.42
14625,4881,165,3,347.25
14626,4882,92,4,322.09
14627,4883,128,1,107.54
14628,4883,79,4,441.43
14629,4883,181,2,167.71
14630,4883,192,3,165.79
14631,4884,55,2,441.27
14632,4884,176,2,416.21
14633,4885,184,4,382.31
14634,4885,146,2,357.46
14635,4886,113,4,161.07
14636,4886,62,2,176.53
14637,4886,31,4,5.06
14638,4887,2,4,147.77
14639,4887,37,2,465.17
14640,4887,189,1,165.12
14641,4888,67,4,254.0
14642,4888,3,4,445.54
14643,4888,4,1,202.94
14644,4889,49,3,287.71
14645,4890,173,3,67.06
14646,4891,52,4,467.5
14647,4891,43,4,466.62
14648,4891,187,1,97.81
14649,4891,104,3,343.69
14650,4892,100,4,212.0
14651,4892,166,4,307.55
14652,4893,100,4,316.64
14653,4893,48,4,299.95
14654,4893,105,2,7.36
14655,4894,53,2,70.63
14656,4894,158,2,406.83
14657,4895,44,4,334.81
14658,4896,146,4,39.9
14659,4896,155,3,313.43
14660,4896,139,3,64.22
14661,4896,189,4,180.57
14662,4896,32,4,370.81
14663,4897,73,3,487.47
14664,4897,39,4,19.48
14665,4897,108,2,421.14
14666,4897,129,4,285.32
14667,4897,182,4,40.46
14668,4898,145,4,194.36
14669,4899,44,2,83.22
14670,4899,87,4,266.27
14671,4899,12,3,399.44
14672,4899,12,4,286.38
14673,4899,49,1,407.91
14674,4900,189,4,369.67
14675,4900,187,1,43.78
14676,4900,13,2,237.03
14677,4901,136,3,321.02
14678,4901,85,1,348.64
14679,4902,10,4,80.46
14680,4902,51,1,395.75
14681,4903,39,2,116.03
14682,4903,139,3,38.47
14683,4903,179,1,478.87
14684,4903,161,4,382.73
14685,4903,121,2,272.83
14686,4904,41,4,277.89
14687,4904,120,4,490.24
14688,4904,137,2,126.7
14689,4904,2,3,95.26
14690,4904,152,4,405.85
14691,4905,27,3,131.59
14692,4905,67,4,172.71
14693,4905,70,2,16.7
14694,4906,98,1,158.17
14695,4907,145,1,295.87
14696,4907,180,4,74.91
14697,4907,45,1,36.16
14698,4908,70,2,461.44
14699,4908,56,1,499.84
14700,4908,22,1,378.62
14701,4908,20,4,297.49
14702,4908,64,2,15.47
14703,4909,193,3,287.87
14704,4909,87,1,434.66
14705,4909,73,2,424.22
14706,4909,44,4,52.92
14707,4910,147,1,75.33
14708,4910,134,3,488.35
14709,4911,105,1,338.72
14710,4912,46,3,416.28
14711,4912,134,3,490.97
14712,4912,30,4,120.16
14713,4912,62,1,101.93
14714,4913,183,3,42.85
14715,4913,63,4,208.41
14716,4913,41,2,210.13
14717,4913,187,3,302.48
14718,4914,93,2,265.56
14719,4914,22,4,120.96
14720,4915,31,4,145.02
14721,4916,106,3,403.93
14722,4916,28,2,89.45
14723,4916,159,1,397.19
14724,4916,26,1,444.25
14725,4917,87,3,344.15
14726,4918,95,1,458.27
14727,4918,14,1,146.19
14728,4918,12,2,99.7
14729,4918,191,3,128.74
14730,4918,87,4,257.14
14731,4919,25,3,481.11
14732,4920,178,2,171.62
14733,4920,59,1,202.56
14734,4921,13,2,229.23
14735,4921,102,2,234.27
14736,4921,163,3,436.06
14737,4921,132,4,479.37
14738,4922,51,2,157.05
14739,4922,172,4,374.85
14740,4922,90,1,11.25
14741,4922,196,3,239.79
14742,4922,1,1,96.46
14743,4923,56,1,353.63
14744,4924,45,3,316.39
14745,4924,24,3,370.29
14746,4924,6,3,381.32
14747,4924,80,4,285.71
14748,4924,137,3,77.61
14749,4925,57,3,291.92
14750,4925,193,1,381.56
14751,4925,24,4,212.8
14752,4925,185,2,127.14
14753,4926,67,1,311.14
14754,4927,162,1,111.17
14755,4927,114,4,430.17
14756,4928,100,1,196.94
14757,4929,188,3,428.13
14758,4929,80,2,398.98
14759,4929,8,4,67.61
14760,4929,80,1,258.38
14761,4929,137,4,289.18
14762,4930,200,3,130.93
14763,4930,66,1,166.65
14764,4931,128,4,89.71
14765,4931,57,4,427.46
14766,4931,167,4,80.6
14767,4932,105,1,475.42
14768,4933,174,3,476.31
14769,4933,123,2,432.8
14770,4933,18,1,35.96
14771,4933,15,4,214.62
14772,4933,135,4,125.18
14773,4934,179,3,394.41
14774,4935,132,3,364.69
14775,4935,193,1,404.31
14776,4935,79,4,24.5
14777,4936,23,2,416.69
14778,4936,82,4,480.9
14779,4936,99,3,54.91
14780,4936,110,3,200.55
14781,4937,86,4,387.66
14782,4938,31,2,24.3
14783,4939,134,1,347.83
14784,4940,50,3,286.99
14785,4940,126,2,402.98
14786,4940,105,2,183.96
14787,4940,87,2,175.87
14788,4940,108,1,177.97
14789,4941,89,3,270.08
14790,4941,133,4,37.46
14791,4942,193,1,410.47
14792,4942,53,3,477.1
14793,4943,171,4,272.39
14794,4943,56,2,413.96
14795,4943,32,1,36.95
14796,4943,62,2,451.01
14797,4943,140,2,9.75
14798,4944,13,2,247.54
14799,4945,142,3,417.68
14800,4945,169,1,57.49
14801,4945,78,1,438.44
14802,4946,38,3,227.8
14803,4947,12,3,307.24
14804,4947,37,4,369.05
14805,4947,145,1,139.26
14806,4947,50,4,304.29
14807,4947,18,1,260.59
14808,4948,69,2,193.29
14809,4948,105,4,44.36
14810,4948,180,2,197.48
14811,4948,114,4,443.31
14812,4949,48,4,359.35
14813,4949,175,3,467.02
14814,4949,47,4,313.28
14815,4950,162,4,462.94
14816,4950,140,1,337.45
14817,4950,68,1,346.63
14818,4950,67,3,417.05
14819,4950,114,4,22.55
14820,4951,87,3,25.27
14821,4951,111,2,136.43
14822,4951,137,1,274.02
14823,4951,191,4,223.74
14824,4952,7,1,116.74
14825,4952,147,1,460.47
14826,4952,52,4,35.81
14827,4953,77,2,15.87
14828,4954,169,3,109.84
14829,4954,192,2,275.19
14830,4954,196,1,468.13
14831,4954,80,1,150.01
14832,4954,46,3,240.0
14833,4955,113,2,111.75
14834,4955,170,2,243.35
14835,4955,59,2,28.47
14836,4956,62,3,162.66
14837,4957,168,3,402.72
14838,4957,64,2,418.37
14839,4957,192,1,433.31
14840,4957,153,3,151.48
14841,4958,108,1,246.15
14842,4958,184,2,33.33
14843,4958,121,1,288.58
14844,4958,20,3,201.41
14845,4958,108,1,235.36
14846,4959,31,1,377.42
14847,4959,56,3,204.96
14848,4959,42,3,243.81
14849,4960,15,1,75.53
14850,4961,195,3,189.94
14851,4961,7,1,383.75
14852,4961,77,3,41.48
14853,4961,110,4,341.56
14854,4962,41,4,189.62
14855,4962,40,2,15.76
14856,4962,30,4,163.06
14857,4962,146,2,412.08
14858,4963,180,1,163.61
14859,4963,118,1,63.18
14860,4963,59,4,355.89
14861,4963,180,1,483.48
14862,4963,171,4,96.44
14863,4964,188,3,262.11
14864,4964,156,2,416.29
14865,4965,124,3,213.12
14866,4965,122,3,468.08
14867,4965,100,3,106.23
14868,4965,48,3,62.79
14869,4966,73,2,212.19
14870,4966,144,1,444.32
14871,4966,113,3,240.75
14872,4966,163,3,221.42
14873,4966,89,3,339.99
14874,4967,101,3,186.51
14875,4967,199,2,142.13
14876,4967,115,2,136.36
14877,4968,172,3,50.14
14878,4968,89,2,95.88
14879,4968,134,4,487.8
14880,4968,54,3,58.39
14881,4968,141,4,242.87
14882,4969,161,1,140.5
14883,4969,144,4,334.24
14884,4969,113,3,225.25
14885,4970,115,1,477.24
14886,4970,5,2,38.32
14887,4970,138,4,427.02
14888,4970,46,4,245.79
14889,4970,146,4,484.47
14890,4971,130,4,221.86
14891,4971,183,3,366.56
14892,4971,45,1,168.6
14893,4971,180,1,334.02
14894,4971,84,4,269.82
14895,4972,37,1,205.6
14896,4972,68,4,168.58
14897,4973,198,1,176.34
14898,4973,22,2,36.52
14899,4973,19,2,357.58
14900,4974,165,4,313.65
14901,4974,137,4,332.16
14902,4974,110,3,394.98
14903,4974,164,3,221.17
14904,4974,105,1,392.75
14905,4975,197,3,285.5
14906,4976,10,1,497.89
14907,4976,177,3,187.95
14908,4976,43,2,196.89
14909,4976,20,2,135.17
14910,4977,40,3,360.54
14911,4977,144,4,483.17
14912,4977,51,3,61.8
14913,4978,2,2,83.76
14914,4978,119,1,45.86
14915,4979,13,1,75.85
14916,4979,192,3,302.38
14917,4979,14,1,361.31
14918,4979,137,3,224.21
14919,4979,176,3,408.69
14920,4980,176,4,127.07
14921,4980,176,2,79.09
14922,4980,47,2,442.31
14923,4980,18,2,68.06
14924,4981,163,2,210.87
14925,4981,149,3,313.72
14926,4981,64,3,295.87
14927,4981,165,1,264.56
14928,4981,100,4,107.13
14929,4982,131,3,379.69
14930,4982,110,2,239.72
14931,4982,166,2,235.79
14932,4983,77,4,425.41
14933,4983,135,3,177.11
14934,4983,139,1,302.94
14935,4984,147,3,236.35
14936,4985,38,4,149.05
14937,4985,185,3,253.51
14938,4985,137,4,92.84
14939,4985,69,3,380.78
14940,4986,37,3,399.36
14941,4987,45,4,156.33
14942,4987,63,1,296.5
14943,4987,24,1,75.9
14944,4987,10,2,478.99
14945,4987,19,3,329.63
14946,4988,21,2,194.72
14947,4988,72,1,165.73
14948,4988,28,4,336.26
14949,4989,3,1,384.37
14950,4989,116,4,240.67
14951,4989,20,1,376.7
14952,4989,53,2,83.42
14953,4990,122,2,147.03
14954,4991,192,3,123.72
14955,4991,110,4,477.79
14956,4991,137,3,213.99
14957,4991,163,2,43.43
14958,4991,16,2,74.46
14959,4992,66,2,226.06
14960,4992,112,4,121.88
14961,4992,192,3,276.25
14962,4993,159,4,443.3
14963,4994,157,4,275.04
14964,4994,36,3,106.99
14965,4994,35,1,78.88
14966,4994,94,2,369.05
14967,4994,44,2,15.38
14968,4995,29,2,461.95
14969,4995,197,3,236.35
14970,4995,170,4,228.01
14971,4996,159,2,421.62
14972,4996,77,3,449.33
14973,4996,88,3,369.38
14974,4996,121,3,328.77
14975,4997,27,2,420.63
14976,4998,125,2,62.97
14977,4998,11,2,152.75
14978,4998,100,3,162.06
14979,4998,186,4,443.59
14980,4998,147,3,483.37
14981,4999,132,2,355.83
14982,4999,4,1,100.23
14983,4999,89,3,254.2
14984,5000,49,2,349.05
14985,5000,122,3,22.06
14986,5000,48,4,318.75
14987,5000,156,2,197.49
