order_id,customer_id,order_date,status,total_amount
1,400,2026-07-09,returned,3148.86
2,211,2026-03-12,shipped,1122.97
3,408,2025-05-10,shipped,888.09
4,143,2026-06-01,delivered,4065.76
5,262,2024-07-20,placed,1596.5
6,340,2025-04-02,placed,2605.73
7,341,2024-06-28,cancelled,1059.09
8,221,2026-05-04,returned,2713.58
9,116,2023-04-17,shipped,356.63
10,454,2024-04-06,returned,1658.38
11,3,2024-02-26,placed,2582.26
12,457,2025-05-27,cancelled,6474.54
13,141,2025-08-12,cancelled,363.21
14,172,2025-03-24,delivered,3330.12
15,395,2024-06-15,returned,964.4
16,483,2026-04-08,delivered,3184.74
17,200,2025-11-15,delivered,2210.76
18,94,2026-06-15,placed,2606.46
19,426,2025-10-02,cancelled,1211.95
20,400,2024-12-01,placed,840.84
21,319,2024-08-28,shipped,1815.9
22,132,2023-08-13,delivered,565.54
23,14,2026-02-22,delivered,2678.31
24,290,2023-06-18,placed,1592.54
25,492,2023-11-12,delivered,2804.84
26,126,2023-12-05,placed,1724.09
27,109,2025-09-26,delivered,2257.4
28,369,2025-10-04,cancelled,2064.89
29,298,2023-10-11,delivered,2016.69
30,162,2024-06-17,placed,2626.95
31,274,2023-05-09,shipped,1143.53
32,7,2026-06-13,returned,1434.05
33,206,2024-09-27,cancelled,80.1
34,416,2023-03-14,returned,2125.72
35,195,2025-11-02,cancelled,1677.47
36,42,2024-12-05,shipped,1467.44
37,241,2026-08-31,delivered,1064.82
38,360,2023-05-20,cancelled,924.68
39,404,2025-04-10,returned,1183.88
40,424,2023-04-24,shipped,794.7
41,305,2026-06-06,returned,3010.25
42,307,2024-06-07,placed,2400.35
43,391,2023-11-05,shipped,3840.14
44,54,2025-09-18,shipped,1315.88
45,497,2024-08-18,cancelled,5897.3
46,249,2023-06-19,placed,712.68
47,160,2024-12-08,returned,204.56
48,431,2023-08-18,placed,3409.05
49,75,2023-02-17,cancelled,1558.34
50,404,2024-04-24,returned,3529.76
51,283,2026-05-15,returned,3405.23
52,416,2026-03-07,cancelled,2579.49
53,234,2024-09-19,placed,1024.61
54,204,2026-03-16,placed,3777.73
55,351,2026-06-10,delivered,444.44
56,356,2025-01-07,delivered,1197.27
57,151,2023-07-01,delivered,1677.08
58,124,2026-06-28,cancelled,3843.43
59,218,2024-12-25,delivered,2037.97
60,425,2025-03-05,cancelled,2735.8
61,181,2024-09-05,shipped,1653.43
62,463,2025-10-03,placed,1516.13
63,90,2026-03-25,shipped,1067.71
64,423,2024-08-07,cancelled,3219.17
65,412,2025-05-09,returned,1160.76
66,422,2024-12-18,delivered,476.76
67,318,2026-05-06,returned,2722.78
68,24,2024-10-09,placed,1630.79
69,373,2023-11-02,shipped,3544.17
70,121,2023-05-01,delivered,823.53
71,331,2024-02-18,delivered,296.88
72,63,2024-07-08,cancelled,645.28
73,306,2023-07-29,placed,988.94
74,403,2023-01-15,returned,1755.45
75,404,2024-12-04,returned,987.66
76,277,2025-10-16,delivered,663.2
77,9,2023-07-03,shipped,2678.88
78,263,2024-01-21,returned,945.96
79,23,2024-12-20,returned,2329.71
80,228,2025-07-13,placed,75.02
81,141,2024-10-23,returned,2348.67
82,455,2025-10-12,shipped,1692.95
83,426,2024-02-07,placed,373.57
84,191,2025-10-26,shipped,5082.68
85,296,2025-12-08,returned,1734.38
86,189,2025-03-13,placed,1173.58
87,140,2025-12-06,delivered,302.98
88,272,2025-01-06,shipped,2980.68
89,26,2023-09-11,placed,1718.34
90,57,2026-03-31,delivered,1556.98
91,221,2024-08-10,shipped,627.3
92,442,2023-12-02,placed,4075.75
93,88,2025-08-18,returned,1132.12
94,399,2025-05-18,shipped,267.65
95,100,2026-01-18,delivered,1314.47
96,336,2023-10-24,placed,2307.28
97,452,2023-04-17,returned,2219.78
98,426,2025-04-20,delivered,309.43
99,260,2024-11-25,cancelled,1920.51
100,429,2025-12-11,delivered,48.76
101,363,2025-04-04,cancelled,1708.18
102,49,2025-07-21,returned,2622.67
103,363,2024-01-01,placed,2292.32
104,217,2025-05-21,returned,2130.25
105,71,2024-12-15,shipped,256.31
106,277,2023-12-28,returned,1316.43
107,317,2023-09-10,shipped,3738.11
108,402,2023-04-03,cancelled,690.54
109,485,2023-07-03,returned,5728.75
110,284,2023-05-29,placed,2683.44
111,203,2024-09-03,returned,3217.25
112,71,2024-08-31,placed,2131.34
113,428,2025-07-30,shipped,1436.1
114,295,2024-10-23,shipped,598.04
115,96,2024-03-06,placed,2295.3
116,376,2023-07-24,placed,4304.85
117,104,2026-07-27,placed,3379.54
118,279,2023-01-30,cancelled,926.67
119,189,2026-07-30,cancelled,5204.44
120,373,2024-01-15,cancelled,550.02
121,165,2023-06-18,placed,470.16
122,309,2024-08-12,cancelled,1644.13
123,223,2023-01-12,delivered,739.36
124,411,2023-05-02,shipped,88.92
125,35,2023-01-20,shipped,3256.49
126,40,2023-10-19,returned,991.77
127,59,2024-07-18,placed,2994.63
128,361,2025-11-22,cancelled,1176.98
129,437,2024-10-31,placed,4557.81
130,365,2024-05-14,shipped,558.14
131,294,2025-07-25,delivered,3485.0
132,38,2023-02-12,shipped,1203.43
133,67,2023-04-18,cancelled,2694.28
134,283,2025-10-05,delivered,1523.32
135,298,2023-07-16,shipped,1679.64
136,15,2023-12-25,placed,981.93
137,393,2024-06-11,returned,2333.51
138,38,2024-12-31,placed,1894.7
139,161,2023-09-02,delivered,1063.42
140,127,2026-04-18,shipped,1418.91
141,443,2023-12-03,returned,4864.81
142,255,2024-05-27,placed,1934.04
143,111,2023-01-17,returned,948.38
144,452,2026-08-02,delivered,1868.4
145,38,2025-08-18,cancelled,4214.49
146,24,2024-06-01,placed,1523.8
147,458,2026-08-03,returned,1152.99
148,260,2023-11-29,returned,3427.46
149,299,2026-08-29,cancelled,353.86
150,486,2023-09-25,placed,2028.32
151,211,2025-09-15,returned,3271.37
152,347,2023-05-07,delivered,3458.62
153,294,2025-06-14,returned,2811.29
154,110,2023-10-08,shipped,1539.11
155,395,2024-06-06,shipped,412.84
156,479,2026-07-15,cancelled,1982.14
157,90,2026-06-12,cancelled,2897.13
158,5,2023-08-02,delivered,3751.5
159,235,2025-09-05,delivered,1373.03
160,439,2025-09-27,cancelled,1035.1
161,121,2025-01-08,cancelled,1085.93
162,61,2023-06-14,cancelled,2979.3
163,114,2024-10-08,shipped,1092.94
164,282,2024-02-06,cancelled,1772.9
165,77,2024-04-29,shipped,2071.44
166,233,2023-03-12,shipped,3974.31
167,33,2025-06-15,returned,82.84
168,210,2026-08-01,shipped,2503.28
169,465,2023-11-14,cancelled,2653.94
170,388,2024-08-06,placed,1834.16
171,449,2023-01-21,placed,1237.56
172,480,2025-12-03,placed,1258.54
173,361,2025-02-24,placed,960.96
174,398,2024-06-15,placed,1235.28
175,396,2023-11-23,delivered,1405.26
176,141,2026-07-26,placed,3530.9
177,276,2025-02-19,cancelled,3119.64
178,288,2025-07-17,cancelled,2489.84
179,194,2025-07-14,returned,3331.39
180,387,2023-07-28,cancelled,1569.3
181,195,2025-11-01,cancelled,3604.18
182,114,2023-12-01,shipped,604.48
183,101,2024-11-02,delivered,901.44
184,421,2025-07-10,cancelled,1532.75
185,430,2024-03-30,placed,209.13
186,432,2026-07-27,shipped,19.06
187,259,2025-10-17,cancelled,1607.13
188,370,2023-03-22,delivered,3803.38
189,137,2024-04-22,cancelled,928.8
190,125,2023-07-26,shipped,1494.24
191,29,2024-12-21,placed,2549.06
192,440,2023-05-25,placed,2701.25
193,301,2024-10-17,shipped,2994.35
194,353,2024-03-01,placed,3664.11
195,284,2025-01-20,cancelled,2864.53
196,325,2025-05-16,shipped,1452.1
197,286,2024-04-11,returned,2501.92
198,87,2026-04-13,cancelled,534.82
199,223,2025-09-12,delivered,4414.37
200,156,2023-01-29,placed,3086.5
201,91,2024-05-22,cancelled,2693.72
202,289,2025-08-31,shipped,2311.67
203,156,2023-12-03,shipped,2118.21
204,274,2023-02-23,returned,1001.36
205,331,2025-08-07,cancelled,977.1
206,201,2025-01-21,cancelled,2568.65
207,267,2024-12-30,cancelled,1279.37
208,59,2024-10-20,placed,1198.7
209,219,2025-01-31,cancelled,997.76
210,378,2024-12-31,returned,1003.6
211,386,2024-03-11,placed,3766.44
212,179,2024-09-21,delivered,2655.63
213,60,2026-03-12,shipped,1586.58
214,276,2025-03-15,shipped,3411.05
215,252,2026-03-02,cancelled,2073.24
216,396,2023-08-04,cancelled,2784.24
217,17,2024-12-14,cancelled,1733.78
218,313,2024-08-26,cancelled,1074.19
219,273,2026-01-06,delivered,3390.78
220,68,2024-12-28,shipped,2234.42
221,296,2024-09-02,delivered,3322.09
222,168,2025-11-08,returned,366.81
223,235,2024-11-11,delivered,451.32
224,220,2025-09-13,shipped,3186.14
225,321,2026-04-01,cancelled,446.88
226,1,2025-04-12,cancelled,1759.0
227,449,2024-05-04,delivered,386.82
228,191,2025-04-13,shipped,1093.08
229,387,2024-03-07,shipped,1368.6
230,176,2023-03-27,placed,1228.81
231,417,2026-07-23,shipped,1022.47
232,110,2026-01-05,shipped,3702.81
233,127,2023-09-13,delivered,1171.77
234,354,2025-07-07,placed,1927.38
235,124,2025-10-26,cancelled,2408.35
236,35,2023-07-27,placed,2268.78
237,206,2024-01-16,placed,1309.67
238,45,2024-07-04,cancelled,158.1
239,380,2024-03-08,shipped,704.48
240,84,2023-05-10,cancelled,1537.18
241,220,2025-06-04,delivered,2242.39
242,346,2023-02-28,placed,82.32
243,187,2026-06-14,cancelled,743.23
244,128,2023-08-29,cancelled,858.96
245,36,2023-02-12,cancelled,1389.03
246,156,2023-05-24,returned,1628.81
247,280,2023-09-15,shipped,1026.73
248,356,2023-02-12,placed,2296.01
249,493,2025-05-12,placed,1560.83
250,191,2024-06-06,cancelled,255.19
251,327,2024-10-20,cancelled,220.32
252,494,2025-04-18,shipped,1765.92
253,140,2025-03-04,shipped,782.14
254,300,2023-03-07,placed,714.12
255,184,2023-10-24,shipped,1981.36
256,439,2025-08-22,delivered,1308.93
257,134,2023-01-18,shipped,1120.8
258,282,2026-05-22,shipped,402.93
259,72,2025-05-31,placed,139.4
260,422,2026-06-01,cancelled,1212.52
261,228,2026-01-23,shipped,26.13
262,237,2024-09-21,placed,1725.28
263,350,2025-05-08,cancelled,1586.56
264,77,2024-04-30,placed,3526.62
265,411,2025-09-26,returned,727.32
266,401,2026-04-11,cancelled,1202.99
267,399,2026-01-09,delivered,1153.77
268,120,2025-12-03,shipped,273.86
269,418,2023-03-20,placed,966.7
270,163,2025-04-09,delivered,3783.8
271,11,2024-12-12,returned,2605.5
272,434,2025-09-13,returned,2735.64
273,500,2026-01-26,shipped,2240.58
274,374,2023-04-15,placed,1799.5
275,494,2023-10-18,placed,343.6
276,225,2024-11-29,cancelled,1986.76
277,246,2023-05-17,returned,210.78
278,134,2023-11-07,placed,889.06
279,83,2024-06-01,placed,3960.99
280,210,2023-09-17,returned,1612.26
281,14,2025-06-01,shipped,1623.55
282,204,2025-02-05,cancelled,1496.5
283,135,2026-06-27,shipped,2069.24
284,302,2025-01-20,shipped,3788.74
285,388,2025-01-20,cancelled,1024.95
286,350,2025-09-29,cancelled,2203.31
287,469,2025-10-26,placed,1113.08
288,439,2025-02-13,delivered,2064.84
289,445,2025-06-25,returned,982.87
290,312,2025-08-02,cancelled,1040.4
291,26,2024-07-27,cancelled,1089.94
292,117,2023-05-20,shipped,2747.91
293,109,2025-12-01,cancelled,1688.76
294,449,2025-01-09,shipped,230.94
295,471,2024-11-09,delivered,2516.04
296,64,2025-06-02,placed,2378.24
297,180,2024-12-18,delivered,231.75
298,293,2025-03-17,shipped,1717.2
299,443,2026-06-08,placed,2205.94
300,112,2026-04-27,cancelled,2484.29
301,56,2025-01-09,cancelled,966.27
302,442,2026-09-01,delivered,2523.26
303,349,2026-02-09,shipped,1995.0
304,133,2024-07-08,cancelled,3147.72
305,344,2025-05-01,delivered,2949.06
306,115,2026-01-15,delivered,2779.95
307,100,2024-03-10,returned,1069.08
308,212,2023-11-20,placed,652.84
309,442,2025-01-03,shipped,952.08
310,91,2024-05-19,delivered,561.6
311,390,2025-01-09,shipped,2145.06
312,487,2025-09-27,placed,468.2
313,197,2024-04-28,returned,3635.32
314,85,2024-08-31,cancelled,729.9
315,68,2026-07-14,shipped,131.94
316,365,2023-01-01,placed,2134.25
317,214,2023-02-16,cancelled,1904.71
318,139,2024-01-18,returned,3292.27
319,152,2023-01-22,shipped,1822.52
320,353,2023-07-01,cancelled,745.07
321,47,2026-04-11,returned,452.87
322,330,2023-01-09,shipped,4267.55
323,49,2026-08-16,placed,335.38
324,458,2023-10-16,cancelled,2596.11
325,357,2024-02-28,placed,2203.12
326,195,2025-11-02,delivered,1980.43
327,343,2026-06-21,delivered,2738.18
328,446,2026-01-10,shipped,654.84
329,170,2026-05-20,delivered,555.0
330,194,2024-11-18,cancelled,1093.76
331,256,2025-02-05,cancelled,2114.08
332,406,2025-02-07,returned,4834.29
333,187,2023-05-07,cancelled,12.18
334,182,2024-09-10,delivered,2445.06
335,401,2023-07-29,shipped,1823.05
336,490,2023-12-23,returned,1948.37
337,248,2026-04-10,returned,929.95
338,308,2023-12-02,returned,1817.3
339,69,2023-12-11,shipped,3582.59
340,472,2024-02-08,shipped,1919.85
341,299,2025-02-05,returned,1993.51
342,385,2025-02-03,shipped,732.93
343,232,2023-10-20,placed,4516.05
344,28,2023-04-14,placed,3578.08
345,494,2024-03-12,shipped,2138.19
346,220,2024-10-10,delivered,1518.91
347,294,2024-10-18,returned,2284.69
348,207,2026-04-23,placed,3110.98
349,422,2025-08-02,placed,676.83
350,464,2026-01-06,returned,3534.89
351,261,2023-05-09,cancelled,3414.34
352,108,2025-05-13,shipped,1947.35
353,38,2023-02-20,placed,909.95
354,231,2025-12-22,cancelled,1251.44
355,38,2024-05-27,delivered,2514.84
356,201,2025-11-14,returned,1873.81
357,3,2026-05-23,returned,1384.6
358,478,2024-03-25,returned,2888.32
359,121,2026-03-28,placed,2407.62
360,79,2024-08-06,returned,3785.72
361,184,2026-06-04,delivered,1149.38
362,457,2023-06-12,placed,4140.89
363,457,2025-11-01,returned,2602.18
364,413,2025-10-01,returned,1190.32
365,248,2026-02-15,delivered,478.88
366,136,2026-06-02,delivered,1472.66
367,233,2025-05-01,placed,168.3
368,496,2025-04-29,returned,2144.86
369,460,2023-03-14,placed,4855.37
370,40,2024-12-05,returned,1611.88
371,247,2024-03-05,cancelled,1365.72
372,76,2025-01-29,placed,961.34
373,373,2024-03-15,delivered,1220.92
374,242,2025-07-26,cancelled,1836.66
375,262,2023-07-25,delivered,1503.44
376,198,2025-06-24,shipped,527.48
377,466,2026-09-02,returned,1486.4
378,277,2026-07-29,placed,2157.42
379,131,2025-10-08,cancelled,1433.89
380,3,2025-02-12,placed,4285.19
381,217,2023-05-02,returned,2280.8
382,287,2024-08-03,returned,2834.11
383,261,2025-11-22,cancelled,2340.93
384,223,2023-07-18,placed,377.12
385,312,2024-03-27,placed,2738.21
386,402,2024-10-01,returned,3285.67
387,103,2025-09-28,returned,459.99
388,282,2025-01-06,delivered,3417.91
389,258,2023-12-19,delivered,3906.42
390,388,2024-06-19,delivered,4122.12
391,212,2024-08-06,delivered,1702.14
392,383,2025-07-26,shipped,2183.72
393,62,2025-10-21,placed,2298.05
394,392,2024-10-08,returned,2898.42
395,17,2023-09-24,returned,1446.3
396,195,2024-06-15,returned,924.99
397,133,2025-02-06,shipped,2513.41
398,293,2025-01-24,shipped,5020.88
399,5,2026-09-02,shipped,3228.81
400,354,2024-12-05,shipped,722.67
401,323,2023-11-22,placed,1686.69
402,333,2023-12-24,returned,2096.34
403,229,2024-08-01,placed,4318.62
404,37,2025-07-09,placed,1390.32
405,310,2025-02-13,cancelled,2032.2
406,121,2023-06-01,delivered,403.08
407,49,2024-07-09,placed,523.54
408,378,2024-05-05,delivered,2290.35
409,70,2023-09-14,returned,2325.92
410,328,2024-04-08,returned,1964.36
411,6,2025-05-30,placed,3707.89
412,281,2025-10-31,delivered,2461.88
413,113,2023-08-16,delivered,521.44
414,410,2024-04-15,returned,2016.55
415,140,2026-01-09,returned,2015.27
416,120,2025-12-14,placed,1631.83
417,256,2025-04-17,delivered,595.59
418,431,2024-08-14,delivered,2084.83
419,395,2026-05-27,placed,2697.53
420,455,2023-11-10,placed,724.42
421,142,2025-07-10,returned,18.84
422,22,2023-07-29,returned,1975.7
423,331,2025-09-06,shipped,3071.28
424,225,2023-04-26,returned,2194.89
425,307,2025-09-20,returned,1144.21
426,398,2023-11-23,returned,3533.15
427,350,2025-04-14,cancelled,1819.8
428,51,2023-07-18,placed,4886.3
429,32,2026-01-23,delivered,2956.47
430,119,2024-01-22,returned,3607.67
431,360,2024-04-06,cancelled,554.46
432,259,2025-12-16,delivered,3137.96
433,212,2024-02-15,cancelled,2653.24
434,232,2024-09-25,cancelled,1763.61
435,12,2024-03-22,delivered,2237.3
436,292,2025-09-21,shipped,1192.47
437,89,2023-10-12,cancelled,3389.67
438,435,2025-01-04,returned,127.16
439,269,2025-10-05,placed,2437.86
440,386,2025-01-07,returned,1147.17
441,223,2025-04-17,shipped,1058.54
442,377,2026-08-26,returned,1168.65
443,295,2025-07-23,placed,858.6
444,179,2025-06-17,shipped,1762.14
445,474,2024-05-21,shipped,307.28
446,28,2026-05-02,shipped,1402.45
447,319,2024-12-09,shipped,131.45
448,31,2023-12-10,delivered,131.81
449,339,2023-03-22,delivered,1079.93
450,249,2023-09-27,returned,1312.83
451,155,2025-07-25,shipped,1467.4
452,294,2023-12-31,shipped,2637.68
453,466,2024-09-16,shipped,1457.05
454,97,2026-06-24,placed,1296.72
455,314,2023-03-31,shipped,3826.83
456,252,2025-06-06,cancelled,697.11
457,487,2025-06-10,cancelled,1688.04
458,225,2026-05-11,returned,3832.51
459,232,2024-04-29,cancelled,1968.0
460,21,2023-05-26,returned,3495.71
461,28,2024-01-29,returned,293.07
462,300,2026-04-02,returned,1119.58
463,460,2024-06-03,shipped,1420.66
464,363,2026-08-09,cancelled,2342.11
465,374,2024-11-14,cancelled,173.0
466,255,2025-08-11,cancelled,2653.76
467,76,2026-04-29,placed,1420.9
468,92,2024-10-13,shipped,2859.28
469,460,2025-03-13,cancelled,1689.76
470,34,2023-04-29,delivered,1904.49
471,374,2023-09-25,returned,649.17
472,435,2026-07-23,delivered,3435.92
473,93,2025-01-23,returned,1486.06
474,321,2025-08-15,placed,1687.03
475,327,2023-02-23,shipped,693.12
476,131,2026-05-24,placed,2092.81
477,100,2024-02-14,delivered,4106.96
478,275,2024-10-20,delivered,1952.77
479,77,2025-09-27,delivered,1260.48
480,432,2023-01-25,shipped,5011.6
481,155,2025-07-08,shipped,2800.81
482,74,2024-04-22,placed,1440.28
483,338,2024-02-11,delivered,963.69
484,108,2026-08-31,delivered,1774.66
485,140,2026-08-08,shipped,119.81
486,180,2024-01-06,returned,1941.17
487,26,2023-03-25,shipped,57.43
488,28,2023-12-13,placed,3663.82
489,387,2024-06-04,cancelled,3804.73
490,201,2026-09-05,shipped,2923.4
491,145,2026-08-24,delivered,2514.7
492,281,2026-06-22,shipped,3236.21
493,40,2026-06-29,returned,2002.5
494,331,2023-10-31,placed,888.38
495,463,2024-04-04,placed,1697.28
496,229,2024-06-11,shipped,1839.09
497,480,2023-07-04,cancelled,2193.78
498,282,2025-09-07,placed,177.9
499,145,2024-11-30,placed,2081.88
500,223,2025-06-30,returned,2169.92
501,185,2026-03-18,cancelled,219.22
502,454,2025-07-11,cancelled,4229.28
503,231,2024-07-14,cancelled,2752.28
504,280,2025-02-08,returned,544.62
505,375,2024-07-27,returned,734.07
506,277,2024-02-24,returned,1845.8
507,170,2025-03-24,cancelled,1464.51
508,243,2024-08-26,returned,476.85
509,43,2023-06-27,shipped,2758.61
510,190,2025-05-26,shipped,1264.35
511,421,2025-02-19,shipped,3907.7
512,387,2025-07-08,placed,809.52
513,155,2023-09-29,cancelled,3373.44
514,273,2023-07-05,delivered,2313.81
515,302,2025-07-14,shipped,2055.34
516,18,2026-04-22,placed,3524.66
517,461,2026-05-07,returned,582.0
518,473,2024-08-01,delivered,2762.86
519,136,2026-05-06,shipped,2861.18
520,330,2025-10-31,placed,1169.71
521,1,2025-05-31,placed,2202.25
522,2,2025-01-29,cancelled,1246.66
523,390,2023-08-01,delivered,789.8
524,200,2023-04-02,placed,952.99
525,304,2024-12-17,shipped,2362.62
526,22,2025-08-24,cancelled,1881.36
527,446,2023-09-05,returned,1419.56
528,10,2026-02-02,cancelled,3668.4
529,55,2023-07-15,placed,1750.78
530,494,2023-02-09,shipped,342.14
531,62,2024-03-04,delivered,797.04
532,474,2026-07-31,returned,396.57
533,324,2026-07-15,returned,1021.55
534,414,2024-02-12,cancelled,1479.26
535,481,2025-09-29,shipped,2574.91
536,442,2026-01-09,returned,3265.04
537,187,2025-05-05,delivered,617.2
538,380,2025-09-19,placed,2791.44
539,57,2023-07-24,delivered,2525.3
540,38,2023-09-10,cancelled,4676.79
541,104,2023-06-26,delivered,1071.9
542,88,2023-02-05,delivered,1374.0
543,284,2026-08-18,shipped,1727.16
544,111,2025-04-09,returned,2099.42
545,460,2025-03-24,placed,2563.6
546,124,2025-04-03,placed,2089.42
547,440,2025-03-12,returned,3737.11
548,152,2023-11-07,cancelled,3231.07
549,57,2023-02-05,cancelled,615.56
550,172,2023-04-17,shipped,3659.33
551,249,2025-11-14,returned,3692.57
552,40,2023-06-30,placed,1226.3
553,267,2026-02-11,placed,2255.61
554,12,2024-09-22,shipped,3980.81
555,117,2025-05-23,cancelled,2706.45
556,147,2023-09-05,shipped,666.56
557,295,2024-06-04,shipped,1540.92
558,63,2024-09-28,placed,3732.79
559,497,2023-08-09,returned,2492.96
560,72,2023-11-01,returned,203.81
561,431,2024-07-03,shipped,2420.39
562,491,2026-07-26,placed,2378.77
563,158,2026-05-28,cancelled,3521.94
564,156,2026-07-01,cancelled,2926.11
565,427,2023-10-27,cancelled,1316.94
566,406,2025-06-21,placed,1700.57
567,341,2023-09-30,delivered,3478.67
568,290,2023-10-02,cancelled,3148.55
569,84,2023-08-26,returned,699.66
570,355,2026-07-07,shipped,486.66
571,393,2024-08-13,shipped,548.28
572,447,2025-04-09,delivered,1917.92
573,191,2025-07-13,cancelled,1566.58
574,473,2026-03-10,placed,3467.08
575,61,2026-04-07,shipped,908.9
576,41,2024-07-28,cancelled,388.47
577,388,2025-11-09,cancelled,21.23
578,338,2025-03-28,returned,1937.39
579,15,2026-01-12,placed,1677.39
580,257,2025-08-25,returned,320.84
581,367,2024-06-13,shipped,2153.8
582,302,2026-06-16,shipped,1566.31
583,57,2025-02-07,returned,1107.23
584,253,2024-12-21,placed,4011.88
585,459,2025-05-12,cancelled,764.58
586,203,2025-08-04,cancelled,2216.31
587,411,2023-02-21,cancelled,2274.61
588,251,2023-05-27,cancelled,455.42
589,256,2024-09-06,placed,623.08
590,339,2026-03-25,returned,3013.7
591,17,2026-03-25,cancelled,642.84
592,193,2023-11-27,cancelled,3279.26
593,57,2024-12-23,returned,2893.54
594,15,2026-08-15,returned,533.07
595,380,2023-02-22,returned,580.14
596,220,2024-06-04,delivered,796.74
597,34,2025-10-25,delivered,29.52
598,167,2026-07-17,placed,2341.37
599,51,2023-09-13,cancelled,342.6
600,258,2024-08-13,delivered,1056.53
601,434,2026-04-03,placed,2965.48
602,272,2025-11-05,cancelled,3714.77
603,129,2024-01-20,returned,4147.76
604,187,2023-08-12,cancelled,2017.48
605,211,2024-01-31,delivered,847.5
606,137,2026-05-20,delivered,611.8
607,126,2025-07-16,delivered,1804.13
608,22,2026-04-29,cancelled,160.38
609,153,2024-09-15,placed,1460.73
610,47,2025-05-18,shipped,3839.06
611,131,2023-05-02,returned,1053.93
612,58,2024-11-03,delivered,3744.36
613,404,2023-08-30,shipped,2258.32
614,122,2025-02-25,cancelled,3580.01
615,451,2026-04-16,cancelled,412.48
616,482,2025-01-04,cancelled,4491.15
617,309,2024-06-12,returned,1029.08
618,103,2024-03-10,delivered,2497.8
619,164,2023-02-03,cancelled,3435.81
620,484,2024-09-01,returned,1369.72
621,499,2026-04-20,cancelled,1268.04
622,77,2026-04-18,placed,1817.87
623,366,2026-04-01,shipped,1560.47
624,106,2023-05-02,returned,462.62
625,500,2024-03-11,delivered,2006.28
626,241,2025-05-21,shipped,2926.16
627,286,2025-08-14,placed,476.22
628,182,2023-08-09,returned,1639.03
629,477,2025-09-12,delivered,2289.33
630,428,2023-05-03,delivered,2460.72
631,252,2025-08-07,shipped,1887.05
632,364,2025-05-02,returned,1997.08
633,422,2023-04-25,delivered,3251.56
634,349,2025-08-08,placed,1551.54
635,23,2025-09-03,returned,1193.25
636,131,2026-08-03,shipped,591.22
637,207,2025-04-02,delivered,2100.96
638,309,2023-08-03,shipped,1463.19
639,308,2025-01-09,cancelled,1625.76
640,315,2023-03-01,shipped,3246.85
641,270,2023-08-18,returned,885.96
642,465,2024-03-26,cancelled,1493.08
643,470,2026-03-17,placed,2925.97
644,432,2026-03-05,cancelled,1755.96
645,153,2023-08-06,delivered,4622.11
646,3,2023-07-14,cancelled,659.24
647,236,2025-10-30,cancelled,3826.06
648,357,2023-03-10,shipped,1304.28
649,333,2024-02-19,shipped,2399.69
650,242,2025-09-08,placed,2606.61
651,435,2026-07-15,cancelled,1937.04
652,332,2024-01-24,cancelled,2493.08
653,225,2023-08-31,shipped,5070.53
654,384,2026-04-22,placed,1548.15
655,184,2026-07-14,delivered,832.97
656,117,2023-01-05,placed,5314.75
657,387,2025-10-25,placed,412.69
658,22,2023-01-17,returned,436.08
659,467,2024-10-30,delivered,2537.06
660,51,2024-11-01,shipped,2198.07
661,415,2025-12-21,cancelled,988.56
662,386,2025-03-28,returned,4790.83
663,368,2024-10-25,returned,482.49
664,396,2023-10-19,shipped,4150.87
665,161,2025-06-05,delivered,703.3
666,229,2024-09-01,shipped,4960.52
667,277,2024-08-16,delivered,822.36
668,456,2025-03-19,returned,3655.63
669,294,2023-01-09,placed,1995.56
670,265,2026-03-31,returned,2349.96
671,42,2024-01-09,placed,481.5
672,229,2025-04-24,placed,4211.52
673,226,2026-01-07,cancelled,1220.24
674,81,2023-10-07,returned,502.18
675,192,2023-09-06,delivered,848.1
676,420,2023-03-16,cancelled,115.32
677,23,2024-04-14,cancelled,4108.57
678,342,2023-07-15,cancelled,934.35
679,461,2023-02-13,cancelled,1741.58
680,408,2025-02-15,delivered,2575.82
681,480,2025-03-21,returned,1370.92
682,274,2024-03-21,returned,1342.77
683,163,2023-04-28,cancelled,1938.42
684,79,2023-05-27,delivered,1117.98
685,166,2026-08-28,delivered,2665.61
686,284,2023-08-05,cancelled,206.71
687,120,2024-01-18,placed,624.61
688,326,2025-06-07,returned,1359.72
689,217,2025-07-29,returned,2329.65
690,430,2025-02-08,cancelled,825.65
691,203,2025-01-25,placed,2646.9
692,485,2026-07-22,delivered,1121.47
693,355,2025-10-04,shipped,28.48
694,5,2024-04-29,shipped,3547.07
695,181,2023-02-18,cancelled,1567.56
696,418,2025-10-29,returned,328.61
697,421,2024-03-09,cancelled,357.56
698,100,2026-04-21,returned,1820.91
699,355,2026-01-07,returned,3340.33
700,265,2025-10-16,placed,2024.96
701,201,2026-02-07,shipped,2584.42
702,160,2023-03-29,placed,875.24
703,13,2024-09-24,returned,2312.18
704,398,2023-06-13,returned,1074.59
705,313,2026-03-01,cancelled,281.83
706,151,2024-03-18,cancelled,2646.39
707,481,2024-07-10,placed,1838.47
708,132,2023-10-10,delivered,1936.18
709,454,2023-10-08,returned,1193.87
710,5,2023-03-20,returned,2494.55
711,240,2025-02-06,returned,1436.39
712,472,2026-08-09,placed,957.82
713,394,2024-12-11,delivered,1363.07
714,324,2023-04-28,returned,676.75
715,284,2025-08-31,shipped,107.55
716,347,2025-03-23,shipped,3620.61
717,34,2025-11-25,placed,686.93
718,220,2025-08-07,shipped,855.9
719,151,2024-07-27,shipped,1603.84
720,42,2026-02-13,cancelled,3585.84
721,206,2023-12-15,returned,895.94
722,232,2025-02-11,shipped,2565.92
723,266,2025-04-17,delivered,883.06
724,240,2026-05-31,cancelled,1865.75
725,257,2025-04-05,returned,2532.99
726,394,2024-10-29,delivered,1026.08
727,154,2025-09-07,delivered,2752.74
728,117,2024-10-30,shipped,1971.22
729,237,2025-12-21,delivered,434.5
730,483,2026-04-02,cancelled,1930.18
731,448,2023-11-09,shipped,2149.83
732,207,2024-01-26,returned,2408.87
733,105,2023-09-18,cancelled,392.92
734,56,2023-06-08,delivered,1045.23
735,150,2024-09-16,returned,187.48
736,6,2025-12-06,shipped,1069.55
737,463,2025-09-18,shipped,991.22
738,295,2023-10-06,delivered,2848.4
739,148,2025-04-06,cancelled,2035.53
740,467,2024-07-11,shipped,5530.25
741,211,2023-03-03,returned,378.92
742,259,2024-04-14,delivered,2983.13
743,204,2025-12-19,placed,356.0
744,70,2023-10-13,delivered,1526.52
745,10,2025-05-10,returned,199.35
746,380,2025-07-16,cancelled,1069.3
747,111,2023-12-08,placed,3038.6
748,192,2023-04-02,shipped,1447.21
749,349,2024-02-08,placed,1761.54
750,418,2025-01-09,delivered,2729.14
751,183,2025-10-27,delivered,1756.2
752,113,2023-06-02,placed,2663.85
753,53,2024-03-23,returned,6079.88
754,342,2024-06-16,cancelled,306.22
755,300,2025-02-03,cancelled,2305.76
756,318,2026-07-14,placed,755.61
757,104,2026-01-23,shipped,2154.73
758,213,2023-09-18,delivered,523.95
759,106,2026-01-25,returned,803.44
760,357,2026-05-24,shipped,1831.5
761,282,2024-10-05,shipped,474.77
762,102,2024-09-29,shipped,4017.59
763,185,2023-02-17,cancelled,3182.15
764,472,2023-07-02,delivered,2288.04
765,470,2023-07-28,shipped,744.81
766,474,2024-09-11,cancelled,1190.42
767,224,2026-03-08,delivered,1854.36
768,18,2026-04-19,delivered,268.72
769,234,2024-09-13,shipped,1764.2
770,499,2025-12-30,placed,4140.11
771,294,2026-05-31,delivered,955.26
772,87,2023-03-17,cancelled,388.0
773,214,2024-12-01,returned,1918.6
774,417,2025-01-29,shipped,642.97
775,462,2025-06-30,cancelled,1021.83
776,245,2025-01-16,cancelled,136.71
777,490,2023-01-26,placed,4662.64
778,176,2025-02-15,delivered,2080.83
779,413,2024-03-21,placed,1455.92
780,455,2026-05-16,shipped,435.16
781,144,2025-12-05,shipped,1092.31
782,185,2023-03-30,placed,2616.54
783,477,2023-07-20,cancelled,601.84
784,100,2026-02-03,shipped,2166.7
785,88,2024-03-31,placed,84.32
786,476,2024-05-19,delivered,2779.72
787,355,2024-12-19,delivered,1638.53
788,402,2023-08-12,returned,1278.02
789,161,2025-03-25,cancelled,2807.91
790,5,2023-09-09,returned,2229.73
791,159,2023-06-07,returned,1269.52
792,111,2025-11-17,cancelled,1669.44
793,27,2024-02-19,shipped,4272.32
794,388,2026-02-26,cancelled,1767.09
795,84,2025-08-12,returned,822.32
796,384,2023-12-31,shipped,340.77
797,440,2023-04-27,shipped,3347.63
798,497,2026-03-24,shipped,1729.37
799,443,2024-05-14,cancelled,825.99
800,294,2026-01-19,returned,2153.63
801,366,2024-02-11,returned,346.53
802,429,2024-12-06,returned,1341.55
803,45,2023-08-24,returned,1030.58
804,484,2024-05-17,placed,1467.22
805,228,2023-02-20,shipped,2517.42
806,111,2023-09-29,returned,2315.56
807,84,2023-05-05,cancelled,3770.58
808,289,2024-11-11,returned,3015.38
809,46,2025-12-09,delivered,646.77
810,54,2026-05-01,placed,1156.25
811,359,2023-07-27,returned,1619.64
812,413,2024-04-02,returned,3257.67
813,328,2024-10-11,delivered,3392.2
814,409,2026-03-20,cancelled,3625.03
815,85,2024-02-22,returned,837.93
816,253,2024-03-15,placed,1960.86
817,360,2025-10-31,returned,1007.25
818,488,2023-05-13,placed,2286.64
819,2,2026-08-13,returned,2667.12
820,182,2024-11-24,placed,408.04
821,5,2026-08-27,placed,943.32
822,203,2023-10-03,delivered,2303.4
823,182,2023-02-19,cancelled,119.56
824,146,2024-06-04,placed,2162.5
825,486,2026-03-08,cancelled,2333.68
826,473,2023-06-05,cancelled,748.07
827,7,2024-02-22,shipped,653.04
828,306,2023-03-01,placed,1634.36
829,359,2026-02-13,shipped,1948.64
830,99,2026-03-17,shipped,1297.5
831,219,2024-03-23,placed,1114.39
832,27,2026-04-10,delivered,793.02
833,130,2023-05-19,cancelled,861.6
834,380,2025-10-26,delivered,1253.17
835,229,2025-09-29,placed,462.69
836,243,2023-01-31,shipped,3812.83
837,477,2025-10-16,returned,1049.61
838,67,2025-05-08,delivered,398.22
839,356,2023-10-10,shipped,2456.53
840,293,2023-09-27,shipped,3079.78
841,24,2024-01-21,returned,599.35
842,405,2024-12-16,placed,502.67
843,485,2025-11-04,returned,1324.18
844,113,2025-06-20,delivered,633.7
845,353,2024-01-02,cancelled,1560.99
846,119,2023-07-31,cancelled,1165.84
847,483,2023-06-03,shipped,1713.96
848,219,2026-07-11,shipped,1554.18
849,391,2025-01-22,placed,534.73
850,5,2023-05-18,placed,4064.01
851,137,2024-12-30,returned,55.89
852,152,2025-01-08,placed,2790.46
853,367,2023-12-31,placed,732.09
854,92,2026-06-21,cancelled,4666.1
855,442,2025-12-16,shipped,2029.7
856,58,2025-02-10,returned,2302.03
857,212,2023-08-19,returned,1866.86
858,298,2024-02-23,cancelled,2879.4
859,444,2026-04-14,shipped,1711.82
860,61,2024-12-27,shipped,725.8
861,188,2023-03-10,shipped,11.18
862,426,2023-02-08,cancelled,1188.28
863,370,2026-04-29,delivered,2765.1
864,349,2023-03-09,cancelled,5090.11
865,29,2024-05-30,shipped,3109.93
866,332,2023-04-26,cancelled,113.32
867,145,2024-06-10,shipped,840.49
868,48,2025-08-05,delivered,1438.74
869,257,2026-04-12,shipped,1879.46
870,397,2025-04-26,shipped,964.36
871,445,2025-07-16,placed,1971.61
872,335,2024-08-22,shipped,1126.41
873,320,2024-04-22,cancelled,493.44
874,313,2024-03-22,returned,212.88
875,8,2023-09-24,shipped,596.47
876,296,2025-10-16,delivered,1772.7
877,227,2025-12-23,shipped,98.4
878,440,2023-04-16,delivered,2350.29
879,330,2026-05-25,placed,654.6
880,292,2025-10-24,cancelled,1750.84
881,343,2025-02-02,placed,1798.74
882,473,2023-05-05,cancelled,3013.66
883,20,2025-12-14,returned,1137.79
884,397,2025-07-27,cancelled,1957.56
885,110,2023-05-11,placed,647.04
886,36,2024-02-22,delivered,3108.0
887,220,2025-05-16,delivered,2283.2
888,224,2025-10-27,delivered,1240.71
889,163,2024-09-24,placed,2228.26
890,280,2026-06-27,shipped,1888.34
891,181,2023-07-13,delivered,4144.38
892,360,2026-04-18,returned,49.37
893,9,2023-12-13,returned,2389.65
894,233,2024-05-03,returned,4162.57
895,192,2023-09-04,shipped,3871.73
896,266,2026-05-17,returned,2139.84
897,202,2024-03-19,placed,3990.52
898,322,2026-03-02,delivered,1848.26
899,325,2024-03-12,delivered,1033.0
900,414,2024-10-17,cancelled,522.02
901,475,2023-03-29,returned,289.64
902,459,2023-06-01,shipped,1692.36
903,468,2024-10-05,shipped,3731.53
904,325,2026-02-10,cancelled,93.08
905,176,2024-01-15,delivered,1968.82
906,187,2024-04-13,placed,495.69
907,247,2025-02-11,shipped,708.57
908,415,2024-11-13,cancelled,3756.53
909,106,2024-06-29,cancelled,3581.11
910,324,2025-08-17,placed,2497.78
911,220,2023-05-24,shipped,351.66
912,353,2025-01-17,placed,2618.29
913,270,2023-04-06,shipped,1078.65
914,485,2024-02-11,placed,3021.45
915,232,2024-09-11,shipped,2277.53
916,471,2025-03-04,returned,39.38
917,49,2023-11-17,cancelled,2647.08
918,202,2023-11-24,delivered,983.65
919,46,2023-08-02,shipped,1822.86
920,156,2024-10-10,placed,1468.2
921,76,2023-03-30,returned,4345.54
922,136,2023-10-07,delivered,662.88
923,377,2025-07-21,shipped,139.32
924,7,2024-08-02,shipped,3770.42
925,435,2026-08-10,returned,917.54
926,198,2025-02-01,cancelled,2554.71
927,458,2024-04-04,cancelled,957.62
928,61,2025-07-21,returned,439.88
929,204,2023-08-21,returned,2024.61
930,207,2025-06-18,shipped,2006.78
931,452,2025-09-20,returned,2429.9
932,49,2025-08-14,shipped,2917.55
933,11,2026-01-29,shipped,2383.89
934,127,2023-06-03,cancelled,285.8
935,149,2025-03-12,shipped,3505.94
936,235,2024-03-13,placed,1660.18
937,211,2023-05-12,shipped,812.84
938,382,2024-08-21,placed,2457.82
939,449,2024-02-19,returned,3225.32
940,142,2024-06-29,delivered,2848.49
941,291,2025-03-15,delivered,1664.97
942,341,2025-07-10,shipped,1581.46
943,64,2025-03-12,placed,2521.76
944,366,2026-01-06,delivered,777.73
945,243,2024-03-16,delivered,2238.18
946,306,2025-05-16,delivered,2050.76
947,103,2023-03-24,delivered,1164.56
948,322,2023-10-20,cancelled,3969.09
949,211,2023-07-06,cancelled,478.96
950,216,2025-02-19,placed,1387.14
951,279,2025-10-11,returned,2185.05
952,44,2025-12-24,placed,2323.26
953,63,2025-10-14,returned,1861.66
954,320,2025-06-07,shipped,80.75
955,451,2024-08-31,placed,2218.74
956,280,2024-01-27,delivered,2697.4
957,149,2025-04-07,delivered,747.32
958,141,2024-08-23,cancelled,622.25
959,334,2023-10-04,returned,3126.82
960,362,2026-03-25,returned,2958.45
961,338,2024-02-07,delivered,2435.94
962,425,2025-12-03,cancelled,426.76
963,82,2025-07-02,shipped,252.22
964,348,2026-05-19,cancelled,2612.42
965,216,2026-06-12,placed,184.98
966,434,2025-08-22,placed,2215.11
967,252,2026-05-14,cancelled,945.65
968,415,2026-08-23,shipped,1145.24
969,443,2025-02-22,placed,2211.74
970,225,2025-04-01,cancelled,342.25
971,421,2024-11-17,delivered,1096.61
972,478,2026-02-13,returned,1946.07
973,281,2026-02-19,delivered,164.36
974,486,2023-03-25,returned,2125.25
975,260,2026-04-26,shipped,1625.57
976,441,2026-07-24,cancelled,123.24
977,393,2023-01-02,cancelled,1361.72
978,316,2025-01-22,delivered,1020.39
979,383,2026-08-08,returned,2390.11
980,67,2023-05-28,returned,3603.98
981,155,2024-01-15,delivered,3031.49
982,267,2023-02-11,shipped,1483.82
983,233,2024-08-03,placed,138.8
984,302,2025-03-04,cancelled,2043.11
985,115,2025-04-20,shipped,3927.83
986,465,2025-08-14,delivered,5508.35
987,481,2024-06-29,returned,2803.4
988,128,2024-08-07,returned,577.06
989,292,2023-10-11,delivered,2454.81
990,285,2023-08-22,shipped,3143.44
991,66,2023-07-06,shipped,216.38
992,260,2025-01-16,cancelled,1139.61
993,228,2026-02-07,placed,2359.54
994,209,2024-04-29,delivered,2311.95
995,400,2024-07-14,returned,4835.98
996,63,2024-01-23,returned,1325.2
997,267,2026-03-18,cancelled,1530.91
998,162,2023-06-18,placed,1194.26
999,335,2023-01-16,cancelled,4948.61
1000,42,2025-05-21,cancelled,2720.48
1001,365,2023-07-13,cancelled,417.76
1002,13,2026-04-04,shipped,1810.44
1003,182,2025-06-03,shipped,2930.33
1004,182,2026-08-03,cancelled,3443.19
1005,4,2023-07-02,returned,3291.35
1006,460,2023-07-04,returned,2731.26
1007,146,2025-12-19,shipped,737.64
1008,115,2026-03-02,shipped,724.12
1009,463,2026-04-15,placed,2995.03
1010,471,2025-07-23,placed,3580.8
1011,168,2026-06-04,shipped,2035.37
1012,322,2025-04-17,placed,2019.44
1013,78,2024-09-02,cancelled,1055.22
1014,439,2024-07-24,shipped,247.89
1015,313,2026-01-07,shipped,2651.64
1016,121,2024-06-01,delivered,3694.71
1017,113,2023-10-31,placed,1909.6
1018,178,2024-07-24,cancelled,3064.12
1019,15,2023-01-10,delivered,2191.6
1020,211,2024-10-31,cancelled,2911.78
1021,114,2025-09-09,returned,988.64
1022,277,2025-08-15,placed,391.31
1023,171,2023-12-28,delivered,4803.14
1024,284,2026-05-30,shipped,378.79
1025,270,2025-02-13,placed,885.35
1026,380,2023-02-14,delivered,254.73
1027,361,2023-02-20,cancelled,104.6
1028,302,2024-10-11,cancelled,1334.95
1029,235,2024-05-10,shipped,765.64
1030,220,2025-02-18,placed,1121.36
1031,255,2026-07-16,cancelled,1182.8
1032,289,2023-04-18,placed,2289.18
1033,43,2025-09-08,shipped,3005.28
1034,19,2024-12-08,delivered,4509.86
1035,440,2026-02-28,placed,190.96
1036,388,2025-10-05,placed,111.61
1037,218,2024-01-11,cancelled,1107.76
1038,152,2024-11-25,placed,2745.24
1039,488,2024-12-04,delivered,2478.65
1040,35,2025-03-30,placed,2079.72
1041,35,2023-11-26,delivered,3902.84
1042,79,2025-04-27,placed,1069.22
1043,301,2025-06-11,cancelled,2874.14
1044,47,2025-06-17,returned,611.2
1045,497,2025-07-08,placed,1326.63
1046,390,2024-12-25,placed,1489.96
1047,430,2025-02-18,returned,2229.75
1048,287,2025-04-03,cancelled,3874.48
1049,110,2026-04-29,returned,1794.8
1050,7,2024-12-20,returned,1887.94
1051,30,2023-01-15,returned,1994.52
1052,324,2024-09-02,cancelled,2329.37
1053,428,2026-05-02,placed,160.55
1054,440,2025-02-10,returned,2299.58
1055,482,2024-03-21,cancelled,1909.59
1056,210,2024-04-19,shipped,847.44
1057,61,2026-08-07,delivered,1972.93
1058,495,2024-01-31,placed,1080.77
1059,483,2023-08-14,shipped,1346.65
1060,72,2025-07-23,returned,2073.13
1061,136,2025-03-14,placed,2570.11
1062,292,2024-02-13,shipped,800.18
1063,60,2025-11-21,returned,1324.79
1064,338,2023-12-17,returned,316.59
1065,446,2025-04-25,placed,780.34
1066,184,2025-02-16,delivered,1949.8
1067,356,2025-02-08,cancelled,1279.62
1068,397,2025-06-01,delivered,2993.66
1069,159,2024-01-28,shipped,1027.45
1070,95,2025-09-18,shipped,385.8
1071,82,2023-02-06,delivered,1403.6
1072,468,2024-10-13,cancelled,2678.14
1073,374,2023-06-20,cancelled,3412.17
1074,331,2023-04-14,shipped,257.64
1075,197,2025-11-19,shipped,972.97
1076,43,2023-12-05,delivered,1611.04
1077,7,2025-04-07,shipped,3549.92
1078,28,2024-01-05,delivered,3141.0
1079,218,2023-12-12,returned,1343.14
1080,445,2025-09-23,cancelled,2268.99
1081,183,2025-03-22,cancelled,457.05
1082,19,2026-05-08,returned,267.98
1083,203,2025-09-20,shipped,940.96
1084,141,2025-06-04,delivered,1285.96
1085,372,2024-05-11,placed,2012.55
1086,222,2023-08-24,placed,2189.76
1087,26,2025-11-17,delivered,2895.53
1088,209,2023-11-14,shipped,282.02
1089,237,2023-09-01,returned,1672.16
1090,312,2024-12-09,cancelled,4478.98
1091,88,2023-02-14,cancelled,787.98
1092,383,2026-08-15,returned,1836.55
1093,290,2026-07-24,cancelled,2942.04
1094,109,2025-03-11,placed,3222.46
1095,352,2026-01-09,delivered,4053.99
1096,336,2026-01-30,shipped,1949.0
1097,211,2025-10-08,shipped,147.18
1098,318,2024-07-09,returned,1892.08
1099,167,2024-05-29,returned,1747.81
1100,453,2025-06-06,cancelled,2857.25
1101,106,2025-09-02,returned,2140.87
1102,370,2023-08-13,placed,342.6
1103,209,2025-02-15,returned,1124.02
1104,204,2026-02-05,placed,1308.25
1105,188,2023-03-15,cancelled,1188.67
1106,364,2023-12-22,cancelled,1198.25
1107,231,2026-01-06,delivered,3514.2
1108,345,2023-03-12,delivered,684.54
1109,117,2024-09-15,placed,791.1
1110,261,2024-10-02,returned,3659.89
1111,446,2024-10-02,returned,2529.6
1112,183,2026-06-28,cancelled,2135.51
1113,139,2026-05-24,returned,2819.83
1114,368,2023-11-11,cancelled,1570.69
1115,470,2025-07-07,placed,695.21
1116,298,2024-06-08,cancelled,723.65
1117,111,2023-12-19,returned,5047.51
1118,253,2024-12-13,shipped,1793.2
1119,348,2024-08-07,returned,2271.95
1120,442,2024-01-24,cancelled,912.97
1121,272,2025-12-07,cancelled,1392.42
1122,108,2024-05-28,returned,1053.82
1123,313,2024-02-29,shipped,3538.54
1124,428,2024-12-13,delivered,2723.52
1125,3,2026-07-08,cancelled,974.01
1126,72,2023-05-11,cancelled,833.59
1127,405,2024-12-15,cancelled,2640.53
1128,167,2024-04-20,cancelled,3317.51
1129,57,2026-02-08,cancelled,1817.77
1130,448,2025-03-31,shipped,2252.97
1131,359,2025-05-26,delivered,2564.82
1132,102,2024-01-02,delivered,1357.23
1133,31,2023-12-30,returned,4048.35
1134,325,2025-12-14,placed,487.24
1135,400,2023-12-10,placed,5117.49
1136,38,2025-02-24,shipped,3197.52
1137,439,2024-09-11,shipped,3431.62
1138,52,2025-06-26,placed,5409.16
1139,120,2023-11-21,shipped,1521.53
1140,381,2025-06-22,shipped,1798.19
1141,108,2025-11-01,placed,2723.95
1142,9,2024-11-29,placed,3049.58
1143,360,2025-06-29,placed,1276.04
1144,241,2026-08-27,placed,867.68
1145,339,2024-02-26,delivered,2577.48
1146,415,2023-01-15,shipped,1592.66
1147,15,2023-01-12,placed,366.44
1148,8,2023-04-02,delivered,2916.16
1149,213,2024-07-06,returned,2042.06
1150,384,2024-12-06,returned,1182.2
1151,381,2025-07-10,placed,3074.85
1152,68,2024-04-17,delivered,2297.39
1153,122,2025-09-01,shipped,2747.36
1154,280,2023-12-05,cancelled,988.35
1155,264,2023-02-15,delivered,3003.07
1156,135,2025-04-12,placed,664.52
1157,365,2023-03-18,delivered,1170.37
1158,498,2025-03-09,returned,928.46
1159,102,2026-04-16,delivered,2684.43
1160,440,2023-10-19,returned,2264.86
1161,143,2025-03-16,placed,3091.05
1162,376,2023-06-13,returned,2892.39
1163,37,2026-07-11,shipped,1622.73
1164,6,2023-04-27,placed,3741.72
1165,487,2025-03-23,placed,2763.39
1166,375,2024-05-20,returned,5303.87
1167,328,2025-10-23,returned,2119.87
1168,114,2025-05-20,returned,2623.98
1169,56,2025-12-15,returned,63.15
1170,392,2023-09-06,shipped,2966.44
1171,268,2023-05-29,placed,2443.63
1172,435,2023-09-05,delivered,1911.03
1173,326,2024-01-31,delivered,2289.69
1174,89,2025-06-06,cancelled,930.36
1175,379,2023-04-12,shipped,1856.11
1176,104,2024-09-01,delivered,3596.27
1177,359,2026-08-30,returned,2214.68
1178,75,2025-10-31,delivered,3258.48
1179,80,2025-07-19,delivered,834.92
1180,113,2025-06-16,shipped,1118.86
1181,440,2025-11-01,returned,3866.2
1182,187,2023-12-12,delivered,3295.07
1183,297,2025-11-15,shipped,1080.0
1184,54,2024-01-08,returned,1551.21
1185,295,2023-03-25,placed,2211.76
1186,245,2024-06-06,shipped,112.14
1187,369,2026-08-31,delivered,3539.08
1188,292,2023-12-14,returned,2309.33
1189,374,2025-12-28,shipped,2300.14
1190,170,2023-08-28,placed,1613.72
1191,196,2023-04-04,cancelled,815.1
1192,451,2026-08-09,delivered,1063.05
1193,11,2023-09-27,returned,342.94
1194,49,2024-06-11,shipped,7.31
1195,197,2025-05-17,delivered,1291.14
1196,490,2023-05-26,shipped,538.92
1197,350,2024-12-27,shipped,2297.33
1198,350,2024-08-02,shipped,4661.26
1199,188,2025-04-05,shipped,898.18
1200,472,2023-05-23,cancelled,4494.06
1201,194,2024-08-16,placed,4598.11
1202,358,2023-12-15,placed,2860.65
1203,351,2023-02-16,cancelled,3423.04
1204,328,2023-04-05,returned,427.92
1205,353,2025-09-04,placed,3027.82
1206,206,2025-11-10,placed,1992.74
1207,364,2023-01-26,delivered,2273.32
1208,194,2024-10-30,delivered,624.56
1209,393,2025-05-27,cancelled,163.49
1210,406,2023-01-02,cancelled,263.55
1211,379,2023-02-20,delivered,2542.77
1212,255,2024-06-08,shipped,355.31
1213,427,2023-07-23,cancelled,790.25
1214,74,2024-03-19,cancelled,1888.52
1215,103,2024-06-09,placed,1476.49
1216,226,2023-01-05,placed,941.13
1217,351,2025-08-09,placed,1246.69
1218,30,2025-11-02,cancelled,2955.06
1219,314,2024-10-04,delivered,2203.84
1220,327,2024-06-26,shipped,3209.49
1221,65,2025-09-05,delivered,2668.48
1222,199,2025-12-27,cancelled,1829.32
1223,486,2023-04-05,returned,1434.72
1224,232,2023-10-31,delivered,1772.9
1225,382,2024-05-31,returned,1575.82
1226,240,2025-07-15,shipped,985.83
1227,403,2025-11-14,placed,460.49
1228,446,2023-06-12,placed,3407.92
1229,186,2024-12-20,returned,2159.32
1230,78,2026-08-25,shipped,3625.58
1231,50,2024-03-24,placed,1066.32
1232,419,2024-02-12,delivered,3794.55
1233,70,2023-03-16,returned,3868.61
1234,486,2026-09-01,placed,2335.31
1235,144,2025-05-19,returned,1360.14
1236,27,2024-05-06,shipped,3458.09
1237,171,2026-02-20,returned,368.65
1238,10,2024-04-02,delivered,4450.34
1239,68,2026-02-04,delivered,1354.76
1240,468,2025-10-19,delivered,1787.06
1241,378,2024-01-25,delivered,2821.74
1242,488,2023-09-30,placed,218.12
1243,368,2025-01-15,placed,2514.49
1244,260,2026-07-24,placed,270.62
1245,450,2025-06-07,returned,1966.33
1246,129,2024-02-06,delivered,762.11
1247,83,2024-06-08,placed,701.56
1248,376,2023-05-24,placed,1723.09
1249,373,2025-07-14,delivered,1976.98
1250,210,2024-10-15,cancelled,2901.46
1251,196,2026-04-04,shipped,800.24
1252,173,2024-08-11,shipped,333.48
1253,425,2023-09-12,returned,3307.5
1254,31,2023-02-17,delivered,1063.44
1255,312,2023-02-04,delivered,1656.84
1256,158,2026-09-01,shipped,1853.91
1257,192,2023-11-17,shipped,1816.36
1258,466,2024-06-06,delivered,3301.2
1259,128,2025-12-01,cancelled,3128.86
1260,200,2025-05-14,shipped,776.61
1261,423,2024-11-02,returned,4540.76
1262,306,2026-07-20,returned,369.07
1263,100,2025-12-27,returned,1876.6
1264,196,2026-07-23,returned,2213.83
1265,102,2023-01-23,returned,2516.48
1266,322,2024-03-31,cancelled,1099.14
1267,29,2024-03-29,shipped,1529.05
1268,176,2025-08-27,placed,2192.21
1269,467,2024-06-29,delivered,355.14
1270,432,2023-10-12,shipped,1620.99
1271,392,2025-05-28,delivered,3346.98
1272,298,2024-12-04,delivered,2157.07
1273,168,2026-06-17,delivered,1515.72
1274,292,2026-03-15,delivered,1122.16
1275,453,2024-12-22,delivered,1020.16
1276,106,2025-09-22,cancelled,2899.06
1277,55,2023-11-10,placed,429.3
1278,485,2023-04-07,delivered,775.2
1279,291,2025-09-15,shipped,334.74
1280,98,2024-10-19,cancelled,2019.72
1281,234,2023-01-26,shipped,440.74
1282,478,2026-05-04,cancelled,1789.82
1283,297,2025-04-11,returned,794.48
1284,348,2023-11-23,cancelled,876.32
1285,239,2025-05-21,cancelled,1399.22
1286,369,2023-01-20,cancelled,1030.05
1287,415,2025-04-30,placed,1126.72
1288,360,2026-04-30,cancelled,839.38
1289,242,2026-01-08,returned,1420.91
1290,328,2023-05-11,delivered,3791.59
1291,45,2025-04-01,returned,3191.58
1292,176,2026-01-27,returned,1669.78
1293,294,2023-03-27,shipped,677.14
1294,279,2026-01-03,placed,2898.02
1295,180,2023-06-03,cancelled,328.28
1296,356,2025-03-10,shipped,250.13
1297,469,2025-04-07,placed,1108.69
1298,152,2023-03-26,placed,252.03
1299,184,2023-09-30,cancelled,524.61
1300,192,2024-03-29,shipped,2271.76
1301,16,2026-01-28,delivered,4109.67
1302,389,2025-09-18,placed,814.4
1303,283,2024-06-24,cancelled,805.5
1304,346,2023-06-12,placed,3081.0
1305,21,2025-07-08,delivered,1417.4
1306,175,2025-01-03,returned,1989.61
1307,269,2024-03-08,delivered,3745.88
1308,449,2026-07-20,shipped,95.52
1309,96,2023-10-14,shipped,2034.54
1310,76,2023-03-03,delivered,102.97
1311,341,2023-08-22,delivered,3096.08
1312,325,2023-03-26,returned,859.26
1313,75,2024-01-04,placed,3175.13
1314,22,2025-10-15,delivered,3369.36
1315,387,2023-08-14,shipped,1960.88
1316,214,2024-05-12,placed,5146.58
1317,438,2023-08-10,cancelled,5388.82
1318,305,2023-11-24,returned,1717.23
1319,157,2025-02-21,shipped,2721.66
1320,353,2023-06-29,delivered,1391.88
1321,237,2025-11-29,returned,3066.45
1322,478,2025-04-29,returned,1781.59
1323,233,2024-05-20,returned,2295.13
1324,411,2023-08-01,placed,174.57
1325,275,2026-03-28,delivered,435.56
1326,173,2023-04-19,returned,2049.61
1327,284,2023-01-10,returned,826.68
1328,380,2026-05-29,returned,1194.92
1329,470,2025-08-07,shipped,2194.27
1330,119,2025-03-08,placed,896.2
1331,379,2024-01-17,cancelled,3442.75
1332,311,2025-07-21,shipped,881.61
1333,181,2025-11-30,cancelled,3920.29
1334,34,2024-10-01,cancelled,548.88
1335,11,2023-06-20,cancelled,3237.38
1336,113,2023-07-12,returned,1727.3
1337,269,2023-12-31,delivered,2068.89
1338,48,2024-08-28,returned,295.36
1339,241,2023-11-18,cancelled,443.18
1340,52,2023-08-23,delivered,1479.6
1341,79,2025-07-18,returned,943.29
1342,11,2025-03-12,returned,2893.77
1343,366,2025-08-21,shipped,48.76
1344,236,2025-04-02,returned,5580.46
1345,269,2023-04-29,cancelled,352.64
1346,189,2026-01-15,delivered,777.48
1347,154,2024-02-09,delivered,413.44
1348,9,2024-07-16,shipped,2516.72
1349,130,2025-01-19,cancelled,2133.39
1350,28,2023-09-15,delivered,1688.72
1351,100,2026-08-18,delivered,2168.23
1352,168,2026-08-05,delivered,1655.34
1353,281,2025-04-11,returned,2861.38
1354,22,2026-03-05,placed,1729.12
1355,131,2026-08-19,shipped,860.26
1356,136,2024-11-13,cancelled,1831.96
1357,85,2024-09-15,cancelled,1627.16
1358,176,2025-04-21,returned,2495.8
1359,428,2023-10-07,returned,3300.62
1360,303,2023-03-13,delivered,1379.36
1361,259,2023-06-01,delivered,3272.29
1362,475,2023-07-20,placed,2509.8
1363,203,2026-02-08,returned,2316.38
1364,85,2026-05-10,delivered,941.92
1365,408,2024-10-30,placed,1987.36
1366,2,2023-08-03,cancelled,1302.6
1367,45,2026-05-25,placed,657.62
1368,315,2023-03-14,placed,1789.21
1369,150,2024-05-04,returned,1480.83
1370,415,2023-10-09,cancelled,2303.04
1371,108,2023-12-04,shipped,1441.35
1372,353,2025-04-09,delivered,4034.38
1373,431,2026-04-11,delivered,2961.4
1374,402,2024-09-01,shipped,815.27
1375,254,2023-05-21,delivered,741.31
1376,365,2023-03-12,delivered,1712.13
1377,369,2024-12-23,returned,3308.42
1378,428,2023-08-01,returned,870.2
1379,343,2023-02-09,returned,539.17
1380,221,2024-11-23,placed,52.36
1381,445,2023-04-06,delivered,3642.29
1382,103,2023-11-13,placed,1927.94
1383,464,2024-08-20,cancelled,842.42
1384,278,2025-02-18,returned,874.48
1385,437,2024-07-17,placed,2136.57
1386,257,2025-10-01,returned,2154.38
1387,129,2026-04-22,placed,1613.01
1388,263,2023-11-06,cancelled,1113.05
1389,382,2023-05-29,shipped,1367.11
1390,341,2023-11-03,delivered,854.79
1391,243,2023-11-15,cancelled,2343.02
1392,418,2024-07-08,cancelled,1403.4
1393,158,2023-09-26,delivered,2545.33
1394,163,2026-04-12,placed,644.98
1395,160,2023-04-09,returned,2087.86
1396,49,2025-02-25,returned,104.2
1397,415,2023-03-15,delivered,1196.27
1398,9,2024-08-08,cancelled,1167.44
1399,3,2023-10-18,returned,1116.51
1400,271,2025-03-30,delivered,2717.87
1401,131,2023-08-28,returned,2547.36
1402,128,2024-05-16,shipped,747.44
1403,375,2024-09-07,placed,1259.05
1404,106,2023-09-18,cancelled,1204.94
1405,266,2024-04-26,delivered,1866.4
1406,2,2023-12-29,cancelled,1979.13
1407,91,2024-03-27,cancelled,295.31
1408,179,2023-02-13,delivered,2619.3
1409,139,2025-02-03,shipped,3565.62
1410,370,2024-01-13,delivered,3208.64
1411,343,2023-05-30,returned,3413.76
1412,56,2024-09-17,delivered,3280.83
1413,167,2024-07-16,placed,2616.43
1414,53,2025-10-18,returned,2572.24
1415,379,2023-10-23,placed,1442.48
1416,114,2024-02-01,shipped,281.28
1417,144,2023-07-30,returned,1097.2
1418,337,2025-12-03,placed,3449.63
1419,386,2026-07-04,cancelled,1769.27
1420,152,2026-05-02,cancelled,466.72
1421,69,2025-02-15,placed,372.98
1422,388,2025-01-12,delivered,1488.29
1423,392,2023-11-05,shipped,1123.6
1424,86,2024-07-07,delivered,4311.03
1425,409,2024-12-02,placed,2428.63
1426,448,2026-03-04,returned,901.82
1427,118,2023-10-18,returned,801.32
1428,333,2024-09-28,returned,791.72
1429,26,2024-09-13,returned,2251.95
1430,430,2023-01-20,shipped,422.83
1431,370,2024-07-29,returned,699.45
1432,349,2026-03-18,delivered,1204.82
1433,371,2023-11-30,placed,759.98
1434,414,2024-08-06,returned,485.98
1435,413,2023-10-26,placed,2171.43
1436,134,2026-05-31,shipped,604.34
1437,296,2026-06-25,returned,2471.63
1438,21,2026-05-13,returned,1247.29
1439,265,2026-04-22,delivered,3828.35
1440,283,2024-07-15,placed,3015.99
1441,476,2023-03-01,placed,2575.96
1442,243,2026-08-25,cancelled,917.34
1443,33,2025-09-12,cancelled,2448.52
1444,331,2024-11-08,delivered,985.57
1445,448,2024-07-26,placed,2399.37
1446,350,2024-06-13,shipped,1742.1
1447,492,2025-12-24,returned,4446.48
1448,357,2025-07-25,placed,2374.61
1449,422,2023-05-12,delivered,1087.28
1450,114,2024-10-27,shipped,357.1
1451,233,2023-04-22,returned,2315.97
1452,116,2025-10-09,placed,3770.92
1453,369,2025-07-20,returned,216.62
1454,14,2024-06-30,placed,3395.27
1455,146,2023-10-21,returned,1835.0
1456,452,2024-04-26,returned,1807.48
1457,40,2023-11-18,delivered,2309.75
1458,209,2026-09-04,shipped,1024.94
1459,232,2023-01-22,delivered,729.33
1460,275,2025-06-18,cancelled,390.12
1461,173,2023-08-06,shipped,1988.28
1462,484,2024-09-09,shipped,367.7
1463,204,2025-02-05,returned,196.21
1464,351,2025-02-23,cancelled,108.94
1465,90,2026-08-05,shipped,1794.43
1466,249,2024-09-15,cancelled,1943.17
1467,122,2023-07-06,cancelled,2083.83
1468,25,2025-08-03,returned,3322.21
1469,299,2023-09-06,shipped,4725.17
1470,268,2026-03-17,delivered,1030.68
1471,290,2025-04-22,placed,2593.11
1472,414,2025-08-04,shipped,3167.06
1473,12,2023-01-02,returned,4446.34
1474,371,2025-04-23,shipped,2841.67
1475,492,2024-06-01,cancelled,695.84
1476,282,2025-07-17,shipped,4574.63
1477,473,2024-12-14,shipped,1621.32
1478,51,2024-02-03,shipped,993.41
1479,99,2025-10-08,delivered,3462.74
1480,1,2025-07-27,placed,4907.27
1481,422,2025-04-03,placed,1065.08
1482,314,2025-02-12,delivered,429.63
1483,165,2023-10-06,placed,3341.23
1484,144,2025-07-09,delivered,896.52
1485,145,2025-04-13,cancelled,3303.84
1486,211,2024-03-27,shipped,3934.45
1487,269,2026-06-06,returned,851.21
1488,477,2024-11-22,shipped,470.05
1489,105,2026-05-08,shipped,10.46
1490,58,2024-05-04,shipped,1708.94
1491,304,2023-03-11,placed,858.69
1492,499,2024-05-29,placed,2584.54
1493,464,2024-09-17,cancelled,1884.85
1494,100,2023-02-24,delivered,4386.82
1495,435,2024-05-07,returned,1198.21
1496,231,2025-05-21,placed,4410.5
1497,266,2025-08-05,shipped,191.18
1498,74,2025-01-23,placed,728.2
1499,202,2025-11-05,delivered,815.52
1500,230,2023-07-06,placed,1151.3
1501,204,2024-03-26,cancelled,3544.47
1502,278,2024-12-26,cancelled,3356.51
1503,280,2025-05-22,returned,2220.28
1504,101,2025-09-18,returned,1046.26
1505,33,2025-10-08,cancelled,3422.84
1506,101,2026-03-16,cancelled,1027.11
1507,1,2025-08-02,cancelled,1701.3
1508,340,2025-10-09,delivered,2120.7
1509,176,2025-10-19,delivered,2489.68
1510,418,2024-03-06,returned,2375.78
1511,462,2026-04-21,returned,345.56
1512,41,2024-11-07,delivered,2002.62
1513,176,2024-07-22,cancelled,1279.28
1514,114,2023-03-15,delivered,2092.88
1515,165,2024-05-16,cancelled,920.54
1516,58,2024-08-31,cancelled,1834.9
1517,56,2024-11-04,delivered,2009.18
1518,434,2026-01-19,returned,905.72
1519,163,2024-09-23,placed,1429.8
1520,77,2024-12-15,placed,834.04
1521,269,2026-01-14,cancelled,3610.12
1522,490,2026-04-23,delivered,4953.91
1523,174,2024-08-30,returned,3308.39
1524,220,2024-05-09,delivered,441.83
1525,22,2025-06-23,shipped,1470.56
1526,445,2025-07-20,delivered,165.37
1527,247,2026-08-07,placed,2783.58
1528,461,2026-04-01,cancelled,1609.08
1529,148,2023-09-11,shipped,807.34
1530,89,2026-04-03,returned,198.52
1531,33,2023-04-28,shipped,1195.2
1532,320,2024-06-09,placed,443.31
1533,267,2023-08-29,shipped,2143.71
1534,91,2026-07-11,shipped,1793.51
1535,80,2023-04-14,returned,622.42
1536,262,2023-08-10,cancelled,3298.28
1537,235,2023-05-31,shipped,1883.66
1538,475,2023-07-18,placed,1274.96
1539,410,2023-07-22,delivered,2713.58
1540,482,2023-10-02,delivered,1896.53
1541,202,2026-07-03,delivered,1632.83
1542,372,2023-01-31,placed,471.06
1543,83,2024-07-13,placed,1855.68
1544,488,2025-07-06,returned,2411.78
1545,136,2026-06-06,returned,3008.96
1546,274,2024-09-28,cancelled,104.99
1547,143,2024-07-18,delivered,585.83
1548,35,2025-09-18,delivered,797.73
1549,374,2023-01-29,returned,685.74
1550,422,2023-09-12,shipped,1984.52
1551,43,2023-01-30,shipped,2442.47
1552,386,2025-12-13,shipped,62.39
1553,196,2026-01-27,cancelled,51.44
1554,317,2024-11-29,placed,3347.61
1555,173,2024-03-27,shipped,2901.25
1556,350,2025-02-16,cancelled,5127.99
1557,430,2025-05-31,placed,205.38
1558,356,2025-11-23,returned,2881.52
1559,199,2024-10-15,delivered,168.76
1560,247,2025-06-13,placed,1800.79
1561,370,2024-12-13,placed,2074.49
1562,351,2025-01-07,placed,76.44
1563,186,2024-09-07,cancelled,2452.06
1564,129,2025-02-01,cancelled,700.68
1565,2,2026-04-22,placed,385.73
1566,409,2024-02-16,returned,36.38
1567,467,2025-11-26,cancelled,1835.96
1568,76,2023-11-01,returned,487.23
1569,361,2024-05-14,placed,2650.1
1570,417,2024-01-23,delivered,1146.7
1571,290,2026-02-10,cancelled,1878.94
1572,255,2023-07-19,placed,781.11
1573,81,2024-01-18,cancelled,1897.11
1574,359,2026-07-09,cancelled,490.01
1575,207,2025-04-11,cancelled,2319.32
1576,130,2023-08-05,placed,884.55
1577,279,2024-12-20,returned,867.63
1578,162,2023-09-02,shipped,51.88
1579,313,2023-08-24,returned,5600.04
1580,417,2025-08-09,cancelled,2825.17
1581,128,2026-04-30,shipped,1544.34
1582,467,2025-12-03,placed,1333.65
1583,211,2023-08-05,placed,473.44
1584,477,2023-06-07,returned,1031.25
1585,385,2026-08-28,returned,5883.57
1586,156,2025-02-11,returned,803.77
1587,226,2024-08-15,returned,1364.42
1588,243,2024-05-11,placed,1336.76
1589,332,2023-10-03,placed,2545.51
1590,308,2025-08-08,cancelled,3765.53
1591,133,2025-06-13,placed,2680.88
1592,477,2026-08-07,cancelled,4584.85
1593,220,2023-07-18,placed,517.02
1594,82,2024-08-25,delivered,2793.01
1595,451,2026-08-04,cancelled,2181.28
1596,35,2024-12-18,cancelled,49.15
1597,38,2023-06-13,shipped,364.16
1598,387,2023-02-03,returned,1678.8
1599,458,2026-06-05,placed,1572.71
1600,425,2025-10-29,placed,1399.03
1601,316,2026-06-27,placed,3190.61
1602,248,2026-05-31,placed,2269.58
1603,265,2023-07-29,placed,2815.36
1604,280,2026-07-27,cancelled,4048.05
1605,302,2025-01-04,delivered,852.93
1606,352,2024-11-12,cancelled,2178.04
1607,373,2025-05-19,placed,846.84
1608,364,2024-02-02,shipped,501.57
1609,307,2026-04-19,placed,3520.74
1610,350,2026-07-27,delivered,3457.61
1611,175,2025-10-10,returned,1569.4
1612,158,2026-08-29,delivered,613.7
1613,208,2025-06-15,cancelled,868.21
1614,204,2025-12-10,delivered,2096.39
1615,409,2025-09-06,cancelled,2685.12
1616,52,2026-05-24,placed,2852.63
1617,302,2024-03-31,returned,4211.27
1618,368,2023-05-31,cancelled,1164.4
1619,118,2024-10-05,cancelled,2673.3
1620,180,2023-02-23,shipped,2023.49
1621,487,2025-06-30,delivered,523.84
1622,335,2023-06-07,delivered,1611.65
1623,100,2023-02-03,shipped,4104.81
1624,348,2025-04-09,shipped,2598.13
1625,35,2023-10-24,returned,779.89
1626,458,2024-04-25,shipped,1184.61
1627,259,2024-03-14,delivered,2950.77
1628,244,2025-03-28,returned,3191.48
1629,377,2023-09-20,cancelled,4412.23
1630,430,2024-12-08,cancelled,1907.16
1631,90,2025-11-16,delivered,842.34
1632,406,2025-10-27,placed,1063.14
1633,265,2023-09-21,returned,176.1
1634,63,2023-04-23,placed,237.72
1635,456,2026-02-15,placed,933.4
1636,195,2025-06-28,placed,1435.44
1637,63,2026-07-11,placed,2619.83
1638,387,2026-08-04,placed,4759.45
1639,405,2024-06-14,placed,736.0
1640,9,2024-10-21,cancelled,2547.98
1641,353,2025-03-21,placed,3057.07
1642,361,2024-11-18,shipped,3490.49
1643,241,2023-03-17,placed,2337.03
1644,311,2025-06-15,cancelled,544.54
1645,286,2024-06-18,returned,2531.35
1646,460,2025-08-20,cancelled,135.24
1647,483,2024-07-28,placed,1076.34
1648,155,2024-06-02,placed,4916.4
1649,71,2023-01-17,cancelled,2954.86
1650,224,2024-04-08,delivered,1382.77
1651,39,2024-02-19,cancelled,1085.7
1652,188,2024-08-21,delivered,2696.5
1653,24,2025-01-24,delivered,2281.68
1654,26,2023-10-17,placed,2765.54
1655,471,2026-04-08,returned,1901.16
1656,483,2025-09-23,returned,1663.27
1657,313,2024-07-12,shipped,1299.96
1658,70,2024-08-17,shipped,160.36
1659,221,2023-08-09,returned,1807.02
1660,294,2025-09-05,delivered,3767.71
1661,132,2026-04-21,delivered,2886.38
1662,43,2025-09-06,shipped,508.44
1663,79,2024-07-10,delivered,2676.27
1664,471,2026-01-27,shipped,1696.29
1665,129,2025-03-14,delivered,4177.81
1666,475,2023-07-13,delivered,681.75
1667,172,2024-02-12,delivered,335.72
1668,290,2026-08-21,shipped,272.72
1669,171,2024-12-07,delivered,1265.32
1670,159,2024-03-26,placed,1996.15
1671,28,2026-06-08,shipped,1586.3
1672,162,2025-03-04,delivered,998.22
1673,458,2024-05-20,placed,3114.0
1674,31,2023-01-09,placed,377.77
1675,369,2025-05-08,shipped,1209.31
1676,253,2024-01-03,placed,2311.85
1677,202,2023-08-24,delivered,2910.96
1678,314,2024-09-13,delivered,945.9
1679,466,2025-02-02,placed,2282.79
1680,184,2026-05-14,delivered,392.48
1681,31,2023-09-25,cancelled,3217.72
1682,23,2026-01-23,shipped,3477.17
1683,11,2024-01-25,placed,2154.34
1684,195,2024-10-21,delivered,1783.05
1685,339,2026-01-10,returned,327.18
1686,404,2024-02-10,placed,3364.59
1687,228,2025-02-25,shipped,1581.57
1688,473,2024-10-26,cancelled,1394.04
1689,203,2025-09-21,placed,1791.59
1690,73,2023-10-29,cancelled,1880.08
1691,228,2025-11-29,placed,233.4
1692,385,2023-07-27,returned,437.14
1693,491,2024-02-08,shipped,76.84
1694,465,2025-05-10,returned,1451.12
1695,352,2025-05-05,delivered,2712.99
1696,354,2023-06-16,placed,2322.81
1697,298,2025-06-13,cancelled,837.96
1698,264,2024-01-22,shipped,897.44
1699,315,2023-08-30,delivered,1783.77
1700,499,2026-05-03,delivered,2716.29
1701,68,2025-05-16,shipped,1962.92
1702,214,2023-02-08,delivered,602.88
1703,2,2025-10-24,placed,2173.06
1704,115,2024-10-24,shipped,327.62
1705,307,2026-07-28,placed,1179.82
1706,495,2025-03-15,returned,1410.44
1707,8,2024-05-01,returned,1123.2
1708,189,2024-10-07,cancelled,3670.77
1709,399,2024-08-09,delivered,3096.01
1710,97,2023-12-13,shipped,1817.71
1711,76,2025-07-10,delivered,2332.57
1712,285,2026-08-02,delivered,750.88
1713,477,2026-01-04,cancelled,1057.84
1714,293,2024-05-16,cancelled,3235.78
1715,96,2025-09-12,delivered,232.66
1716,134,2023-01-24,shipped,86.78
1717,362,2023-12-15,delivered,4412.0
1718,459,2025-02-20,delivered,3089.69
1719,373,2023-07-16,returned,1928.86
1720,418,2024-09-11,delivered,2069.9
1721,204,2025-07-20,delivered,1040.51
1722,198,2024-04-25,placed,2873.42
1723,155,2023-03-13,delivered,1003.54
1724,465,2024-04-30,placed,250.36
1725,272,2025-05-05,delivered,247.22
1726,478,2026-07-07,returned,3110.19
1727,259,2023-03-07,cancelled,1109.91
1728,211,2024-01-27,delivered,1748.96
1729,166,2025-05-08,cancelled,351.38
1730,24,2023-04-14,delivered,996.04
1731,338,2023-09-18,placed,489.0
1732,350,2025-04-24,shipped,420.38
1733,14,2025-10-24,returned,1703.09
1734,85,2025-03-15,placed,1452.45
1735,266,2023-08-13,cancelled,1874.98
1736,177,2024-03-09,shipped,2313.17
1737,355,2024-02-29,cancelled,906.08
1738,187,2026-02-09,cancelled,330.4
1739,180,2025-12-11,placed,2617.94
1740,103,2023-12-31,cancelled,248.24
1741,80,2025-07-27,cancelled,894.02
1742,286,2024-05-02,returned,2329.65
1743,391,2024-12-19,delivered,3166.98
1744,387,2024-04-17,returned,1259.68
1745,491,2023-07-13,delivered,2893.17
1746,126,2023-07-04,placed,139.42
1747,351,2024-01-14,cancelled,1533.13
1748,335,2025-11-12,returned,2550.78
1749,261,2024-07-07,delivered,2449.57
1750,410,2026-05-22,shipped,216.92
1751,369,2023-08-08,delivered,504.96
1752,140,2023-10-20,placed,1882.78
1753,87,2024-11-07,cancelled,250.48
1754,374,2026-01-22,placed,1225.08
1755,221,2025-12-04,returned,2351.14
1756,309,2025-01-20,shipped,3275.52
1757,357,2025-07-15,returned,3246.41
1758,196,2026-07-04,delivered,817.18
1759,62,2026-02-11,returned,388.42
1760,249,2025-08-15,cancelled,1711.16
1761,496,2025-08-01,returned,2884.15
1762,104,2025-12-14,cancelled,630.96
1763,113,2024-07-14,cancelled,3191.2
1764,493,2026-05-16,cancelled,1470.85
1765,304,2023-06-06,cancelled,534.39
1766,83,2023-06-26,returned,1718.99
1767,41,2023-01-24,delivered,3486.86
1768,132,2024-04-12,placed,1380.8
1769,231,2025-07-17,delivered,1582.73
1770,347,2023-07-06,returned,331.3
1771,371,2024-08-16,cancelled,646.97
1772,458,2026-08-20,returned,2638.98
1773,323,2024-12-04,cancelled,1805.98
1774,291,2026-07-27,cancelled,1547.61
1775,448,2023-08-20,delivered,106.0
1776,443,2024-02-14,cancelled,2144.64
1777,430,2025-09-27,cancelled,1942.28
1778,41,2023-06-09,returned,1161.25
1779,105,2023-06-22,delivered,375.16
1780,128,2025-07-22,shipped,1305.9
1781,231,2025-07-13,returned,3240.3
1782,299,2024-02-18,placed,2105.84
1783,33,2023-10-10,cancelled,1658.02
1784,84,2026-08-11,shipped,2002.65
1785,69,2024-07-24,delivered,1133.09
1786,63,2025-10-22,cancelled,3029.48
1787,30,2023-05-31,shipped,2465.74
1788,88,2023-01-26,shipped,1079.37
1789,487,2024-10-12,shipped,695.79
1790,485,2024-08-02,returned,1441.04
1791,491,2023-09-21,shipped,2073.49
1792,370,2023-02-14,cancelled,3412.08
1793,134,2025-06-05,cancelled,926.4
1794,26,2025-03-08,cancelled,1678.28
1795,447,2024-09-22,placed,1491.33
1796,389,2026-05-06,returned,2952.15
1797,232,2023-02-28,returned,69.35
1798,45,2024-02-10,placed,1932.72
1799,22,2023-01-14,shipped,3667.98
1800,442,2023-05-10,cancelled,1805.23
1801,92,2023-06-16,returned,1902.13
1802,128,2025-03-19,shipped,3513.28
1803,99,2025-02-28,shipped,210.34
1804,149,2023-09-26,delivered,1215.23
1805,238,2025-06-20,placed,1047.57
1806,393,2023-02-09,delivered,1407.0
1807,325,2023-07-15,shipped,1087.79
1808,255,2025-09-29,cancelled,1651.88
1809,43,2024-01-08,shipped,1464.82
1810,341,2025-02-18,returned,2372.87
1811,39,2024-04-18,delivered,599.5
1812,276,2026-02-23,placed,707.32
1813,81,2025-11-15,placed,103.42
1814,425,2025-04-03,shipped,774.36
1815,467,2024-11-09,placed,3293.93
1816,54,2023-04-02,returned,404.28
1817,276,2026-01-06,placed,2624.91
1818,269,2025-10-22,cancelled,1745.19
1819,446,2024-12-11,cancelled,646.14
1820,73,2025-08-20,cancelled,1140.61
1821,24,2026-07-19,delivered,1908.0
1822,481,2023-08-19,returned,2754.87
1823,264,2025-10-10,shipped,33.22
1824,449,2023-01-06,cancelled,1800.24
1825,100,2025-09-01,returned,1105.67
1826,1,2026-05-27,delivered,3836.76
1827,440,2026-05-22,shipped,2236.08
1828,452,2026-02-18,shipped,2760.2
1829,453,2024-09-30,returned,2202.79
1830,259,2025-07-27,shipped,464.0
1831,96,2023-09-06,cancelled,2711.12
1832,86,2025-06-24,placed,2104.56
1833,304,2023-05-25,cancelled,3790.14
1834,421,2026-01-26,cancelled,2365.66
1835,322,2026-08-11,placed,2717.12
1836,156,2024-07-23,placed,2410.58
1837,181,2024-11-22,returned,2170.29
1838,376,2024-07-01,returned,2913.36
1839,455,2025-10-20,placed,1774.0
1840,284,2024-02-27,returned,277.86
1841,427,2024-09-18,delivered,1993.88
1842,342,2024-11-29,returned,2326.34
1843,348,2024-10-28,delivered,2939.15
1844,99,2024-04-30,cancelled,1600.1
1845,324,2024-01-23,shipped,2077.17
1846,341,2025-08-28,delivered,2374.86
1847,467,2023-04-21,delivered,3868.87
1848,326,2024-10-25,delivered,2610.92
1849,50,2024-06-01,shipped,937.16
1850,95,2024-09-06,placed,488.92
1851,399,2025-09-16,shipped,2394.41
1852,300,2025-07-12,delivered,428.82
1853,258,2026-02-04,delivered,1920.38
1854,233,2023-10-31,delivered,1796.07
1855,271,2024-07-01,delivered,181.42
1856,154,2026-08-16,returned,1725.19
1857,272,2024-07-29,shipped,1980.08
1858,90,2026-02-25,cancelled,3203.27
1859,109,2026-04-17,delivered,236.6
1860,352,2025-12-14,cancelled,1674.92
1861,227,2026-06-16,cancelled,1534.28
1862,417,2024-05-08,cancelled,1873.43
1863,464,2023-01-18,delivered,346.3
1864,58,2025-06-25,placed,2884.25
1865,88,2025-06-22,delivered,3344.65
1866,364,2024-06-16,returned,1520.1
1867,226,2024-12-03,returned,2662.66
1868,135,2025-06-28,delivered,431.2
1869,390,2023-06-10,shipped,2822.06
1870,252,2024-06-14,returned,871.02
1871,455,2025-07-23,placed,3558.67
1872,425,2026-08-06,delivered,1193.74
1873,124,2025-09-23,returned,958.94
1874,273,2026-04-14,shipped,1781.59
1875,168,2023-08-15,placed,875.44
1876,176,2024-05-03,returned,3613.24
1877,108,2023-09-25,delivered,1177.29
1878,500,2023-09-27,cancelled,683.79
1879,127,2026-02-08,placed,1050.56
1880,127,2024-06-27,cancelled,5076.01
1881,176,2023-11-09,shipped,480.53
1882,458,2024-07-24,placed,3469.6
1883,287,2024-11-01,returned,1960.64
1884,5,2025-10-24,delivered,568.21
1885,133,2025-10-26,delivered,2145.29
1886,441,2025-03-08,returned,181.4
1887,275,2025-10-13,delivered,4209.97
1888,64,2025-12-12,cancelled,2399.68
1889,421,2026-06-21,delivered,1421.46
1890,303,2024-04-23,returned,3102.54
1891,129,2025-06-15,placed,775.83
1892,179,2026-06-30,shipped,4536.89
1893,313,2026-08-20,placed,1783.83
1894,430,2024-11-18,delivered,167.96
1895,191,2023-07-18,shipped,743.71
1896,200,2024-09-03,delivered,2312.88
1897,52,2023-06-14,placed,3003.58
1898,87,2024-10-19,placed,417.76
1899,411,2023-11-07,cancelled,316.87
1900,239,2026-06-20,cancelled,1572.02
1901,18,2023-02-09,cancelled,1200.43
1902,381,2025-09-18,returned,3444.89
1903,406,2026-01-20,placed,3185.17
1904,75,2024-10-31,shipped,866.47
1905,110,2023-02-05,returned,1968.72
1906,243,2023-08-29,shipped,2383.25
1907,334,2025-03-23,cancelled,1897.63
1908,342,2024-03-15,placed,3179.16
1909,411,2024-02-11,returned,3868.7
1910,133,2025-04-17,placed,1305.13
1911,293,2025-10-18,returned,1121.08
1912,138,2025-06-07,returned,2823.62
1913,439,2024-11-29,placed,1586.22
1914,381,2024-10-23,shipped,17.22
1915,107,2024-09-18,shipped,14.0
1916,266,2024-01-30,cancelled,1225.83
1917,2,2024-10-31,returned,3102.29
1918,234,2024-11-09,returned,3618.64
1919,26,2024-12-30,placed,2656.26
1920,310,2025-12-23,returned,1382.06
1921,413,2024-12-27,placed,330.7
1922,123,2023-01-24,delivered,2272.28
1923,28,2025-10-23,placed,274.32
1924,330,2026-08-24,placed,1002.02
1925,263,2026-03-28,cancelled,3521.86
1926,405,2023-06-10,delivered,1745.94
1927,9,2024-08-27,placed,1456.43
1928,352,2026-02-20,cancelled,788.44
1929,499,2024-08-17,delivered,1800.47
1930,113,2023-02-18,placed,1096.24
1931,16,2023-08-26,placed,728.04
1932,46,2025-06-05,shipped,1420.56
1933,367,2025-11-13,delivered,881.76
1934,167,2026-04-04,shipped,4326.62
1935,437,2023-08-09,delivered,2987.89
1936,133,2024-08-01,shipped,732.02
1937,65,2024-02-24,cancelled,3671.68
1938,361,2024-06-06,cancelled,5152.02
1939,210,2025-10-23,returned,3083.52
1940,19,2025-02-03,cancelled,758.4
1941,248,2024-10-21,delivered,634.6
1942,158,2025-01-14,cancelled,3067.54
1943,132,2024-12-25,returned,2296.21
1944,46,2024-09-23,placed,1552.72
1945,280,2025-01-25,returned,468.96
1946,2,2023-07-30,cancelled,1102.14
1947,443,2023-03-16,returned,1349.44
1948,208,2023-12-20,cancelled,758.13
1949,450,2025-03-05,delivered,747.4
1950,27,2024-05-22,delivered,740.18
1951,229,2025-06-28,returned,3518.15
1952,302,2025-10-27,cancelled,3847.58
1953,146,2024-01-18,cancelled,4328.96
1954,286,2023-03-24,returned,2133.5
1955,283,2025-03-04,returned,1952.36
1956,80,2023-06-22,shipped,787.66
1957,249,2024-05-07,delivered,2209.38
1958,4,2025-12-24,shipped,1530.6
1959,334,2025-02-23,delivered,1570.24
1960,405,2025-10-25,cancelled,2156.29
1961,436,2025-04-20,delivered,1887.94
1962,422,2024-05-26,shipped,3064.26
1963,360,2024-07-29,placed,2725.67
1964,118,2026-08-26,placed,2813.72
1965,391,2024-07-07,returned,1698.2
1966,167,2023-03-17,placed,1369.44
1967,216,2023-11-25,delivered,2430.53
1968,283,2023-11-12,delivered,1739.76
1969,69,2024-02-24,shipped,2201.82
1970,152,2023-04-25,delivered,2452.8
1971,32,2025-07-13,returned,2256.65
1972,250,2026-03-13,delivered,2686.89
1973,344,2023-06-03,shipped,4248.7
1974,427,2023-08-17,delivered,868.64
1975,70,2024-12-24,placed,5170.88
1976,355,2023-02-20,shipped,1881.53
1977,344,2025-06-03,placed,2427.22
1978,133,2024-07-21,placed,2838.64
1979,132,2024-11-22,placed,3063.59
1980,177,2024-07-20,delivered,1128.27
1981,270,2023-01-28,delivered,896.8
1982,106,2024-09-23,shipped,183.68
1983,330,2023-01-30,shipped,2799.8
1984,30,2024-03-01,delivered,1347.04
1985,120,2025-02-05,placed,565.53
1986,93,2024-03-09,cancelled,4436.85
1987,455,2023-05-12,placed,2293.89
1988,351,2024-10-18,placed,216.6
1989,212,2025-07-17,cancelled,1006.64
1990,226,2023-10-04,shipped,2852.76
1991,314,2024-10-29,returned,1584.94
1992,441,2025-12-26,placed,1395.56
1993,153,2025-06-15,returned,3544.39
1994,156,2023-08-12,delivered,593.98
1995,371,2024-02-07,placed,4152.96
1996,432,2026-07-26,shipped,2987.91
1997,81,2023-09-29,delivered,545.52
1998,21,2025-05-04,shipped,1826.35
1999,146,2026-08-02,delivered,1170.16
2000,417,2023-04-12,returned,3108.35
2001,14,2026-02-16,delivered,2097.2
2002,61,2023-10-15,shipped,1044.0
2003,191,2023-12-23,delivered,1161.8
2004,290,2024-02-04,shipped,2033.01
2005,66,2025-02-09,cancelled,1462.38
2006,456,2025-12-17,returned,2774.98
2007,71,2025-04-19,delivered,708.1
2008,33,2026-07-11,delivered,356.43
2009,396,2025-08-22,shipped,153.26
2010,342,2025-02-16,placed,4030.65
2011,121,2025-03-06,delivered,1447.58
2012,221,2024-01-03,cancelled,2363.65
2013,240,2025-01-31,returned,1891.65
2014,278,2024-12-14,shipped,2208.61
2015,137,2024-07-28,cancelled,2024.29
2016,180,2024-04-11,placed,359.14
2017,408,2023-04-14,cancelled,1072.75
2018,390,2026-01-12,delivered,303.09
2019,141,2024-11-09,placed,1497.76
2020,210,2024-02-08,cancelled,1244.64
2021,27,2025-06-10,returned,1787.45
2022,26,2024-02-26,placed,1326.88
2023,11,2024-07-10,returned,1901.32
2024,57,2023-12-04,cancelled,1743.2
2025,201,2024-11-23,delivered,384.3
2026,89,2025-06-21,shipped,1190.71
2027,445,2025-01-05,shipped,1569.62
2028,142,2026-03-29,delivered,465.16
2029,238,2025-04-23,cancelled,2011.17
2030,500,2024-11-24,placed,996.57
2031,428,2023-09-08,cancelled,1874.98
2032,87,2024-11-01,shipped,2806.89
2033,448,2025-06-07,delivered,1267.34
2034,7,2026-01-12,placed,2118.29
2035,17,2026-06-14,returned,290.46
2036,434,2023-12-27,cancelled,461.06
2037,490,2025-05-07,returned,2335.14
2038,494,2025-12-23,delivered,3665.25
2039,419,2026-02-20,returned,2477.39
2040,233,2026-05-03,returned,3856.39
2041,228,2026-06-10,delivered,2955.2
2042,455,2025-09-03,placed,4741.3
2043,258,2023-03-22,delivered,5252.4
2044,327,2023-09-27,delivered,862.95
2045,72,2024-09-13,placed,2865.53
2046,201,2023-11-20,shipped,444.01
2047,484,2025-09-30,returned,2232.19
2048,378,2025-10-25,placed,4142.75
2049,155,2026-02-08,returned,547.8
2050,290,2024-07-05,returned,2460.19
2051,272,2026-03-02,shipped,1578.97
2052,276,2026-05-09,placed,1427.41
2053,334,2025-05-01,delivered,3169.66
2054,153,2026-02-10,placed,1242.1
2055,213,2023-12-25,returned,2384.01
2056,16,2024-01-21,placed,4785.67
2057,351,2023-08-04,placed,2101.71
2058,412,2025-07-12,shipped,4086.76
2059,42,2023-11-14,shipped,1218.6
2060,477,2023-11-17,shipped,1093.0
2061,128,2023-07-21,placed,989.98
2062,193,2023-02-07,cancelled,374.79
2063,163,2025-12-07,shipped,1420.0
2064,418,2024-02-22,cancelled,2809.58
2065,448,2024-10-14,returned,2413.52
2066,238,2026-08-25,returned,3331.81
2067,269,2024-07-21,cancelled,1331.08
2068,204,2026-05-02,placed,2413.96
2069,385,2023-09-29,returned,2111.22
2070,89,2024-01-02,placed,1350.4
2071,26,2023-02-09,cancelled,1551.7
2072,416,2025-11-27,returned,3088.56
2073,381,2024-01-09,shipped,1345.84
2074,119,2025-01-10,placed,3383.51
2075,451,2025-05-15,placed,380.31
2076,479,2023-02-26,placed,4018.94
2077,4,2025-08-29,delivered,854.92
2078,494,2025-11-17,placed,1308.54
2079,251,2023-03-16,cancelled,199.29
2080,45,2026-04-19,returned,995.5
2081,265,2024-02-26,cancelled,912.1
2082,437,2024-02-05,delivered,3083.95
2083,274,2023-03-27,cancelled,669.51
2084,241,2026-07-07,cancelled,1031.53
2085,356,2026-04-20,shipped,532.84
2086,131,2025-06-21,placed,3520.89
2087,128,2026-04-05,returned,325.07
2088,421,2024-06-17,cancelled,31.8
2089,126,2026-02-02,placed,872.77
2090,412,2026-02-06,returned,592.68
2091,202,2023-11-14,shipped,1374.27
2092,279,2025-02-06,returned,1971.85
2093,174,2024-11-03,placed,3040.06
2094,240,2023-06-12,delivered,2471.47
2095,22,2025-06-11,returned,574.47
2096,371,2025-02-19,delivered,873.41
2097,50,2025-11-07,delivered,2551.11
2098,161,2024-12-06,shipped,3914.03
2099,33,2024-10-29,delivered,4146.34
2100,68,2023-05-02,cancelled,2906.39
2101,187,2025-03-17,shipped,165.88
2102,274,2025-11-05,delivered,736.95
2103,285,2024-02-26,cancelled,1043.52
2104,25,2026-01-23,delivered,51.12
2105,203,2025-09-17,shipped,1674.6
2106,111,2025-12-19,returned,494.28
2107,31,2025-09-26,shipped,215.85
2108,312,2026-06-11,delivered,1987.27
2109,58,2023-10-21,returned,134.64
2110,442,2023-05-24,cancelled,2523.36
2111,147,2023-10-15,returned,2816.19
2112,430,2024-01-04,delivered,691.16
2113,359,2024-07-02,cancelled,2236.47
2114,230,2026-03-05,shipped,334.79
2115,118,2023-03-17,placed,1612.03
2116,108,2024-12-17,shipped,2569.9
2117,236,2025-07-29,placed,3249.39
2118,100,2023-06-01,delivered,5454.14
2119,411,2025-01-03,placed,2636.97
2120,310,2024-09-30,cancelled,617.94
2121,96,2023-11-28,returned,1530.06
2122,441,2024-01-09,returned,676.5
2123,274,2025-11-20,delivered,535.66
2124,129,2023-07-14,placed,235.68
2125,409,2024-09-30,shipped,3281.07
2126,138,2024-05-09,delivered,1120.94
2127,354,2024-02-19,returned,4819.24
2128,372,2025-05-17,shipped,1885.36
2129,213,2026-05-01,returned,1858.6
2130,374,2023-02-16,cancelled,107.63
2131,186,2025-09-20,placed,798.51
2132,408,2025-12-09,delivered,1727.3
2133,153,2023-03-15,placed,999.52
2134,389,2026-05-18,delivered,4375.35
2135,340,2025-06-21,delivered,3574.71
2136,112,2023-12-07,returned,4211.93
2137,8,2024-06-01,delivered,2957.85
2138,368,2025-05-08,returned,2851.67
2139,358,2025-07-30,shipped,2237.93
2140,476,2026-04-28,shipped,2555.18
2141,66,2025-07-09,shipped,1145.77
2142,131,2024-12-19,returned,2085.78
2143,352,2023-11-14,cancelled,2017.51
2144,73,2024-08-17,cancelled,282.16
2145,51,2023-01-11,cancelled,4343.59
2146,268,2026-07-15,cancelled,2543.35
2147,141,2026-05-31,placed,1057.08
2148,173,2026-05-18,returned,996.71
2149,132,2024-02-09,delivered,3204.9
2150,468,2026-06-12,returned,1739.07
2151,319,2025-10-13,delivered,1709.37
2152,277,2024-02-04,returned,5106.49
2153,445,2026-03-01,returned,2072.04
2154,469,2023-08-04,placed,2612.24
2155,347,2024-08-12,placed,579.27
2156,334,2024-03-02,placed,1707.16
2157,144,2025-12-27,returned,845.94
2158,79,2025-05-16,placed,2142.57
2159,236,2025-11-26,delivered,4259.63
2160,413,2024-01-04,delivered,335.16
2161,332,2023-04-18,shipped,1808.25
2162,388,2025-11-13,delivered,1788.2
2163,228,2024-10-22,shipped,379.96
2164,303,2025-09-17,shipped,490.95
2165,272,2026-05-30,placed,3049.54
2166,476,2024-03-23,shipped,1711.08
2167,320,2024-07-21,returned,3049.44
2168,455,2026-05-19,returned,2292.97
2169,161,2023-05-15,shipped,3478.93
2170,286,2023-08-04,returned,1696.28
2171,269,2023-12-17,placed,1406.94
2172,349,2023-03-31,placed,593.72
2173,414,2024-07-19,returned,1697.72
2174,402,2025-09-07,placed,3905.25
2175,113,2025-01-06,cancelled,625.4
2176,464,2024-03-15,returned,2287.29
2177,212,2025-07-23,returned,942.35
2178,227,2025-10-21,shipped,841.46
2179,337,2025-05-12,shipped,520.29
2180,22,2023-09-04,delivered,1374.31
2181,160,2024-08-18,delivered,2206.94
2182,102,2025-05-11,cancelled,5024.32
2183,448,2023-01-05,shipped,1754.76
2184,263,2023-09-26,delivered,3072.19
2185,219,2024-02-15,delivered,451.48
2186,69,2025-02-12,returned,2375.52
2187,362,2023-05-29,shipped,2774.67
2188,421,2023-12-02,shipped,266.76
2189,178,2025-08-17,delivered,5384.22
2190,324,2025-10-28,returned,1746.04
2191,227,2025-05-22,placed,1428.34
2192,483,2023-06-24,delivered,1259.1
2193,342,2025-03-09,cancelled,1645.18
2194,148,2024-07-05,shipped,1861.23
2195,384,2026-06-16,placed,3609.14
2196,488,2024-08-29,placed,1123.71
2197,469,2026-03-19,shipped,1681.15
2198,279,2023-06-29,placed,1944.44
2199,284,2023-08-22,shipped,1763.37
2200,207,2025-03-08,placed,1321.08
2201,436,2024-03-16,cancelled,777.27
2202,66,2024-01-14,cancelled,2895.98
2203,325,2023-04-24,delivered,1559.54
2204,24,2024-05-09,placed,543.45
2205,374,2024-06-12,shipped,2938.69
2206,154,2024-05-22,cancelled,706.38
2207,379,2026-01-26,placed,2012.56
2208,302,2025-02-05,cancelled,3155.77
2209,218,2023-01-28,placed,2788.9
2210,34,2023-01-31,delivered,1551.96
2211,8,2025-01-20,cancelled,3854.96
2212,220,2025-04-02,returned,898.94
2213,101,2023-11-04,placed,3887.61
2214,10,2023-04-30,delivered,2300.82
2215,14,2024-09-13,cancelled,2362.57
2216,106,2023-12-18,returned,874.96
2217,164,2026-02-18,shipped,1985.9
2218,158,2023-03-08,shipped,470.24
2219,265,2025-04-10,cancelled,250.82
2220,307,2025-03-17,delivered,1962.78
2221,153,2023-07-20,returned,2091.49
2222,385,2026-07-11,cancelled,1095.6
2223,91,2023-08-17,cancelled,2277.95
2224,214,2025-02-01,cancelled,1225.21
2225,450,2023-01-19,cancelled,1496.6
2226,325,2024-12-07,returned,3376.76
2227,358,2025-11-05,cancelled,955.82
2228,169,2026-06-01,returned,3150.8
2229,386,2026-01-16,returned,180.47
2230,115,2024-10-26,returned,1795.92
2231,264,2023-10-29,shipped,1315.63
2232,141,2023-10-01,returned,4401.07
2233,101,2026-06-25,returned,2460.43
2234,360,2025-12-29,delivered,690.68
2235,203,2023-12-24,returned,2585.23
2236,291,2025-09-30,cancelled,913.96
2237,345,2024-05-28,placed,397.82
2238,398,2024-08-02,shipped,5818.33
2239,106,2023-10-05,delivered,766.12
2240,6,2023-10-17,delivered,4998.88
2241,17,2026-01-12,placed,2330.29
2242,108,2025-09-03,delivered,386.92
2243,481,2023-09-12,returned,136.36
2244,166,2023-08-31,cancelled,396.4
2245,60,2025-12-01,shipped,791.77
2246,156,2023-02-08,cancelled,148.22
2247,62,2026-08-04,shipped,2978.63
2248,37,2023-11-13,shipped,2043.19
2249,146,2024-08-29,placed,91.58
2250,172,2023-11-30,shipped,2820.34
2251,173,2025-02-22,shipped,2295.72
2252,415,2025-05-19,placed,2734.85
2253,322,2023-04-26,delivered,4396.5
2254,45,2024-09-22,cancelled,900.44
2255,14,2026-03-17,delivered,888.86
2256,194,2026-08-02,returned,2472.52
2257,307,2024-06-18,placed,463.4
2258,369,2023-10-13,placed,148.6
2259,74,2024-05-30,returned,830.84
2260,242,2024-07-22,delivered,426.8
2261,140,2025-03-13,placed,686.76
2262,411,2023-04-09,placed,1359.25
2263,423,2025-01-18,delivered,2781.02
2264,4,2023-03-12,cancelled,1775.73
2265,475,2026-06-05,returned,448.0
2266,53,2024-09-24,returned,2149.83
2267,135,2024-04-21,delivered,2513.73
2268,114,2025-03-25,delivered,2625.06
2269,318,2025-06-20,cancelled,3862.23
2270,469,2025-12-14,cancelled,1761.29
2271,309,2025-08-11,cancelled,1613.82
2272,232,2025-12-24,delivered,919.88
2273,287,2023-01-08,placed,1784.08
2274,316,2024-11-09,returned,2157.88
2275,256,2024-05-26,shipped,2228.24
2276,3,2026-08-06,placed,2729.03
2277,204,2025-06-21,returned,483.27
2278,145,2023-06-27,returned,835.76
2279,289,2026-04-14,cancelled,259.35
2280,232,2023-02-25,placed,1247.75
2281,150,2023-08-30,delivered,694.57
2282,116,2023-08-17,placed,1738.92
2283,51,2024-10-24,cancelled,1881.25
2284,184,2024-03-31,shipped,4506.43
2285,301,2024-09-21,shipped,1386.66
2286,317,2023-05-01,shipped,1587.19
2287,193,2025-08-12,shipped,2491.29
2288,33,2024-08-04,returned,1347.82
2289,112,2023-12-16,shipped,3142.52
2290,274,2024-02-26,placed,2244.93
2291,61,2026-08-08,returned,2714.79
2292,220,2024-11-01,cancelled,2189.5
2293,421,2026-08-01,delivered,1887.33
2294,349,2024-01-13,cancelled,1272.56
2295,105,2024-04-29,delivered,478.32
2296,300,2024-08-01,shipped,1641.08
2297,265,2026-04-28,delivered,2937.58
2298,396,2023-12-20,shipped,3428.33
2299,387,2026-01-19,returned,2604.02
2300,175,2026-05-30,shipped,4368.5
2301,407,2024-11-25,shipped,2402.56
2302,428,2024-08-08,delivered,3210.48
2303,411,2023-08-10,returned,1890.96
2304,212,2025-09-17,returned,1957.68
2305,74,2024-10-22,placed,3362.85
2306,111,2026-06-30,delivered,2086.95
2307,96,2025-01-16,shipped,1080.72
2308,177,2026-05-25,cancelled,2378.61
2309,99,2025-05-05,cancelled,948.82
2310,368,2024-08-14,cancelled,2578.1
2311,58,2023-09-11,placed,1174.25
2312,138,2023-03-15,shipped,1645.74
2313,354,2023-09-04,returned,4901.56
2314,307,2024-09-24,shipped,1377.09
2315,144,2023-08-08,returned,154.12
2316,319,2024-09-19,delivered,380.46
2317,423,2023-06-05,placed,448.29
2318,57,2026-04-18,cancelled,1371.37
2319,327,2024-10-27,placed,139.61
2320,33,2024-08-16,delivered,1049.54
2321,235,2026-08-21,delivered,740.03
2322,230,2025-01-23,placed,844.5
2323,53,2024-09-07,cancelled,781.2
2324,200,2023-06-01,cancelled,3246.61
2325,446,2025-08-25,placed,2806.89
2326,35,2023-07-18,returned,1632.39
2327,304,2024-04-14,returned,497.34
2328,464,2023-10-01,cancelled,2649.95
2329,107,2024-01-17,placed,956.82
2330,423,2026-01-27,cancelled,1133.9
2331,36,2025-10-04,delivered,201.78
2332,266,2026-01-10,delivered,2391.94
2333,370,2025-01-27,placed,2498.11
2334,390,2025-06-10,returned,1528.43
2335,309,2023-10-13,placed,77.48
2336,25,2026-09-03,shipped,928.8
2337,338,2023-01-06,cancelled,3197.79
2338,205,2025-10-27,cancelled,1441.33
2339,366,2023-08-31,delivered,2788.92
2340,187,2026-05-22,shipped,2410.39
2341,186,2023-11-27,delivered,1017.5
2342,50,2024-10-31,placed,424.86
2343,16,2023-05-07,returned,710.32
2344,293,2024-03-17,shipped,1495.89
2345,458,2024-01-18,placed,4787.59
2346,123,2026-08-11,shipped,471.49
2347,487,2023-06-13,cancelled,1175.36
2348,276,2024-05-17,delivered,1631.98
2349,377,2026-06-02,shipped,1334.88
2350,45,2023-05-23,delivered,3062.86
2351,451,2024-03-10,shipped,2897.68
2352,391,2023-02-08,shipped,33.15
2353,20,2024-09-10,returned,75.3
2354,228,2025-08-09,returned,405.72
2355,159,2024-10-06,returned,342.56
2356,488,2025-04-24,delivered,628.74
2357,26,2023-12-28,returned,1909.79
2358,46,2025-06-03,shipped,2831.46
2359,179,2024-03-18,returned,3569.96
2360,425,2023-02-28,placed,677.6
2361,380,2025-04-16,shipped,1004.44
2362,104,2024-08-31,returned,4536.09
2363,183,2026-06-27,placed,865.72
2364,354,2026-09-05,placed,4134.04
2365,401,2026-05-03,shipped,2212.25
2366,204,2025-12-07,placed,1312.41
2367,175,2023-06-23,returned,2169.3
2368,474,2026-03-06,placed,1485.18
2369,489,2025-12-13,shipped,2133.55
2370,309,2024-01-16,shipped,1554.88
2371,329,2025-12-08,placed,374.34
2372,7,2025-09-26,placed,2141.75
2373,421,2025-01-05,placed,2251.32
2374,360,2025-03-20,returned,3120.32
2375,391,2023-05-05,delivered,2974.38
2376,253,2023-12-09,shipped,796.71
2377,336,2023-11-19,cancelled,4111.18
2378,438,2025-11-02,cancelled,3314.75
2379,261,2024-06-20,returned,2983.2
2380,333,2023-01-28,delivered,3345.78
2381,371,2023-10-07,delivered,2375.65
2382,422,2024-06-06,placed,287.56
2383,470,2024-06-24,returned,1265.53
2384,251,2025-05-19,shipped,2166.76
2385,326,2026-07-06,placed,1375.83
2386,72,2023-07-27,cancelled,3299.69
2387,141,2024-02-06,shipped,3435.85
2388,27,2025-12-12,returned,1199.33
2389,388,2025-09-16,cancelled,294.38
2390,166,2026-05-23,placed,525.87
2391,184,2026-04-29,delivered,1691.84
2392,96,2025-03-22,returned,415.6
2393,227,2024-04-27,delivered,4303.0
2394,132,2023-05-10,placed,334.95
2395,402,2024-05-08,cancelled,3368.91
2396,224,2023-09-26,cancelled,63.24
2397,169,2024-08-21,returned,2730.53
2398,177,2024-06-05,placed,903.58
2399,75,2023-12-27,returned,592.66
2400,393,2025-03-17,delivered,2285.94
2401,100,2023-05-02,placed,4656.83
2402,348,2024-07-21,placed,1181.74
2403,401,2024-05-09,delivered,858.66
2404,261,2023-09-08,placed,1413.96
2405,461,2025-04-27,placed,1146.43
2406,264,2023-05-05,cancelled,1624.79
2407,91,2024-11-20,placed,2054.82
2408,285,2026-08-01,returned,962.37
2409,451,2025-06-28,placed,875.46
2410,333,2025-05-20,placed,1916.21
2411,371,2025-08-17,shipped,479.04
2412,37,2026-06-04,placed,464.29
2413,51,2024-12-09,shipped,2613.1
2414,431,2025-05-19,placed,2306.93
2415,378,2023-04-23,cancelled,4097.86
2416,52,2024-09-21,placed,1295.99
2417,191,2023-04-17,placed,313.0
2418,409,2025-12-13,delivered,1853.24
2419,59,2024-02-08,returned,1910.44
2420,351,2026-08-15,placed,4954.92
2421,191,2025-07-08,delivered,3452.79
2422,493,2024-02-08,placed,2644.64
2423,488,2023-12-01,placed,1562.68
2424,351,2024-07-28,delivered,311.98
2425,204,2025-02-03,returned,2436.85
2426,283,2025-01-10,returned,1514.92
2427,472,2026-05-17,shipped,2678.53
2428,86,2024-11-21,cancelled,903.48
2429,144,2024-11-17,placed,191.67
2430,480,2024-07-09,shipped,2505.43
2431,396,2024-09-16,cancelled,1020.57
2432,270,2025-08-26,returned,3365.4
2433,210,2025-12-28,delivered,1567.04
2434,125,2024-04-22,placed,2312.0
2435,306,2025-02-26,delivered,1054.69
2436,219,2025-10-30,cancelled,637.28
2437,315,2023-01-22,returned,1898.38
2438,84,2025-09-22,returned,3139.03
2439,421,2024-09-14,shipped,2190.01
2440,359,2025-11-22,shipped,2464.81
2441,94,2026-02-06,shipped,1811.54
2442,49,2023-03-02,delivered,3000.4
2443,220,2024-07-13,delivered,1277.51
2444,236,2025-08-04,cancelled,250.12
2445,106,2024-02-26,shipped,3193.6
2446,334,2025-08-31,shipped,967.34
2447,32,2025-10-14,cancelled,491.14
2448,279,2024-08-27,placed,593.27
2449,144,2025-12-21,shipped,2052.25
2450,173,2024-04-03,cancelled,917.89
2451,240,2026-05-18,placed,907.59
2452,423,2025-12-24,shipped,931.7
2453,490,2023-10-11,shipped,2635.92
2454,397,2023-04-16,shipped,2238.67
2455,157,2026-08-13,shipped,1931.82
2456,98,2023-12-15,shipped,2314.3
2457,314,2025-06-24,delivered,1556.56
2458,186,2024-08-06,delivered,2618.86
2459,484,2023-01-25,shipped,1696.92
2460,219,2024-06-14,returned,1683.16
2461,282,2023-01-18,returned,804.03
2462,282,2025-05-31,returned,4384.18
2463,210,2024-09-10,placed,2783.88
2464,111,2024-06-28,returned,3346.4
2465,1,2025-06-02,delivered,1888.48
2466,352,2025-09-27,placed,2744.0
2467,168,2025-09-02,placed,2530.85
2468,160,2024-02-11,placed,1516.09
2469,426,2025-12-28,returned,4152.7
2470,89,2025-04-08,cancelled,1599.73
2471,209,2025-07-17,returned,407.8
2472,263,2026-07-18,delivered,460.64
2473,296,2025-06-26,cancelled,3181.96
2474,25,2025-12-17,shipped,1699.58
2475,400,2023-04-28,returned,1004.94
2476,366,2023-07-01,placed,5302.26
2477,199,2023-09-14,shipped,5644.64
2478,333,2026-01-01,shipped,1991.2
2479,446,2025-07-24,placed,1519.32
2480,136,2023-09-10,shipped,945.16
2481,42,2023-02-06,delivered,1765.11
2482,24,2024-10-08,returned,1375.91
2483,149,2023-07-15,delivered,2233.78
2484,67,2023-11-21,cancelled,1995.68
2485,300,2026-02-05,delivered,3009.55
2486,384,2026-02-27,cancelled,1142.81
2487,392,2024-12-24,cancelled,2806.56
2488,176,2023-04-26,returned,2537.87
2489,147,2025-10-31,placed,1863.58
2490,182,2023-07-19,placed,1393.6
2491,445,2024-07-21,shipped,394.37
2492,234,2023-06-06,delivered,1449.01
2493,116,2026-04-27,returned,2782.56
2494,471,2025-09-19,delivered,18.58
2495,182,2024-08-21,returned,2488.2
2496,319,2024-10-13,returned,3149.6
2497,498,2023-01-27,returned,2665.41
2498,160,2024-08-27,returned,1709.26
2499,449,2023-11-23,delivered,2553.35
2500,46,2024-02-01,shipped,1631.46
2501,28,2026-01-19,placed,466.7
2502,52,2024-06-10,placed,4399.63
2503,156,2024-03-24,placed,2179.74
2504,498,2023-05-18,placed,2390.88
2505,64,2026-02-13,cancelled,5334.38
2506,16,2024-08-03,returned,1126.55
2507,6,2024-07-12,delivered,2360.63
2508,492,2024-10-28,cancelled,3070.58
2509,75,2025-02-16,returned,1035.67
2510,76,2025-09-09,returned,1563.14
2511,135,2026-09-04,cancelled,1189.41
2512,49,2023-02-19,cancelled,2636.77
2513,196,2024-06-21,delivered,1635.68
2514,410,2024-11-20,shipped,2289.71
2515,390,2025-08-31,delivered,3134.76
2516,120,2026-06-11,delivered,2097.38
2517,374,2026-05-01,cancelled,5988.38
2518,77,2026-03-12,returned,1593.66
2519,462,2023-11-08,placed,162.72
2520,192,2023-03-23,shipped,649.23
2521,373,2023-01-26,delivered,2573.72
2522,138,2025-02-13,delivered,3451.54
2523,82,2025-01-13,returned,3584.41
2524,390,2023-12-26,placed,860.32
2525,172,2025-05-21,shipped,1744.15
2526,58,2026-04-10,returned,1375.47
2527,57,2023-06-07,cancelled,1691.87
2528,80,2025-04-16,shipped,1326.14
2529,211,2025-05-18,returned,662.31
2530,356,2024-08-25,placed,140.92
2531,407,2024-08-09,shipped,484.87
2532,124,2023-08-05,delivered,3338.09
2533,456,2025-09-03,cancelled,3632.26
2534,33,2024-09-22,placed,3963.22
2535,370,2024-08-11,shipped,3074.94
2536,190,2024-11-13,cancelled,1420.46
2537,458,2025-02-28,returned,1369.66
2538,142,2025-07-09,returned,3011.52
2539,186,2026-05-23,delivered,2604.66
2540,222,2026-02-21,returned,1834.8
2541,485,2025-08-19,shipped,1330.87
2542,487,2024-09-21,delivered,3314.65
2543,420,2026-04-01,delivered,3678.23
2544,202,2025-08-29,returned,2400.21
2545,179,2024-06-08,returned,736.68
2546,307,2024-07-14,delivered,1774.57
2547,123,2026-06-18,shipped,1557.86
2548,50,2025-05-26,delivered,4987.64
2549,266,2024-04-29,shipped,1767.78
2550,236,2024-09-26,delivered,3759.8
2551,92,2026-07-28,returned,988.62
2552,395,2023-08-06,returned,3586.48
2553,305,2023-10-06,cancelled,229.96
2554,69,2025-07-17,returned,4710.58
2555,159,2023-04-26,shipped,3500.97
2556,420,2024-10-11,placed,1242.35
2557,397,2023-08-21,cancelled,2319.6
2558,343,2023-07-30,cancelled,1698.4
2559,260,2024-10-23,returned,1470.78
2560,82,2025-12-02,cancelled,1583.64
2561,280,2026-06-21,returned,1286.04
2562,136,2024-10-25,delivered,1024.6
2563,196,2023-11-12,cancelled,452.15
2564,423,2025-01-18,returned,450.12
2565,488,2026-09-05,cancelled,4178.03
2566,166,2024-04-27,delivered,96.37
2567,87,2023-12-17,returned,1861.14
2568,203,2025-06-28,delivered,2709.42
2569,194,2023-08-23,shipped,3458.06
2570,337,2026-03-01,delivered,1631.56
2571,114,2024-11-07,placed,1590.08
2572,132,2025-12-20,returned,2567.48
2573,129,2024-03-29,returned,1297.44
2574,118,2023-06-03,delivered,1725.78
2575,64,2023-11-01,returned,844.59
2576,52,2025-01-25,shipped,1599.4
2577,327,2024-10-15,cancelled,1504.21
2578,58,2026-08-28,cancelled,2064.32
2579,424,2025-11-20,delivered,500.95
2580,412,2025-10-31,delivered,517.05
2581,130,2025-11-01,cancelled,1189.92
2582,488,2025-01-18,returned,1213.52
2583,177,2026-04-19,cancelled,1392.61
2584,230,2026-02-20,cancelled,5010.93
2585,336,2026-03-20,returned,4105.16
2586,370,2025-03-23,cancelled,2803.2
2587,460,2023-05-20,returned,1055.85
2588,225,2023-03-09,shipped,495.46
2589,199,2026-06-25,placed,2925.09
2590,212,2025-12-09,placed,244.64
2591,295,2026-07-17,cancelled,2064.47
2592,350,2025-10-12,returned,793.83
2593,297,2026-08-02,placed,4399.21
2594,266,2025-11-16,shipped,3435.53
2595,106,2025-03-30,returned,3189.24
2596,64,2026-02-27,shipped,1124.28
2597,74,2023-05-17,shipped,2340.98
2598,177,2025-01-25,shipped,2255.71
2599,307,2024-11-12,delivered,375.03
2600,367,2023-08-13,placed,391.92
2601,454,2023-06-08,returned,1811.4
2602,186,2023-10-04,delivered,2061.97
2603,410,2024-05-01,placed,2436.84
2604,128,2025-09-05,placed,2655.92
2605,242,2025-08-09,returned,2325.32
2606,58,2025-10-21,cancelled,1498.52
2607,22,2024-10-31,shipped,2693.16
2608,485,2026-03-15,delivered,801.78
2609,318,2023-07-27,shipped,617.61
2610,68,2024-05-03,cancelled,1323.44
2611,88,2026-01-05,placed,578.84
2612,278,2023-06-15,shipped,1671.99
2613,353,2023-09-29,returned,729.32
2614,305,2026-07-27,shipped,1738.9
2615,52,2025-10-30,returned,2172.73
2616,293,2023-01-09,shipped,554.22
2617,370,2026-01-26,delivered,2394.7
2618,426,2024-09-28,delivered,3287.77
2619,109,2024-01-21,returned,4012.04
2620,154,2023-08-19,returned,2922.7
2621,488,2023-12-24,cancelled,2547.2
2622,453,2025-08-19,delivered,3141.4
2623,386,2024-07-11,delivered,800.92
2624,116,2025-04-25,delivered,1849.91
2625,182,2023-11-26,cancelled,1048.6
2626,399,2025-10-09,shipped,1315.4
2627,307,2024-12-12,shipped,360.33
2628,138,2025-11-24,placed,235.23
2629,124,2023-07-05,placed,385.0
2630,94,2024-07-30,cancelled,2215.25
2631,268,2026-05-18,delivered,906.11
2632,157,2026-04-21,shipped,1766.17
2633,351,2026-07-03,cancelled,3135.82
2634,400,2024-11-24,shipped,1207.27
2635,432,2025-07-05,cancelled,1822.0
2636,146,2026-06-22,shipped,1973.0
2637,384,2024-08-17,placed,2675.02
2638,438,2025-11-01,shipped,2358.14
2639,120,2025-08-22,delivered,994.38
2640,244,2024-11-26,delivered,298.44
2641,420,2023-04-04,cancelled,1612.89
2642,205,2024-03-30,placed,1756.62
2643,188,2024-06-23,delivered,1224.07
2644,78,2025-11-04,delivered,568.51
2645,120,2024-08-06,returned,295.26
2646,433,2024-06-12,shipped,2310.34
2647,448,2023-02-19,cancelled,1719.48
2648,161,2026-05-24,delivered,2843.18
2649,402,2023-07-22,cancelled,285.56
2650,437,2025-02-11,placed,3226.68
2651,79,2026-08-07,placed,2367.79
2652,352,2026-08-10,shipped,2009.97
2653,376,2025-12-09,shipped,2483.67
2654,261,2026-03-23,cancelled,3865.1
2655,389,2026-07-31,returned,1391.25
2656,99,2024-07-17,cancelled,1309.68
2657,365,2026-04-05,placed,4342.65
2658,457,2025-07-30,placed,2221.72
2659,36,2026-03-20,returned,2589.91
2660,312,2025-08-27,delivered,1435.18
2661,69,2024-02-26,delivered,3763.78
2662,286,2024-04-07,cancelled,841.26
2663,56,2026-01-16,delivered,1502.75
2664,192,2026-04-24,delivered,1556.31
2665,301,2025-03-31,returned,1340.1
2666,245,2023-07-17,shipped,1383.63
2667,113,2024-06-26,placed,149.07
2668,161,2025-05-15,shipped,4707.53
2669,184,2026-04-07,placed,2073.46
2670,147,2025-04-19,placed,2065.26
2671,378,2025-04-10,placed,1820.28
2672,364,2024-08-17,returned,583.32
2673,250,2024-04-09,returned,3177.8
2674,415,2025-12-27,delivered,1882.35
2675,429,2025-05-21,cancelled,593.34
2676,154,2025-11-08,delivered,419.61
2677,447,2026-03-30,placed,2403.93
2678,401,2023-04-24,placed,3168.88
2679,497,2024-12-23,placed,404.31
2680,57,2024-06-08,returned,474.64
2681,176,2025-08-24,placed,1118.04
2682,231,2026-03-28,placed,2598.11
2683,135,2024-11-30,delivered,3845.77
2684,14,2024-12-27,shipped,425.88
2685,483,2023-10-15,shipped,502.59
2686,418,2024-11-18,cancelled,1307.88
2687,482,2024-02-24,placed,3729.0
2688,85,2024-04-02,delivered,232.72
2689,226,2025-05-04,delivered,4179.27
2690,55,2023-02-01,placed,27.76
2691,37,2026-04-11,cancelled,2247.62
2692,38,2024-12-26,cancelled,1667.64
2693,19,2023-12-14,delivered,3891.91
2694,266,2026-01-23,delivered,4400.64
2695,465,2024-02-13,placed,390.88
2696,207,2024-07-22,delivered,2743.16
2697,234,2024-11-10,shipped,961.92
2698,445,2025-09-10,delivered,3936.22
2699,125,2026-02-05,returned,1249.84
2700,41,2023-12-16,shipped,4505.32
2701,221,2024-11-13,placed,1384.29
2702,63,2023-06-16,cancelled,1134.75
2703,190,2025-10-13,delivered,1637.75
2704,122,2026-06-19,delivered,2271.97
2705,299,2024-08-26,shipped,1171.83
2706,28,2025-02-08,placed,392.97
2707,408,2023-01-08,placed,644.85
2708,213,2024-03-31,placed,2313.99
2709,193,2023-11-14,returned,5463.79
2710,481,2025-09-29,delivered,2026.94
2711,11,2025-02-20,cancelled,461.01
2712,197,2025-08-18,placed,544.37
2713,224,2026-06-14,returned,533.54
2714,237,2025-06-13,cancelled,1175.8
2715,176,2026-02-09,shipped,4057.9
2716,465,2023-11-11,returned,4104.72
2717,447,2024-02-07,placed,228.58
2718,219,2025-06-15,delivered,163.63
2719,256,2025-12-31,cancelled,1058.19
2720,305,2025-02-08,placed,3910.45
2721,9,2023-07-08,delivered,2894.26
2722,261,2024-05-22,delivered,91.73
2723,164,2025-09-18,delivered,5317.51
2724,493,2023-05-22,shipped,1578.11
2725,494,2024-11-25,cancelled,313.88
2726,182,2023-09-16,cancelled,1555.52
2727,490,2025-11-12,shipped,582.26
2728,86,2024-09-02,delivered,2200.54
2729,149,2023-07-16,returned,326.8
2730,71,2024-07-26,returned,2911.2
2731,81,2024-07-07,returned,185.78
2732,59,2023-05-04,returned,2837.4
2733,215,2024-07-25,placed,2038.35
2734,450,2023-06-24,delivered,1703.6
2735,393,2023-10-16,returned,1857.63
2736,114,2023-04-15,placed,1945.61
2737,10,2025-06-28,cancelled,542.52
2738,238,2024-06-25,placed,445.86
2739,377,2025-01-21,delivered,1823.02
2740,61,2025-11-12,delivered,328.83
2741,494,2026-03-17,cancelled,1779.45
2742,429,2025-02-24,returned,2662.23
2743,379,2025-05-05,placed,1013.14
2744,469,2026-09-01,delivered,1235.6
2745,361,2025-07-15,returned,3103.27
2746,304,2026-06-27,cancelled,153.48
2747,456,2025-09-10,delivered,1814.33
2748,394,2024-07-14,delivered,1582.28
2749,307,2023-08-07,returned,787.4
2750,304,2024-11-10,returned,3085.25
2751,227,2024-10-13,delivered,2150.32
2752,20,2024-09-07,placed,539.48
2753,469,2026-07-25,returned,945.9
2754,260,2024-11-20,returned,2621.81
2755,325,2024-12-12,delivered,4150.83
2756,494,2025-07-22,returned,3687.61
2757,241,2024-09-04,shipped,4785.62
2758,159,2023-02-13,delivered,817.92
2759,464,2023-07-30,shipped,4284.49
2760,16,2025-01-21,delivered,2354.59
2761,327,2026-05-23,returned,740.48
2762,438,2023-06-09,delivered,3242.82
2763,112,2026-02-19,delivered,66.22
2764,227,2023-05-29,placed,1171.63
2765,81,2024-05-11,shipped,849.27
2766,301,2024-01-25,returned,2190.31
2767,350,2024-12-03,cancelled,2008.83
2768,305,2023-06-08,placed,421.38
2769,218,2024-02-14,returned,1697.15
2770,77,2024-05-18,placed,237.78
2771,38,2024-01-31,shipped,3920.5
2772,306,2023-02-07,placed,643.77
2773,208,2023-07-12,placed,1566.94
2774,324,2025-11-19,placed,1385.34
2775,166,2024-07-20,delivered,3063.65
2776,250,2026-06-13,cancelled,154.58
2777,92,2024-02-15,shipped,3483.25
2778,289,2024-01-17,cancelled,881.13
2779,35,2023-09-04,delivered,32.63
2780,300,2025-09-21,shipped,2402.46
2781,38,2023-01-03,returned,1128.97
2782,81,2025-01-05,returned,771.22
2783,460,2023-04-01,returned,940.87
2784,400,2023-03-02,placed,2398.44
2785,100,2024-10-08,shipped,2432.75
2786,284,2024-02-21,placed,2460.81
2787,433,2024-08-30,returned,2397.91
2788,112,2024-03-30,cancelled,2499.61
2789,464,2024-05-22,returned,3801.82
2790,388,2026-01-26,cancelled,1026.06
2791,199,2026-01-25,cancelled,3740.6
2792,390,2023-06-28,delivered,507.33
2793,205,2023-07-06,placed,488.67
2794,285,2025-05-05,delivered,2818.86
2795,371,2025-10-20,placed,4115.65
2796,78,2025-06-15,delivered,628.34
2797,255,2023-07-20,returned,719.92
2798,391,2025-09-05,shipped,3545.65
2799,445,2023-05-01,returned,3007.06
2800,208,2025-04-19,delivered,446.4
2801,21,2025-04-18,delivered,464.0
2802,400,2024-06-04,returned,2367.56
2803,59,2026-04-24,cancelled,525.09
2804,393,2024-03-31,placed,1731.12
2805,109,2023-03-03,delivered,2604.65
2806,163,2025-06-20,shipped,2228.79
2807,218,2024-08-18,returned,2792.85
2808,102,2024-01-08,delivered,3316.8
2809,84,2023-04-29,returned,3561.68
2810,299,2023-08-11,shipped,3938.73
2811,173,2023-02-03,returned,1203.9
2812,319,2025-04-26,shipped,4746.12
2813,263,2025-11-03,delivered,2618.16
2814,456,2024-02-20,placed,1639.31
2815,459,2025-05-17,shipped,2915.06
2816,412,2025-05-15,cancelled,1187.43
2817,416,2023-04-25,cancelled,683.88
2818,130,2026-07-07,returned,111.12
2819,18,2024-12-29,shipped,1211.91
2820,492,2025-10-15,shipped,2198.39
2821,40,2026-07-10,shipped,3488.34
2822,193,2024-12-02,shipped,1963.37
2823,283,2025-10-05,returned,962.18
2824,22,2024-11-06,delivered,3381.89
2825,125,2023-01-26,placed,1016.86
2826,376,2025-06-03,shipped,2809.18
2827,268,2024-12-15,cancelled,4850.32
2828,360,2026-07-17,delivered,2497.38
2829,370,2024-01-05,shipped,1573.57
2830,41,2023-10-04,placed,3140.14
2831,489,2026-01-20,shipped,1288.07
2832,326,2026-02-01,shipped,1386.02
2833,84,2025-02-17,delivered,337.76
2834,173,2023-04-24,delivered,2526.3
2835,299,2024-12-18,cancelled,2506.94
2836,143,2024-03-06,returned,1687.06
2837,84,2025-03-02,delivered,5249.92
2838,216,2024-10-22,delivered,67.56
2839,285,2026-06-09,returned,512.16
2840,124,2024-04-01,returned,854.51
2841,345,2023-08-31,placed,214.64
2842,144,2023-02-02,shipped,1214.44
2843,164,2024-12-10,cancelled,3266.48
2844,254,2024-05-28,delivered,3444.49
2845,154,2023-05-03,returned,1905.26
2846,437,2026-08-09,delivered,2567.66
2847,39,2024-12-29,cancelled,1013.56
2848,152,2024-01-19,delivered,528.8
2849,198,2023-09-03,returned,1166.94
2850,186,2025-10-29,shipped,1712.88
2851,147,2023-07-27,placed,1295.34
2852,428,2026-07-03,placed,2827.03
2853,32,2025-07-01,placed,1670.53
2854,45,2023-03-21,returned,3087.48
2855,457,2026-07-15,cancelled,1263.03
2856,318,2023-09-01,placed,645.55
2857,440,2025-08-16,delivered,2007.82
2858,423,2024-02-05,returned,259.0
2859,36,2023-05-13,shipped,2032.32
2860,492,2023-07-11,shipped,2752.72
2861,154,2026-04-15,placed,1396.71
2862,370,2023-12-13,shipped,933.04
2863,491,2026-06-19,cancelled,1544.48
2864,177,2026-04-23,placed,4033.74
2865,107,2023-03-11,placed,2831.18
2866,498,2023-11-19,placed,1937.38
2867,446,2025-03-13,cancelled,896.79
2868,144,2023-11-14,cancelled,4099.81
2869,5,2024-11-14,placed,2146.86
2870,452,2024-11-08,returned,2138.72
2871,282,2026-06-29,delivered,3690.21
2872,494,2023-12-28,shipped,2334.14
2873,251,2024-03-03,shipped,1377.66
2874,212,2025-01-13,cancelled,3180.4
2875,67,2023-03-29,placed,1682.01
2876,3,2023-02-08,returned,390.81
2877,41,2025-05-01,delivered,1326.3
2878,198,2026-05-13,placed,454.9
2879,384,2023-01-26,placed,3755.65
2880,257,2025-01-14,shipped,4424.43
2881,347,2025-02-26,delivered,2973.04
2882,4,2023-05-17,placed,1294.2
2883,71,2025-10-22,shipped,3923.36
2884,373,2025-05-25,cancelled,1011.16
2885,167,2023-06-18,cancelled,266.06
2886,400,2025-02-02,returned,3474.54
2887,418,2024-08-22,returned,2272.11
2888,89,2026-02-11,cancelled,4016.98
2889,44,2024-11-03,cancelled,2898.04
2890,381,2025-11-18,placed,2170.56
2891,365,2023-07-11,shipped,2823.57
2892,319,2024-12-27,delivered,2801.34
2893,47,2023-08-15,delivered,1109.54
2894,455,2023-11-26,returned,1920.2
2895,441,2026-07-04,cancelled,1524.05
2896,43,2026-07-16,delivered,2012.38
2897,296,2025-01-16,placed,42.65
2898,478,2023-02-26,cancelled,2000.3
2899,296,2025-12-28,cancelled,2631.2
2900,95,2026-07-15,shipped,4346.04
2901,89,2025-04-14,delivered,376.73
2902,373,2025-05-27,returned,757.4
2903,208,2023-08-13,cancelled,2941.55
2904,210,2023-03-22,delivered,1656.1
2905,416,2026-05-23,shipped,3786.41
2906,256,2024-01-03,placed,4302.2
2907,178,2023-12-04,placed,2842.59
2908,307,2025-07-02,returned,981.27
2909,296,2026-09-04,delivered,314.26
2910,392,2026-02-06,shipped,1673.76
2911,116,2023-10-13,placed,1603.5
2912,475,2026-02-03,delivered,2155.89
2913,45,2024-01-14,cancelled,2181.65
2914,409,2023-08-05,delivered,1353.6
2915,223,2024-12-18,shipped,493.44
2916,485,2023-04-04,returned,2251.1
2917,96,2023-05-01,delivered,3314.59
2918,18,2025-07-27,shipped,2808.89
2919,496,2026-01-21,placed,1922.22
2920,113,2025-09-01,cancelled,1132.83
2921,352,2026-09-04,placed,2271.65
2922,251,2026-03-26,returned,762.02
2923,75,2023-10-11,cancelled,1324.8
2924,493,2024-11-09,shipped,3312.66
2925,85,2025-12-13,placed,4362.03
2926,449,2026-04-03,returned,2656.1
2927,287,2026-06-24,returned,1211.07
2928,241,2025-05-03,cancelled,665.2
2929,347,2026-08-09,cancelled,1425.31
2930,285,2025-08-09,returned,1199.74
2931,112,2024-01-02,placed,12.77
2932,75,2025-06-09,cancelled,815.9
2933,200,2024-03-08,cancelled,470.56
2934,259,2023-10-11,cancelled,2236.35
2935,18,2026-07-12,returned,804.72
2936,497,2024-03-17,placed,3565.53
2937,323,2026-05-13,delivered,1594.0
2938,403,2023-06-29,returned,500.7
2939,471,2026-05-24,cancelled,2608.27
2940,367,2025-03-29,delivered,2835.45
2941,484,2023-01-06,returned,592.65
2942,177,2023-01-13,placed,4089.16
2943,207,2023-08-22,returned,1505.12
2944,262,2025-01-16,returned,2678.46
2945,58,2025-07-25,shipped,592.47
2946,422,2024-10-19,shipped,1498.9
2947,207,2024-06-11,delivered,1789.95
2948,23,2023-04-20,shipped,3337.03
2949,309,2026-03-24,shipped,1644.58
2950,339,2025-05-25,cancelled,520.46
2951,162,2024-12-24,placed,1181.34
2952,247,2026-04-14,shipped,2529.94
2953,469,2026-01-01,placed,2270.89
2954,42,2024-08-21,returned,1850.06
2955,486,2023-06-15,returned,3103.74
2956,113,2026-07-30,shipped,1248.76
2957,22,2024-05-20,returned,3222.36
2958,268,2025-03-19,returned,1263.37
2959,459,2024-06-03,shipped,3800.14
2960,48,2026-02-01,shipped,115.16
2961,330,2025-12-27,placed,3130.46
2962,469,2026-08-15,shipped,228.96
2963,405,2023-06-17,delivered,2816.4
2964,293,2024-05-12,cancelled,2497.97
2965,483,2023-09-17,returned,1124.52
2966,414,2023-01-13,cancelled,347.44
2967,256,2025-09-25,placed,746.22
2968,207,2025-10-16,placed,4054.78
2969,21,2025-07-03,cancelled,2141.07
2970,334,2025-08-11,cancelled,3486.16
2971,50,2023-09-15,cancelled,2576.12
2972,164,2026-01-02,returned,276.36
2973,413,2025-04-20,cancelled,2348.96
2974,268,2025-12-22,shipped,2018.3
2975,382,2023-10-25,cancelled,2336.74
2976,76,2026-08-10,delivered,1309.58
2977,381,2026-07-24,cancelled,1121.52
2978,268,2023-02-19,returned,3038.95
2979,5,2024-10-24,delivered,1029.8
2980,191,2025-08-04,cancelled,295.28
2981,77,2025-03-25,shipped,930.42
2982,297,2023-01-10,delivered,1906.15
2983,136,2026-08-15,shipped,1523.87
2984,112,2025-05-08,cancelled,3073.99
2985,316,2023-05-30,cancelled,2497.36
2986,398,2024-01-08,delivered,973.04
2987,388,2024-11-03,cancelled,1096.72
2988,104,2023-08-18,delivered,1940.6
2989,348,2023-09-18,returned,683.46
2990,118,2025-09-19,returned,3852.8
2991,362,2025-06-22,returned,2020.2
2992,53,2025-03-21,delivered,347.3
2993,152,2023-08-24,placed,1801.51
2994,183,2025-03-01,shipped,3143.3
2995,420,2025-09-29,shipped,796.78
2996,406,2023-06-21,delivered,2017.89
2997,278,2026-06-08,delivered,2435.89
2998,131,2026-02-23,shipped,1817.73
2999,446,2026-03-30,returned,1103.89
3000,375,2025-09-06,returned,1159.68
3001,236,2024-01-04,placed,1446.34
3002,2,2026-02-13,cancelled,2162.22
3003,276,2023-02-01,shipped,2977.68
3004,185,2026-07-27,returned,3406.67
3005,49,2025-06-29,shipped,1194.03
3006,288,2025-04-05,placed,1472.46
3007,409,2025-07-03,cancelled,1459.6
3008,350,2026-04-01,placed,1869.9
3009,474,2023-01-03,delivered,3122.89
3010,202,2024-07-28,delivered,3581.72
3011,398,2025-06-23,delivered,1497.66
3012,38,2025-05-23,returned,961.27
3013,312,2026-02-21,returned,1702.04
3014,59,2024-03-10,delivered,42.12
3015,115,2026-02-08,returned,795.66
3016,1,2024-06-30,delivered,1797.61
3017,300,2023-06-13,returned,432.68
3018,269,2024-11-27,cancelled,1240.89
3019,361,2024-10-28,returned,174.6
3020,464,2024-11-26,cancelled,1128.16
3021,119,2023-02-28,cancelled,1132.1
3022,89,2025-08-27,placed,2265.76
3023,433,2023-03-05,delivered,2530.48
3024,158,2026-05-19,returned,427.08
3025,414,2024-12-16,shipped,4496.93
3026,257,2024-03-01,cancelled,2745.91
3027,103,2024-06-10,shipped,3787.34
3028,133,2024-03-25,returned,1757.36
3029,332,2026-03-28,placed,1388.85
3030,308,2025-12-21,placed,3460.33
3031,483,2026-08-23,placed,1980.32
3032,311,2023-10-31,placed,969.67
3033,142,2025-07-15,placed,2325.54
3034,161,2026-07-11,placed,413.54
3035,265,2026-05-17,shipped,4269.18
3036,488,2023-09-22,shipped,2997.53
3037,11,2024-03-18,shipped,1666.4
3038,237,2023-03-26,cancelled,2783.29
3039,485,2025-04-20,cancelled,3039.22
3040,388,2023-02-07,cancelled,320.07
3041,469,2024-08-03,returned,246.76
3042,369,2023-02-02,cancelled,68.05
3043,252,2025-12-07,cancelled,3184.92
3044,257,2026-06-10,cancelled,247.19
3045,34,2026-02-03,placed,1987.92
3046,349,2023-11-29,delivered,2590.34
3047,354,2024-09-28,placed,1227.62
3048,284,2026-07-12,returned,2353.08
3049,43,2026-01-23,cancelled,4318.51
3050,301,2026-01-09,shipped,972.0
3051,18,2024-11-29,cancelled,918.73
3052,186,2023-11-15,shipped,1224.53
3053,113,2023-04-08,placed,1617.56
3054,350,2025-03-17,cancelled,397.44
3055,286,2024-08-12,delivered,205.11
3056,41,2023-05-09,returned,2248.12
3057,65,2024-08-23,placed,1759.42
3058,148,2023-06-17,cancelled,2445.8
3059,301,2026-08-02,returned,1493.55
3060,54,2026-05-17,delivered,491.16
3061,441,2024-05-22,shipped,5985.9
3062,402,2026-04-11,returned,893.76
3063,125,2025-07-20,placed,4331.88
3064,145,2025-11-17,returned,1109.58
3065,262,2023-03-25,returned,518.82
3066,470,2025-12-14,delivered,1199.4
3067,185,2023-03-15,delivered,1472.09
3068,229,2025-03-31,cancelled,4276.82
3069,93,2024-08-03,delivered,868.96
3070,241,2023-05-17,returned,143.0
3071,146,2023-03-16,delivered,1983.36
3072,68,2023-03-12,shipped,3076.65
3073,376,2026-02-16,placed,2166.02
3074,419,2024-06-23,delivered,283.54
3075,255,2025-04-09,placed,1441.17
3076,173,2024-07-06,returned,1929.72
3077,411,2026-03-07,shipped,211.5
3078,407,2025-11-24,cancelled,1594.21
3079,41,2025-04-18,cancelled,1025.52
3080,287,2024-09-01,delivered,2295.32
3081,455,2024-09-15,placed,2560.42
3082,48,2024-07-29,placed,829.4
3083,376,2025-04-13,shipped,597.67
3084,2,2023-05-17,shipped,4461.58
3085,222,2025-05-24,cancelled,1596.94
3086,154,2025-06-27,returned,291.72
3087,393,2023-02-04,cancelled,2669.93
3088,392,2024-11-26,shipped,3427.8
3089,87,2025-03-01,delivered,3287.68
3090,415,2023-05-26,delivered,1884.92
3091,406,2023-01-17,returned,551.16
3092,490,2025-08-16,returned,2913.51
3093,396,2025-03-07,shipped,2184.92
3094,397,2026-02-04,delivered,105.86
3095,212,2026-04-30,cancelled,2098.13
3096,352,2023-06-19,delivered,4127.44
3097,173,2024-11-14,placed,2722.14
3098,136,2024-04-22,shipped,1284.96
3099,32,2024-10-09,delivered,1330.68
3100,71,2025-04-14,placed,1328.57
3101,337,2023-09-07,placed,1358.8
3102,45,2023-07-05,delivered,2512.6
3103,211,2023-03-01,shipped,603.23
3104,50,2023-06-21,placed,1534.77
3105,461,2025-02-24,delivered,2373.55
3106,411,2024-11-20,delivered,1022.98
3107,460,2025-05-25,delivered,216.91
3108,6,2024-04-25,returned,792.96
3109,412,2025-02-23,shipped,2242.2
3110,45,2024-12-28,shipped,2170.49
3111,215,2023-07-15,shipped,1771.19
3112,208,2024-09-23,cancelled,1453.56
3113,58,2025-03-21,placed,1108.72
3114,22,2024-01-27,cancelled,3627.2
3115,97,2026-07-28,returned,828.17
3116,376,2024-11-26,returned,2708.88
3117,362,2025-06-02,returned,905.91
3118,271,2023-07-14,delivered,609.55
3119,157,2023-11-16,returned,2032.44
3120,363,2026-01-05,delivered,1890.53
3121,395,2025-01-21,delivered,190.3
3122,237,2023-03-15,placed,1676.46
3123,349,2024-04-07,shipped,783.52
3124,56,2026-08-05,cancelled,2020.18
3125,360,2025-05-10,placed,1085.85
3126,457,2023-09-28,returned,1221.0
3127,281,2023-04-02,shipped,835.9
3128,256,2023-09-12,placed,5106.55
3129,189,2024-10-01,cancelled,1707.92
3130,196,2025-07-18,delivered,597.06
3131,446,2024-09-20,placed,2497.32
3132,426,2025-07-19,cancelled,1034.8
3133,443,2026-02-19,placed,441.64
3134,2,2025-01-30,returned,1268.82
3135,2,2024-03-27,returned,116.92
3136,447,2024-02-07,shipped,1515.84
3137,433,2024-03-17,returned,3015.36
3138,52,2023-05-21,placed,5677.93
3139,289,2026-03-23,placed,3104.36
3140,218,2026-05-08,cancelled,2837.56
3141,251,2024-10-28,cancelled,4099.14
3142,315,2026-05-21,returned,2433.54
3143,91,2025-05-08,delivered,492.92
3144,195,2025-07-20,delivered,2513.19
3145,123,2024-09-19,placed,1248.91
3146,21,2023-10-14,delivered,3933.14
3147,28,2024-10-08,shipped,3479.25
3148,189,2025-10-29,placed,2323.32
3149,291,2025-12-30,delivered,2306.38
3150,343,2025-12-20,delivered,360.52
3151,170,2024-05-20,cancelled,1328.47
3152,97,2024-06-22,cancelled,3540.98
3153,413,2026-01-15,returned,1350.4
3154,440,2023-01-10,cancelled,4320.97
3155,481,2023-01-14,returned,765.04
3156,442,2024-04-25,returned,2476.22
3157,408,2025-01-15,returned,165.85
3158,256,2023-07-11,placed,1187.45
3159,429,2024-08-14,cancelled,3733.27
3160,2,2025-04-28,shipped,1067.94
3161,407,2026-05-11,cancelled,1423.85
3162,411,2024-04-28,returned,1618.59
3163,296,2026-08-03,delivered,343.92
3164,39,2023-09-25,delivered,10.46
3165,88,2024-01-17,shipped,1103.57
3166,341,2023-10-22,placed,2515.61
3167,221,2023-12-19,delivered,3422.77
3168,417,2023-08-23,returned,326.95
3169,82,2026-02-13,returned,2650.27
3170,146,2023-11-27,shipped,1127.22
3171,462,2023-09-21,returned,2303.14
3172,354,2023-08-25,returned,1067.51
3173,198,2023-12-18,cancelled,2000.47
3174,495,2023-05-16,delivered,335.77
3175,32,2026-01-22,returned,1286.46
3176,129,2023-07-04,placed,2271.5
3177,323,2025-05-30,shipped,571.01
3178,275,2026-04-04,cancelled,4063.34
3179,466,2024-03-30,cancelled,1380.5
3180,150,2023-10-10,placed,701.96
3181,452,2024-09-05,delivered,1933.72
3182,75,2024-05-11,delivered,2962.87
3183,249,2024-05-15,cancelled,1456.92
3184,87,2023-08-19,returned,3623.67
3185,469,2024-12-09,cancelled,1238.64
3186,350,2025-12-09,returned,1436.17
3187,283,2025-04-17,delivered,3368.5
3188,184,2024-08-05,placed,3390.1
3189,381,2025-08-13,delivered,1710.83
3190,55,2023-06-09,shipped,2620.47
3191,472,2026-04-01,shipped,1904.12
3192,403,2023-06-25,cancelled,884.68
3193,423,2023-09-12,shipped,219.26
3194,406,2024-12-16,returned,5041.06
3195,217,2025-07-22,shipped,1133.51
3196,124,2024-03-03,placed,2568.82
3197,10,2024-07-31,shipped,2144.02
3198,13,2025-05-04,returned,71.68
3199,135,2026-05-22,cancelled,1075.24
3200,329,2025-10-22,shipped,1870.89
3201,438,2025-02-28,placed,1610.8
3202,341,2026-02-22,cancelled,776.24
3203,413,2024-01-31,placed,559.48
3204,171,2023-07-19,cancelled,3138.78
3205,44,2023-11-29,cancelled,4488.99
3206,443,2025-04-25,placed,1732.1
3207,311,2024-01-12,returned,618.58
3208,330,2023-06-19,shipped,465.16
3209,141,2024-11-14,delivered,488.85
3210,379,2025-02-24,returned,2426.09
3211,373,2024-10-19,placed,949.53
3212,318,2025-09-04,shipped,2245.57
3213,162,2025-11-20,delivered,521.4
3214,434,2025-11-29,cancelled,3504.09
3215,352,2025-04-06,delivered,3166.14
3216,435,2023-08-14,placed,2917.49
3217,234,2024-06-05,shipped,385.67
3218,317,2026-03-31,delivered,2299.99
3219,144,2025-10-06,placed,834.66
3220,210,2024-05-18,cancelled,529.08
3221,140,2024-11-28,shipped,2251.37
3222,258,2023-08-29,cancelled,2051.24
3223,69,2025-08-15,delivered,3384.02
3224,492,2024-12-07,shipped,3204.76
3225,349,2024-10-11,shipped,1540.24
3226,148,2026-07-08,shipped,2042.85
3227,50,2024-09-28,returned,747.08
3228,42,2025-02-20,cancelled,278.52
3229,463,2025-05-07,cancelled,1293.5
3230,71,2025-11-28,delivered,213.44
3231,38,2025-05-23,delivered,321.58
3232,378,2023-10-06,cancelled,3309.56
3233,188,2026-04-17,shipped,2875.39
3234,44,2024-08-30,returned,2205.6
3235,369,2023-11-12,returned,1732.48
3236,178,2023-10-21,returned,2491.29
3237,88,2024-07-25,returned,3240.48
3238,422,2024-05-21,delivered,1282.54
3239,248,2023-07-31,delivered,2111.33
3240,25,2026-02-06,cancelled,396.28
3241,280,2023-12-09,cancelled,1242.92
3242,304,2023-04-24,shipped,2748.64
3243,182,2025-10-07,shipped,1603.85
3244,70,2024-02-01,delivered,607.36
3245,64,2024-11-28,cancelled,378.02
3246,333,2023-11-06,shipped,4110.73
3247,436,2023-02-25,cancelled,5366.76
3248,99,2024-11-19,placed,2967.65
3249,83,2024-03-28,shipped,4879.88
3250,473,2024-08-29,cancelled,1123.24
3251,180,2024-08-04,placed,584.06
3252,397,2024-05-08,delivered,1688.35
3253,140,2024-10-30,shipped,1236.7
3254,118,2024-01-02,cancelled,1330.14
3255,395,2023-02-03,returned,578.31
3256,251,2024-08-16,cancelled,1734.0
3257,357,2023-12-23,returned,4294.57
3258,14,2023-04-12,delivered,114.86
3259,415,2026-04-26,returned,2653.81
3260,314,2024-01-31,cancelled,464.07
3261,393,2024-11-05,shipped,1504.45
3262,15,2025-01-04,returned,2406.73
3263,108,2023-04-16,placed,2730.46
3264,101,2024-01-07,placed,2064.15
3265,263,2023-11-03,returned,3595.59
3266,50,2023-06-09,delivered,3087.47
3267,347,2024-04-29,cancelled,779.07
3268,64,2025-01-03,delivered,2344.62
3269,166,2024-03-24,placed,1973.39
3270,463,2025-06-26,delivered,909.28
3271,496,2023-12-03,placed,2910.94
3272,331,2025-09-28,cancelled,2226.31
3273,243,2025-10-29,placed,868.86
3274,450,2026-02-10,placed,2596.82
3275,2,2023-09-14,delivered,395.08
3276,35,2025-03-22,returned,4809.7
3277,486,2023-07-05,shipped,2542.34
3278,283,2026-02-23,delivered,2605.82
3279,4,2025-08-20,returned,3830.14
3280,500,2024-12-30,shipped,3457.47
3281,411,2023-12-17,cancelled,1606.52
3282,219,2025-10-31,placed,1408.89
3283,51,2024-01-14,delivered,1186.04
3284,41,2024-04-10,cancelled,1217.46
3285,467,2026-09-01,cancelled,3320.97
3286,269,2026-06-25,shipped,1754.7
3287,129,2026-01-09,placed,2562.92
3288,289,2025-10-15,placed,109.75
3289,497,2023-01-16,shipped,1422.9
3290,133,2025-05-29,delivered,1768.4
3291,302,2026-08-22,shipped,4498.56
3292,369,2026-07-02,cancelled,2541.66
3293,72,2026-03-09,returned,3504.63
3294,304,2023-11-02,returned,2513.39
3295,275,2025-08-30,cancelled,1610.1
3296,410,2023-10-10,cancelled,2312.8
3297,126,2023-11-11,shipped,65.06
3298,46,2025-02-27,returned,308.1
3299,58,2025-01-12,returned,1294.52
3300,357,2024-09-21,delivered,2402.06
3301,178,2025-12-30,cancelled,4508.0
3302,127,2024-04-02,shipped,5484.58
3303,308,2023-04-26,returned,3303.7
3304,249,2026-02-10,returned,1986.69
3305,30,2024-07-30,returned,1561.88
3306,411,2026-06-19,delivered,318.79
3307,461,2024-07-15,delivered,2551.86
3308,112,2024-08-12,shipped,1178.66
3309,254,2026-02-20,delivered,479.64
3310,486,2023-02-10,delivered,563.07
3311,390,2023-07-06,returned,1370.45
3312,328,2026-03-20,returned,725.64
3313,169,2024-02-15,shipped,1454.54
3314,182,2025-09-18,delivered,1366.16
3315,286,2024-11-02,placed,1545.7
3316,409,2025-06-04,returned,698.13
3317,493,2024-04-21,placed,969.18
3318,242,2023-10-31,returned,2329.86
3319,227,2024-07-26,delivered,3278.77
3320,475,2025-10-08,cancelled,1798.79
3321,111,2025-10-22,cancelled,1676.7
3322,390,2025-07-17,placed,173.5
3323,456,2024-02-07,cancelled,2826.05
3324,309,2025-02-27,shipped,634.85
3325,461,2025-02-01,placed,4170.24
3326,212,2023-02-13,placed,3568.18
3327,420,2023-07-06,cancelled,3293.01
3328,384,2026-08-06,cancelled,555.88
3329,388,2026-08-29,placed,5158.91
3330,7,2025-02-02,placed,643.74
3331,432,2025-12-10,cancelled,1578.55
3332,375,2026-05-13,delivered,4387.97
3333,118,2025-02-10,cancelled,1254.9
3334,40,2024-06-09,shipped,1293.79
3335,344,2024-05-27,shipped,1879.66
3336,28,2026-06-29,returned,3649.65
3337,225,2023-03-27,returned,1830.86
3338,353,2024-06-03,returned,668.99
3339,210,2024-09-30,returned,1872.6
3340,93,2024-03-17,delivered,3872.68
3341,377,2026-07-16,shipped,2529.87
3342,129,2025-05-08,cancelled,2867.89
3343,203,2024-02-14,shipped,5705.2
3344,408,2023-08-19,returned,3275.23
3345,436,2025-06-26,returned,3700.72
3346,331,2023-08-27,shipped,1049.58
3347,50,2026-01-15,returned,816.14
3348,476,2025-03-21,shipped,980.96
3349,91,2023-02-06,placed,1074.0
3350,18,2023-09-25,placed,1245.77
3351,234,2026-05-09,cancelled,814.51
3352,193,2024-06-02,delivered,1204.22
3353,112,2023-10-04,returned,5651.87
3354,30,2024-01-27,returned,1854.14
3355,280,2024-12-05,shipped,232.97
3356,441,2024-09-03,returned,1198.82
3357,377,2024-05-10,delivered,1440.06
3358,22,2023-01-15,shipped,53.87
3359,240,2024-03-15,returned,1802.42
3360,52,2026-05-07,placed,3227.17
3361,50,2024-06-09,delivered,2189.82
3362,120,2026-08-23,placed,553.57
3363,414,2023-06-23,delivered,328.74
3364,102,2024-07-16,placed,3364.85
3365,229,2025-09-25,placed,780.74
3366,4,2024-06-06,returned,2046.28
3367,174,2026-04-29,returned,1332.34
3368,84,2023-10-05,cancelled,1052.94
3369,290,2026-03-15,placed,139.14
3370,185,2024-02-21,placed,72.58
3371,99,2026-01-04,delivered,851.34
3372,274,2025-06-12,placed,185.12
3373,92,2023-08-02,delivered,110.37
3374,346,2025-02-11,cancelled,2106.36
3375,440,2024-02-22,cancelled,2845.56
3376,278,2023-09-30,returned,457.39
3377,52,2025-08-21,delivered,2244.15
3378,174,2024-09-08,shipped,1805.76
3379,157,2023-09-29,delivered,1521.6
3380,21,2026-08-25,shipped,1996.08
3381,157,2024-08-22,cancelled,4404.33
3382,185,2026-01-13,returned,3279.56
3383,462,2025-03-23,delivered,579.58
3384,206,2023-11-28,cancelled,1563.06
3385,347,2024-03-18,cancelled,1922.1
3386,178,2025-02-04,shipped,1608.57
3387,208,2024-10-21,shipped,1198.48
3388,459,2024-09-13,placed,3139.69
3389,69,2023-02-22,placed,947.94
3390,410,2023-05-03,returned,2684.15
3391,447,2025-05-18,delivered,1392.88
3392,136,2026-05-19,delivered,2917.02
3393,39,2024-04-11,shipped,3479.27
3394,226,2026-02-06,shipped,1180.15
3395,415,2025-11-30,placed,2045.65
3396,460,2024-06-09,shipped,1629.28
3397,286,2026-01-11,shipped,2429.68
3398,123,2026-02-16,cancelled,3381.33
3399,14,2024-07-11,cancelled,2047.74
3400,396,2023-08-30,delivered,1613.22
3401,1,2025-04-10,delivered,346.8
3402,476,2024-08-03,returned,2316.78
3403,391,2024-05-31,cancelled,1749.23
3404,115,2025-06-04,cancelled,421.06
3405,361,2025-07-27,delivered,4584.25
3406,245,2023-05-09,returned,1267.42
3407,374,2025-07-27,returned,387.08
3408,419,2023-02-28,shipped,4624.84
3409,438,2026-04-05,returned,1828.5
3410,257,2023-08-01,delivered,1926.78
3411,147,2026-04-01,placed,2108.84
3412,233,2024-12-23,returned,4408.75
3413,249,2025-06-14,delivered,3059.32
3414,252,2023-03-31,delivered,1811.16
3415,289,2025-09-03,cancelled,1388.55
3416,420,2026-04-27,shipped,1420.02
3417,379,2026-05-06,delivered,1973.38
3418,146,2024-07-06,cancelled,725.78
3419,383,2025-10-20,shipped,258.01
3420,73,2023-06-12,placed,1675.55
3421,92,2024-05-10,cancelled,1052.49
3422,412,2025-10-12,cancelled,985.56
3423,378,2024-11-08,shipped,448.44
3424,45,2025-11-13,returned,1963.56
3425,471,2024-07-05,shipped,1822.96
3426,277,2023-08-10,placed,1001.87
3427,500,2023-10-06,cancelled,3214.52
3428,454,2023-03-01,placed,623.65
3429,396,2023-02-05,placed,388.0
3430,105,2025-05-08,returned,1099.18
3431,450,2025-06-27,placed,673.61
3432,403,2024-09-12,placed,1036.34
3433,64,2024-04-06,delivered,3541.82
3434,131,2024-06-20,shipped,2112.52
3435,18,2023-09-19,shipped,1703.23
3436,58,2023-02-20,shipped,2087.31
3437,184,2023-12-03,placed,4076.07
3438,74,2025-08-11,shipped,2092.02
3439,241,2023-07-03,cancelled,4418.08
3440,358,2025-06-19,placed,1004.07
3441,237,2024-09-15,cancelled,497.8
3442,359,2024-09-12,cancelled,114.78
3443,51,2023-04-21,shipped,2108.75
3444,432,2025-06-02,shipped,4218.99
3445,492,2025-08-17,delivered,1051.72
3446,261,2024-08-11,placed,1673.97
3447,216,2024-09-24,cancelled,2657.78
3448,212,2024-01-11,placed,591.14
3449,213,2023-08-05,shipped,1740.32
3450,311,2026-01-31,cancelled,90.7
3451,75,2025-03-26,cancelled,6152.2
3452,30,2023-08-27,delivered,1283.64
3453,426,2023-06-16,shipped,1437.21
3454,69,2025-09-23,shipped,487.86
3455,208,2023-08-15,returned,793.08
3456,499,2025-06-21,placed,1686.39
3457,212,2023-01-16,shipped,2419.45
3458,149,2024-01-03,shipped,3866.61
3459,158,2024-08-15,returned,1053.0
3460,407,2023-08-28,delivered,851.57
3461,264,2025-08-18,shipped,344.93
3462,220,2026-04-14,returned,2573.65
3463,49,2024-12-16,shipped,2627.42
3464,260,2024-08-17,placed,2418.66
3465,99,2023-03-06,shipped,3292.6
3466,102,2025-05-03,placed,3020.0
3467,169,2024-12-03,cancelled,1336.47
3468,440,2025-06-09,cancelled,2725.11
3469,82,2025-06-06,returned,4297.32
3470,210,2023-05-19,delivered,2150.37
3471,363,2025-07-16,returned,849.42
3472,135,2024-08-19,returned,2257.48
3473,452,2025-03-14,shipped,3564.89
3474,73,2023-03-07,shipped,2412.8
3475,55,2024-05-22,returned,1505.48
3476,72,2023-09-29,placed,1027.11
3477,81,2023-12-02,placed,4931.37
3478,459,2026-05-06,cancelled,490.7
3479,338,2023-09-26,delivered,2406.48
3480,129,2023-01-22,returned,416.76
3481,218,2023-02-07,returned,3887.03
3482,411,2023-01-20,shipped,1874.1
3483,400,2026-01-07,delivered,1862.06
3484,260,2025-07-02,delivered,3051.94
3485,433,2023-03-26,cancelled,2081.15
3486,492,2026-07-12,placed,2285.36
3487,35,2023-05-10,placed,102.18
3488,181,2026-01-27,returned,1253.24
3489,319,2025-06-11,returned,6064.4
3490,431,2025-08-31,returned,2215.61
3491,52,2023-03-01,returned,806.76
3492,447,2024-11-19,cancelled,1509.16
3493,125,2026-01-01,returned,540.07
3494,61,2024-03-09,shipped,539.13
3495,225,2025-04-22,cancelled,2041.24
3496,225,2025-04-19,delivered,245.84
3497,429,2026-06-09,placed,431.47
3498,447,2024-06-14,shipped,2139.32
3499,473,2024-07-29,cancelled,1604.22
3500,232,2023-11-09,delivered,2427.22
3501,166,2023-05-23,shipped,3151.75
3502,128,2024-03-10,shipped,3589.75
3503,279,2023-01-21,shipped,2251.15
3504,321,2025-05-28,delivered,1163.55
3505,394,2023-01-17,delivered,2660.16
3506,104,2023-10-13,shipped,2353.88
3507,367,2023-10-23,returned,4089.5
3508,177,2025-06-03,delivered,3034.12
3509,293,2024-01-10,delivered,933.82
3510,360,2025-04-18,shipped,821.34
3511,124,2023-03-01,returned,1401.05
3512,314,2026-04-05,shipped,737.49
3513,15,2024-07-06,shipped,1443.37
3514,446,2025-10-28,returned,1167.56
3515,387,2024-11-02,returned,1793.82
3516,214,2026-08-24,shipped,2308.71
3517,279,2025-08-15,cancelled,1000.65
3518,40,2025-11-29,cancelled,529.63
3519,241,2026-05-24,shipped,2513.14
3520,42,2025-02-04,placed,2618.24
3521,354,2023-12-05,placed,2432.06
3522,385,2023-05-08,placed,1423.96
3523,196,2024-03-11,cancelled,95.41
3524,200,2025-04-27,placed,1760.93
3525,325,2024-06-06,returned,1784.6
3526,69,2026-05-27,delivered,2791.92
3527,448,2025-11-02,shipped,953.33
3528,109,2023-06-28,returned,1697.35
3529,339,2023-08-24,placed,990.2
3530,114,2025-10-20,shipped,131.09
3531,295,2025-07-13,delivered,554.32
3532,421,2026-08-07,shipped,1986.52
3533,221,2025-06-14,shipped,3257.98
3534,308,2023-04-01,placed,741.05
3535,380,2023-01-24,shipped,2714.88
3536,202,2026-05-10,delivered,1586.75
3537,14,2024-08-26,returned,4274.36
3538,387,2024-11-17,delivered,1388.27
3539,132,2025-09-23,cancelled,2799.14
3540,348,2024-11-07,returned,2060.92
3541,208,2025-08-05,cancelled,226.94
3542,194,2023-01-18,placed,1485.85
3543,108,2023-01-29,returned,814.67
3544,111,2025-10-17,returned,590.66
3545,397,2023-06-16,delivered,1670.67
3546,205,2023-11-14,cancelled,2927.14
3547,113,2024-07-29,placed,1114.98
3548,452,2023-11-24,cancelled,294.48
3549,308,2023-04-17,returned,4740.06
3550,140,2023-07-04,cancelled,2860.18
3551,488,2024-11-01,returned,928.48
3552,35,2023-09-29,returned,4052.8
3553,476,2024-05-20,placed,955.97
3554,206,2025-05-12,returned,3644.19
3555,439,2023-11-16,shipped,1330.28
3556,411,2025-09-01,placed,911.09
3557,276,2026-08-21,delivered,2697.02
3558,301,2024-08-19,placed,2241.54
3559,345,2026-03-25,returned,71.16
3560,272,2023-06-30,delivered,1020.93
3561,287,2024-03-02,delivered,1898.52
3562,165,2025-11-23,delivered,3561.44
3563,376,2023-02-23,delivered,624.3
3564,77,2025-11-30,shipped,638.44
3565,398,2024-07-11,placed,2105.75
3566,106,2025-12-28,delivered,2456.58
3567,329,2025-10-05,returned,4027.77
3568,248,2023-11-04,placed,293.46
3569,301,2025-09-11,shipped,1633.69
3570,206,2024-04-05,placed,1393.65
3571,359,2023-10-04,placed,714.45
3572,204,2023-03-14,cancelled,2107.22
3573,221,2026-05-18,shipped,2360.67
3574,369,2026-08-21,returned,327.84
3575,281,2025-12-13,placed,2241.53
3576,37,2025-07-24,cancelled,722.65
3577,248,2023-10-26,shipped,3373.11
3578,23,2026-03-18,shipped,3153.9
3579,122,2024-12-01,delivered,468.36
3580,443,2023-09-04,shipped,1188.77
3581,223,2025-04-26,cancelled,797.83
3582,211,2023-03-28,returned,2361.87
3583,456,2024-10-22,placed,671.94
3584,115,2026-07-05,cancelled,1508.77
3585,179,2023-03-12,delivered,3448.89
3586,396,2026-08-26,shipped,2840.46
3587,13,2026-06-15,placed,2357.0
3588,103,2023-06-18,cancelled,4355.38
3589,82,2023-08-22,placed,2560.95
3590,40,2025-01-07,delivered,2358.92
3591,66,2025-12-04,delivered,879.98
3592,286,2023-10-02,returned,1623.79
3593,458,2024-11-12,cancelled,2140.2
3594,138,2024-07-26,placed,2563.95
3595,284,2024-09-19,placed,1962.24
3596,364,2023-08-09,shipped,2943.39
3597,50,2023-09-23,cancelled,2875.77
3598,59,2024-07-23,shipped,1517.22
3599,354,2025-03-25,delivered,2270.96
3600,462,2024-02-12,placed,3057.74
3601,292,2025-02-13,cancelled,765.7
3602,455,2026-07-24,shipped,1580.15
3603,283,2023-09-28,cancelled,2873.23
3604,165,2026-03-05,returned,2143.51
3605,474,2024-10-08,delivered,1336.41
3606,8,2026-07-02,cancelled,4384.76
3607,121,2024-04-28,placed,626.12
3608,314,2024-05-22,returned,1806.58
3609,233,2024-09-24,cancelled,213.14
3610,289,2024-07-22,delivered,2169.01
3611,143,2025-03-30,placed,1233.86
3612,221,2024-08-05,cancelled,4093.1
3613,365,2023-07-29,placed,151.16
3614,283,2026-07-05,shipped,3291.17
3615,167,2024-10-09,shipped,4663.57
3616,25,2025-10-21,shipped,292.26
3617,52,2024-07-28,delivered,5184.87
3618,402,2023-04-22,placed,2405.55
3619,244,2026-05-03,placed,1758.24
3620,437,2024-02-08,cancelled,2569.65
3621,446,2024-12-22,returned,2238.52
3622,172,2025-01-13,cancelled,1753.72
3623,236,2023-08-25,shipped,3723.85
3624,289,2024-05-26,returned,3104.6
3625,368,2024-02-16,placed,372.47
3626,92,2024-01-16,returned,2317.55
3627,299,2025-01-25,placed,2653.03
3628,338,2024-10-08,shipped,3653.2
3629,487,2024-03-23,delivered,295.23
3630,80,2025-08-18,delivered,866.0
3631,132,2023-09-21,shipped,1963.24
3632,349,2026-05-16,cancelled,1543.78
3633,341,2023-01-06,placed,1206.56
3634,132,2026-03-04,placed,1617.65
3635,136,2025-09-08,cancelled,2465.5
3636,118,2024-05-18,delivered,2367.67
3637,453,2024-06-27,delivered,2130.3
3638,287,2024-07-12,placed,368.2
3639,353,2024-06-14,shipped,5451.51
3640,344,2025-09-24,shipped,368.6
3641,493,2024-05-31,cancelled,1287.25
3642,206,2024-02-18,shipped,417.68
3643,75,2026-08-20,placed,197.48
3644,29,2023-04-06,cancelled,4014.37
3645,344,2026-04-04,shipped,4105.89
3646,153,2026-08-26,returned,2635.51
3647,66,2023-06-17,returned,1138.45
3648,100,2026-06-06,cancelled,1730.51
3649,256,2023-08-07,cancelled,744.44
3650,35,2025-10-22,returned,1545.66
3651,342,2026-07-10,delivered,1556.66
3652,343,2025-11-02,placed,1919.96
3653,74,2025-10-07,returned,2259.52
3654,159,2024-04-13,cancelled,1360.51
3655,6,2025-08-11,placed,2844.23
3656,164,2025-05-03,returned,283.2
3657,329,2024-05-09,returned,3586.6
3658,425,2023-03-19,cancelled,1249.55
3659,294,2024-06-01,cancelled,1958.04
3660,477,2024-07-23,cancelled,325.77
3661,112,2023-11-28,cancelled,971.93
3662,5,2024-10-04,delivered,278.52
3663,214,2026-05-23,placed,2728.96
3664,311,2024-04-30,returned,734.76
3665,369,2025-08-07,shipped,2719.3
3666,58,2023-02-07,returned,2710.01
3667,143,2025-06-13,shipped,1917.39
3668,388,2023-07-18,returned,1632.26
3669,379,2025-03-24,placed,2398.29
3670,149,2026-06-23,cancelled,838.2
3671,127,2023-07-18,placed,2822.14
3672,416,2023-11-29,shipped,3634.05
3673,481,2025-02-16,cancelled,1791.16
3674,433,2025-06-09,cancelled,4556.15
3675,339,2023-08-05,placed,2874.22
3676,76,2023-06-06,cancelled,2568.59
3677,344,2023-05-05,placed,1258.2
3678,411,2025-08-14,delivered,3400.3
3679,321,2024-05-31,cancelled,1257.58
3680,380,2025-08-06,placed,2300.8
3681,163,2026-08-02,cancelled,4085.8
3682,115,2023-04-18,cancelled,12.5
3683,454,2026-05-07,cancelled,1218.36
3684,18,2026-03-23,cancelled,3698.14
3685,191,2023-08-11,delivered,4769.61
3686,7,2024-07-27,delivered,1037.34
3687,412,2025-07-18,returned,3746.19
3688,323,2024-11-03,shipped,80.69
3689,482,2024-12-17,placed,188.08
3690,405,2026-04-06,cancelled,1927.38
3691,421,2025-02-26,placed,950.07
3692,497,2025-09-13,cancelled,39.72
3693,142,2025-10-08,cancelled,999.05
3694,245,2026-05-27,placed,2831.47
3695,437,2026-03-14,returned,790.62
3696,202,2023-05-27,shipped,2708.16
3697,342,2025-02-08,shipped,1334.71
3698,109,2025-12-07,returned,2749.86
3699,258,2025-12-30,cancelled,2097.09
3700,497,2023-12-28,cancelled,2162.68
3701,130,2023-10-09,delivered,2809.66
3702,56,2025-10-02,shipped,3723.2
3703,187,2025-07-28,placed,2886.25
3704,424,2023-01-09,placed,1902.36
3705,190,2023-08-15,shipped,3296.73
3706,345,2024-10-22,returned,1124.24
3707,131,2023-05-11,returned,3534.41
3708,344,2025-11-05,cancelled,577.0
3709,347,2024-07-15,placed,1768.21
3710,98,2024-07-14,delivered,674.06
3711,484,2024-01-23,cancelled,1064.88
3712,432,2024-08-02,placed,2565.88
3713,225,2023-08-26,shipped,2189.23
3714,54,2023-09-08,shipped,496.66
3715,210,2023-06-30,shipped,3634.29
3716,229,2024-10-15,cancelled,1997.03
3717,251,2024-11-06,delivered,2994.62
3718,108,2023-05-29,shipped,201.43
3719,462,2025-02-01,shipped,1201.8
3720,175,2023-10-13,shipped,1952.87
3721,341,2023-09-28,placed,2766.29
3722,37,2025-10-04,placed,1967.21
3723,441,2025-12-23,delivered,1205.22
3724,211,2023-09-15,shipped,1266.52
3725,473,2026-08-14,delivered,870.14
3726,458,2026-03-17,cancelled,343.98
3727,490,2024-08-15,cancelled,431.96
3728,246,2026-05-12,returned,2676.05
3729,274,2023-05-27,shipped,2477.11
3730,352,2025-05-05,cancelled,582.78
3731,100,2023-04-18,returned,35.9
3732,27,2023-04-26,delivered,4001.46
3733,230,2023-06-17,returned,3483.61
3734,90,2023-03-28,delivered,2253.31
3735,189,2023-02-09,delivered,806.5
3736,138,2023-11-12,cancelled,3379.2
3737,333,2024-10-14,delivered,823.08
3738,277,2025-10-19,cancelled,2744.33
3739,60,2023-01-13,cancelled,1885.02
3740,362,2023-12-24,returned,217.38
3741,57,2026-07-07,delivered,1629.24
3742,471,2025-06-13,shipped,1756.57
3743,107,2025-11-26,placed,2106.45
3744,282,2023-02-26,shipped,296.3
3745,407,2023-10-11,returned,2072.43
3746,38,2025-11-30,returned,628.41
3747,226,2024-05-19,shipped,2507.66
3748,136,2024-11-29,placed,1047.57
3749,51,2026-07-17,placed,2690.87
3750,42,2023-12-24,delivered,4395.65
3751,63,2024-10-15,delivered,1837.11
3752,150,2025-10-14,returned,1982.61
3753,473,2025-03-23,cancelled,1092.18
3754,244,2024-03-28,placed,913.83
3755,207,2025-07-05,placed,1603.49
3756,341,2024-04-06,returned,39.32
3757,126,2024-02-28,delivered,1542.62
3758,67,2023-11-19,cancelled,1114.84
3759,492,2024-04-30,shipped,801.91
3760,339,2024-06-19,placed,647.88
3761,150,2025-03-31,cancelled,4037.54
3762,408,2026-08-03,placed,3075.81
3763,217,2026-03-19,cancelled,1832.82
3764,120,2025-12-19,placed,2121.2
3765,452,2023-01-05,shipped,2542.47
3766,279,2026-03-16,returned,1080.36
3767,296,2024-06-24,delivered,2422.82
3768,251,2026-01-27,delivered,2354.02
3769,341,2026-05-28,cancelled,2540.67
3770,43,2023-02-04,placed,3094.83
3771,180,2023-06-15,cancelled,1210.59
3772,178,2024-12-14,delivered,371.44
3773,250,2026-07-02,returned,2505.72
3774,451,2025-10-06,shipped,1103.52
3775,178,2023-12-01,placed,1630.35
3776,353,2024-08-30,cancelled,98.79
3777,406,2025-07-11,shipped,3442.87
3778,159,2026-03-15,shipped,289.92
3779,225,2024-11-23,returned,330.95
3780,363,2025-06-06,returned,1935.45
3781,446,2023-01-05,placed,3621.19
3782,114,2025-05-07,returned,68.19
3783,77,2026-06-19,placed,178.97
3784,107,2024-03-09,placed,669.8
3785,191,2025-05-01,placed,3020.74
3786,449,2026-03-19,placed,1060.4
3787,88,2026-07-27,placed,2323.04
3788,226,2025-09-15,returned,1767.86
3789,380,2025-06-30,returned,1616.55
3790,415,2023-11-10,returned,273.09
3791,230,2024-10-13,returned,3606.06
3792,412,2025-09-20,shipped,3054.87
3793,452,2025-12-03,placed,919.04
3794,165,2024-04-13,returned,2515.07
3795,70,2026-06-16,returned,3631.12
3796,113,2026-06-19,cancelled,1544.88
3797,52,2024-10-01,delivered,1059.61
3798,349,2025-06-03,cancelled,442.08
3799,464,2025-07-29,shipped,360.72
3800,357,2023-05-16,placed,515.37
3801,113,2024-06-01,placed,2160.04
3802,324,2025-03-27,shipped,406.32
3803,298,2025-08-14,shipped,1477.68
3804,190,2026-03-15,returned,686.24
3805,139,2026-03-23,cancelled,1263.75
3806,218,2025-11-20,delivered,1788.97
3807,482,2025-08-21,cancelled,1745.01
3808,276,2023-02-12,placed,3808.98
3809,95,2024-10-31,placed,2459.78
3810,409,2023-04-28,delivered,58.02
3811,374,2026-01-23,cancelled,1426.6
3812,276,2026-09-01,placed,1991.01
3813,26,2026-08-19,placed,16.14
3814,366,2024-09-19,cancelled,1958.3
3815,185,2026-04-19,cancelled,861.08
3816,203,2026-07-07,cancelled,1390.72
3817,357,2024-10-10,cancelled,1148.52
3818,169,2024-12-27,returned,117.76
3819,482,2023-11-24,placed,5377.16
3820,420,2023-08-18,placed,779.12
3821,81,2026-06-23,shipped,815.96
3822,30,2025-07-29,shipped,2794.97
3823,145,2023-05-22,delivered,2630.0
3824,140,2026-08-28,delivered,3671.51
3825,3,2023-02-09,returned,3273.37
3826,149,2026-06-02,returned,3671.36
3827,141,2024-03-14,shipped,1269.92
3828,223,2024-05-30,cancelled,4383.88
3829,65,2024-01-12,delivered,4595.51
3830,224,2025-08-24,shipped,6154.49
3831,29,2025-06-14,shipped,1862.87
3832,426,2026-07-02,returned,3181.42
3833,336,2025-06-20,cancelled,3377.53
3834,400,2025-06-13,placed,3884.56
3835,451,2026-05-25,returned,3712.8
3836,96,2025-05-01,cancelled,2355.12
3837,222,2024-10-23,delivered,1966.19
3838,252,2025-12-05,placed,2897.46
3839,176,2024-03-23,returned,231.66
3840,314,2023-10-28,cancelled,2799.15
3841,297,2025-02-13,placed,1770.28
3842,367,2026-05-26,shipped,1872.76
3843,314,2023-03-28,placed,576.64
3844,154,2024-04-06,cancelled,770.51
3845,469,2026-05-08,delivered,3557.71
3846,349,2025-09-25,cancelled,3432.28
3847,243,2025-09-01,cancelled,503.84
3848,375,2025-05-28,shipped,2718.41
3849,81,2025-11-21,cancelled,3906.67
3850,368,2026-07-22,cancelled,3234.1
3851,250,2024-08-10,cancelled,3406.93
3852,439,2023-11-10,shipped,1471.38
3853,361,2023-12-15,placed,1660.28
3854,271,2024-01-27,placed,895.43
3855,463,2023-05-30,placed,361.04
3856,262,2024-04-02,delivered,2535.55
3857,367,2025-03-06,placed,3674.57
3858,362,2023-09-10,cancelled,1870.04
3859,338,2026-06-20,placed,331.96
3860,484,2025-02-08,delivered,2143.84
3861,434,2023-06-21,returned,2140.69
3862,425,2024-02-26,cancelled,496.98
3863,17,2024-05-25,delivered,1659.35
3864,168,2025-09-17,returned,4479.46
3865,311,2024-02-22,cancelled,1870.08
3866,206,2025-03-04,delivered,999.45
3867,355,2023-09-13,returned,3009.03
3868,56,2024-06-05,placed,2017.24
3869,442,2024-07-23,delivered,3094.88
3870,135,2025-11-02,delivered,2739.74
3871,253,2025-12-07,placed,3951.73
3872,450,2026-06-09,returned,3787.16
3873,338,2023-06-19,returned,26.83
3874,274,2025-06-11,placed,2202.7
3875,378,2025-03-05,placed,195.42
3876,236,2023-05-24,placed,1584.34
3877,57,2023-01-13,returned,1826.92
3878,284,2026-02-19,delivered,2346.15
3879,272,2024-02-29,cancelled,2017.55
3880,443,2026-01-01,placed,2500.31
3881,382,2024-02-03,delivered,2865.72
3882,353,2023-10-22,cancelled,679.05
3883,8,2025-07-02,returned,3040.97
3884,191,2023-07-18,delivered,3985.25
3885,204,2024-01-16,shipped,2816.66
3886,448,2025-10-01,delivered,2147.23
3887,422,2026-02-15,returned,2019.7
3888,492,2026-01-17,shipped,3579.44
3889,197,2023-02-16,delivered,1075.75
3890,336,2024-03-06,returned,2369.42
3891,61,2024-11-06,returned,2991.56
3892,257,2025-07-14,delivered,351.02
3893,115,2024-01-03,shipped,962.44
3894,185,2026-02-13,placed,724.79
3895,284,2025-02-10,returned,727.68
3896,13,2025-04-28,delivered,67.95
3897,496,2023-10-17,placed,1306.67
3898,359,2024-01-27,returned,1812.68
3899,262,2026-07-22,cancelled,1606.5
3900,77,2023-03-21,delivered,426.28
3901,433,2025-12-24,delivered,3731.07
3902,100,2023-07-25,placed,1799.98
3903,387,2025-08-21,returned,4497.51
3904,345,2026-02-13,placed,958.99
3905,355,2026-06-09,returned,713.57
3906,159,2023-10-30,shipped,3738.28
3907,104,2025-09-15,cancelled,1443.65
3908,256,2026-05-25,placed,3123.9
3909,352,2025-11-08,shipped,3815.05
3910,160,2026-02-25,shipped,1129.94
3911,306,2025-09-04,shipped,2151.71
3912,227,2024-02-06,placed,552.78
3913,372,2025-12-31,placed,4181.65
3914,470,2026-05-11,cancelled,432.12
3915,259,2023-08-02,placed,3520.84
3916,272,2023-01-29,cancelled,2994.62
3917,164,2024-06-11,cancelled,3389.71
3918,305,2024-07-21,returned,2800.79
3919,414,2024-09-28,placed,2146.42
3920,367,2024-04-13,cancelled,913.38
3921,315,2024-06-09,cancelled,3218.94
3922,29,2023-04-07,cancelled,1174.48
3923,13,2025-09-03,placed,1962.13
3924,270,2024-01-15,shipped,1098.32
3925,184,2026-05-25,delivered,3274.72
3926,284,2025-07-31,placed,2876.07
3927,374,2025-01-06,placed,2021.13
3928,223,2023-05-11,placed,1110.29
3929,428,2024-03-10,returned,3235.85
3930,446,2025-11-29,delivered,2896.26
3931,346,2026-03-09,returned,3011.09
3932,230,2023-03-14,placed,3384.02
3933,209,2026-06-10,delivered,2305.02
3934,295,2024-02-13,delivered,1448.54
3935,211,2025-05-29,placed,1776.03
3936,463,2025-02-14,returned,3917.01
3937,494,2024-08-16,returned,1908.04
3938,141,2024-10-10,shipped,630.9
3939,69,2026-04-20,returned,2426.14
3940,269,2023-10-09,cancelled,4535.5
3941,468,2025-12-17,returned,1876.67
3942,306,2023-09-20,returned,1353.79
3943,258,2025-05-25,shipped,2222.33
3944,330,2024-05-01,delivered,2205.52
3945,395,2026-02-24,shipped,2023.57
3946,334,2023-05-18,shipped,595.02
3947,313,2025-11-21,delivered,2376.44
3948,318,2026-02-27,placed,905.88
3949,338,2024-05-21,returned,404.94
3950,254,2026-08-13,returned,2811.78
3951,478,2025-07-02,shipped,1587.5
3952,491,2023-08-15,cancelled,2523.86
3953,334,2023-03-17,shipped,4783.31
3954,469,2024-04-22,delivered,1650.85
3955,371,2024-09-28,returned,4880.63
3956,99,2026-06-24,shipped,1156.8
3957,397,2023-06-07,shipped,644.74
3958,419,2024-11-23,cancelled,1691.65
3959,73,2024-03-30,placed,89.91
3960,271,2024-08-06,cancelled,1659.19
3961,65,2023-07-19,delivered,542.52
3962,359,2025-08-29,placed,3126.3
3963,465,2023-11-26,shipped,4400.22
3964,179,2023-06-09,shipped,1504.25
3965,159,2024-06-17,delivered,2911.12
3966,135,2024-02-11,shipped,2367.34
3967,228,2025-03-12,placed,1064.2
3968,46,2023-08-20,returned,3988.38
3969,467,2025-09-28,placed,3439.26
3970,95,2025-11-08,cancelled,2260.52
3971,235,2026-08-25,shipped,1353.23
3972,173,2025-06-20,placed,2640.64
3973,360,2023-05-01,cancelled,419.66
3974,487,2024-09-15,delivered,1155.7
3975,449,2026-01-04,delivered,795.01
3976,427,2024-05-28,cancelled,312.42
3977,445,2025-04-29,placed,3301.45
3978,31,2024-08-21,delivered,1320.72
3979,294,2023-01-16,cancelled,3892.98
3980,216,2023-06-06,placed,1119.5
3981,160,2023-06-14,cancelled,2510.44
3982,130,2025-05-12,returned,309.17
3983,226,2026-05-05,placed,2061.94
3984,440,2023-10-30,shipped,582.06
3985,392,2025-02-27,returned,270.17
3986,465,2026-08-19,returned,953.15
3987,231,2024-10-06,placed,2427.97
3988,241,2025-07-21,returned,441.58
3989,425,2023-05-08,returned,258.77
3990,39,2025-03-07,shipped,992.48
3991,350,2024-05-31,returned,304.4
3992,115,2026-09-05,returned,1880.93
3993,432,2025-08-02,returned,4119.62
3994,200,2024-02-06,placed,1375.96
3995,428,2023-06-18,returned,1602.81
3996,381,2024-03-13,delivered,6422.51
3997,18,2025-08-17,shipped,185.92
3998,383,2026-03-04,returned,2853.07
3999,331,2024-12-23,placed,3802.86
4000,227,2024-06-28,cancelled,3037.45
4001,136,2025-07-30,shipped,887.27
4002,309,2024-06-13,delivered,1307.1
4003,53,2026-01-03,shipped,3964.67
4004,460,2025-11-18,shipped,1781.5
4005,409,2024-12-13,cancelled,4078.75
4006,23,2023-03-27,delivered,4077.73
4007,384,2026-01-30,cancelled,1755.76
4008,81,2024-12-25,delivered,2192.08
4009,236,2026-01-05,delivered,188.2
4010,436,2025-05-25,shipped,4317.55
4011,279,2025-10-09,returned,1016.97
4012,361,2023-10-06,shipped,2988.2
4013,187,2025-06-04,shipped,2291.15
4014,278,2023-06-07,shipped,3130.21
4015,266,2026-03-04,placed,1991.45
4016,487,2025-07-23,cancelled,3061.76
4017,55,2023-01-08,placed,1842.68
4018,334,2024-08-24,cancelled,468.73
4019,110,2024-02-27,delivered,1870.09
4020,269,2023-02-22,placed,216.92
4021,306,2025-02-11,shipped,1103.28
4022,260,2025-05-27,delivered,3934.95
4023,438,2023-04-29,cancelled,1121.57
4024,259,2023-12-12,placed,3639.2
4025,193,2025-10-09,returned,890.37
4026,86,2023-04-24,returned,113.74
4027,82,2023-06-17,cancelled,814.66
4028,37,2024-02-06,cancelled,3714.76
4029,86,2026-07-22,placed,2018.3
4030,177,2023-08-19,shipped,486.92
4031,423,2026-08-06,placed,1369.88
4032,340,2025-06-03,cancelled,426.03
4033,335,2023-11-30,returned,22.26
4034,444,2023-03-04,delivered,2047.6
4035,381,2026-06-25,delivered,629.82
4036,489,2026-04-30,cancelled,491.79
4037,427,2024-01-30,returned,1412.79
4038,114,2024-12-18,shipped,897.4
4039,29,2023-07-07,returned,586.07
4040,324,2024-10-21,cancelled,2379.08
4041,302,2024-02-25,delivered,2181.67
4042,138,2026-05-09,cancelled,2011.25
4043,381,2026-09-01,delivered,328.01
4044,87,2025-03-25,placed,171.15
4045,268,2024-11-17,returned,2838.9
4046,463,2025-07-13,cancelled,3565.75
4047,376,2025-06-09,returned,4004.27
4048,485,2023-03-02,returned,2724.82
4049,74,2023-02-19,cancelled,1876.56
4050,173,2023-07-10,shipped,876.99
4051,182,2026-02-24,placed,2493.98
4052,353,2023-10-17,shipped,1811.8
4053,221,2023-06-30,delivered,1285.52
4054,186,2025-01-11,shipped,1780.28
4055,96,2025-03-06,returned,459.27
4056,36,2024-01-08,cancelled,2126.85
4057,284,2025-09-06,placed,2648.66
4058,217,2024-07-21,delivered,3613.92
4059,285,2025-01-08,delivered,3856.19
4060,425,2023-12-17,returned,2478.18
4061,347,2025-05-23,shipped,1851.71
4062,289,2023-08-08,placed,2083.85
4063,222,2024-09-04,cancelled,856.31
4064,378,2026-06-23,cancelled,2277.65
4065,452,2025-06-28,placed,2789.74
4066,127,2026-06-17,returned,2932.44
4067,312,2023-07-12,delivered,2662.48
4068,325,2023-10-01,returned,166.6
4069,208,2025-04-26,delivered,344.19
4070,158,2023-12-29,shipped,1046.36
4071,439,2025-04-30,shipped,1103.87
4072,384,2025-05-17,cancelled,293.59
4073,242,2025-08-18,placed,1795.05
4074,227,2025-01-27,delivered,1509.06
4075,270,2025-05-20,delivered,1535.44
4076,413,2024-11-18,cancelled,3013.84
4077,160,2023-08-09,placed,2207.34
4078,399,2026-01-09,cancelled,1798.47
4079,281,2024-03-01,delivered,2191.15
4080,344,2025-11-24,shipped,2324.3
4081,194,2024-05-24,placed,2239.16
4082,104,2026-07-19,returned,25.02
4083,118,2023-11-29,placed,2543.49
4084,50,2023-12-30,shipped,1944.26
4085,415,2024-12-15,returned,185.07
4086,460,2025-07-08,shipped,1644.04
4087,160,2024-06-30,placed,2592.28
4088,37,2024-03-18,placed,1635.55
4089,343,2023-04-30,shipped,3873.95
4090,406,2026-05-07,shipped,1606.51
4091,495,2025-11-11,shipped,636.02
4092,417,2023-07-16,returned,1760.34
4093,144,2025-12-08,cancelled,1207.46
4094,288,2024-01-03,shipped,3951.92
4095,246,2023-05-12,shipped,3887.32
4096,97,2026-08-09,returned,1168.33
4097,358,2023-10-26,cancelled,5423.72
4098,176,2026-07-03,cancelled,3506.99
4099,349,2025-11-17,returned,676.61
4100,318,2023-06-15,cancelled,275.98
4101,167,2024-12-08,placed,1132.46
4102,246,2026-03-22,returned,1644.37
4103,389,2025-03-02,placed,1447.12
4104,107,2025-12-20,shipped,1907.82
4105,193,2023-05-09,delivered,2411.19
4106,2,2024-04-13,cancelled,2716.32
4107,207,2025-02-07,delivered,2761.62
4108,387,2024-01-15,placed,1349.42
4109,293,2023-12-31,cancelled,374.45
4110,476,2023-05-14,cancelled,331.7
4111,100,2023-03-06,placed,1193.48
4112,151,2024-03-03,shipped,2431.65
4113,434,2025-10-07,delivered,1423.31
4114,100,2023-08-31,shipped,3318.29
4115,19,2025-12-19,delivered,100.52
4116,115,2025-06-29,delivered,2951.87
4117,308,2025-11-26,delivered,1132.35
4118,226,2025-01-11,returned,1992.92
4119,443,2026-03-31,returned,808.07
4120,27,2024-06-25,delivered,981.64
4121,248,2025-03-07,cancelled,3203.57
4122,240,2023-12-15,placed,2827.75
4123,276,2025-07-11,returned,1766.8
4124,143,2025-08-16,placed,2471.56
4125,310,2025-06-02,returned,1268.11
4126,20,2023-07-11,returned,1178.28
4127,71,2025-02-01,delivered,1629.85
4128,424,2023-12-26,shipped,6145.1
4129,287,2026-05-19,placed,1395.52
4130,10,2025-05-09,returned,2280.24
4131,345,2024-05-12,returned,2663.56
4132,477,2025-11-10,cancelled,3571.44
4133,209,2025-06-30,cancelled,2533.02
4134,210,2024-07-16,shipped,2089.85
4135,232,2024-09-07,placed,2498.8
4136,68,2024-08-12,placed,2245.76
4137,470,2024-04-20,returned,1283.58
4138,182,2024-09-21,shipped,2714.68
4139,449,2024-01-21,shipped,687.6
4140,457,2026-07-04,placed,2572.76
4141,214,2024-11-30,placed,2438.36
4142,116,2025-08-23,shipped,2316.03
4143,494,2026-05-26,cancelled,885.4
4144,431,2023-11-04,delivered,577.04
4145,8,2025-05-04,shipped,108.54
4146,334,2023-04-27,cancelled,861.9
4147,325,2024-02-15,cancelled,615.12
4148,389,2025-11-01,returned,1498.92
4149,309,2026-02-10,returned,4101.69
4150,273,2025-05-03,cancelled,418.67
4151,128,2023-04-14,returned,2570.14
4152,140,2023-11-19,returned,42.42
4153,358,2023-05-06,returned,1248.66
4154,214,2025-02-12,delivered,203.75
4155,12,2023-04-24,cancelled,1160.37
4156,233,2024-01-20,shipped,1492.01
4157,427,2026-06-03,shipped,1782.31
4158,451,2025-12-22,delivered,1381.84
4159,391,2023-01-15,shipped,1328.48
4160,349,2026-06-28,delivered,3967.84
4161,191,2025-06-28,cancelled,2023.32
4162,16,2026-06-07,returned,2558.27
4163,290,2023-07-03,delivered,2876.19
4164,407,2024-10-31,placed,3395.63
4165,230,2025-07-09,placed,1905.7
4166,205,2025-06-28,returned,324.12
4167,11,2024-12-16,cancelled,1650.47
4168,407,2023-06-17,delivered,730.95
4169,93,2023-01-19,placed,1355.65
4170,317,2023-09-13,delivered,1331.43
4171,216,2026-01-22,delivered,1513.3
4172,55,2023-01-10,shipped,42.24
4173,198,2024-07-25,placed,2335.32
4174,20,2024-12-19,returned,2237.72
4175,130,2024-04-08,delivered,989.57
4176,63,2026-08-29,returned,232.27
4177,413,2025-06-07,returned,714.33
4178,415,2026-05-22,returned,329.37
4179,234,2026-09-04,placed,2733.0
4180,187,2026-06-24,cancelled,4600.47
4181,11,2025-07-08,returned,3350.46
4182,100,2023-02-26,delivered,959.42
4183,238,2024-08-25,placed,398.72
4184,394,2023-08-15,cancelled,2766.6
4185,108,2026-06-04,returned,118.71
4186,432,2025-10-23,delivered,4250.36
4187,499,2026-04-29,placed,3921.76
4188,65,2023-08-23,placed,231.88
4189,208,2024-05-08,returned,482.45
4190,436,2023-06-29,cancelled,1750.7
4191,7,2024-04-19,cancelled,1061.44
4192,222,2023-03-10,delivered,1470.65
4193,239,2024-10-27,delivered,1410.3
4194,428,2023-08-18,returned,2834.32
4195,334,2026-07-27,shipped,1015.81
4196,394,2024-03-30,placed,2863.33
4197,47,2025-07-01,delivered,1807.49
4198,357,2026-01-22,cancelled,1712.06
4199,105,2026-02-17,cancelled,1961.36
4200,323,2026-02-26,shipped,1244.1
4201,49,2024-01-25,returned,1963.48
4202,121,2024-10-11,delivered,2181.97
4203,80,2023-12-22,cancelled,2244.91
4204,96,2023-01-04,delivered,2462.09
4205,240,2025-04-28,cancelled,2503.42
4206,170,2024-06-13,placed,1847.07
4207,329,2026-05-25,cancelled,25.56
4208,12,2026-06-02,delivered,3506.97
4209,128,2026-07-13,placed,316.54
4210,311,2024-11-23,delivered,2467.9
4211,218,2026-04-15,delivered,749.95
4212,52,2026-06-11,delivered,2029.88
4213,69,2026-04-14,cancelled,2066.86
4214,50,2026-02-14,cancelled,1643.45
4215,411,2023-03-19,returned,1640.17
4216,356,2023-01-08,returned,1805.76
4217,285,2024-09-10,cancelled,1118.83
4218,92,2024-02-05,cancelled,185.7
4219,279,2023-05-25,placed,8.43
4220,127,2024-04-15,placed,461.5
4221,79,2025-08-28,returned,1839.86
4222,278,2024-06-24,placed,2178.42
4223,436,2023-01-12,placed,3243.34
4224,276,2024-08-02,shipped,2567.16
4225,138,2023-09-23,returned,2248.0
4226,259,2024-12-12,delivered,1543.71
4227,492,2026-04-22,returned,2193.52
4228,449,2024-07-06,returned,2801.92
4229,470,2026-05-12,returned,2112.79
4230,248,2023-01-10,delivered,3032.1
4231,425,2025-10-31,placed,3105.04
4232,316,2023-12-03,shipped,2309.52
4233,308,2024-09-24,placed,1046.43
4234,288,2024-05-18,placed,1446.4
4235,151,2024-05-04,returned,2090.17
4236,230,2026-04-14,shipped,4188.18
4237,429,2024-12-21,delivered,2380.93
4238,354,2023-12-29,cancelled,883.56
4239,420,2026-08-22,delivered,1340.09
4240,289,2025-06-01,cancelled,3139.56
4241,435,2024-08-13,cancelled,2128.83
4242,490,2023-07-07,cancelled,1965.89
4243,176,2025-10-01,delivered,1030.89
4244,136,2023-01-08,returned,1039.0
4245,101,2026-04-02,cancelled,978.42
4246,437,2025-08-11,placed,4036.9
4247,127,2023-05-29,shipped,2100.8
4248,194,2024-01-18,cancelled,2227.7
4249,115,2023-06-29,cancelled,3392.82
4250,378,2024-07-19,placed,3990.4
4251,35,2024-03-21,cancelled,2212.76
4252,465,2023-02-12,returned,2290.56
4253,213,2025-06-14,returned,250.52
4254,124,2026-06-28,cancelled,444.73
4255,121,2026-07-13,delivered,1223.38
4256,429,2026-08-14,cancelled,1987.76
4257,416,2023-06-09,cancelled,1001.26
4258,359,2024-10-19,placed,304.22
4259,381,2024-10-28,placed,391.68
4260,437,2025-07-05,cancelled,4040.63
4261,107,2023-06-21,shipped,815.87
4262,88,2025-10-06,delivered,2107.65
4263,490,2025-11-14,shipped,2261.62
4264,382,2024-06-21,delivered,2984.77
4265,475,2025-09-02,delivered,2408.52
4266,3,2025-09-24,delivered,773.7
4267,192,2026-01-14,cancelled,2898.93
4268,405,2023-06-26,cancelled,3342.24
4269,199,2026-07-11,placed,2733.96
4270,166,2025-12-01,returned,2547.13
4271,205,2023-06-19,shipped,434.36
4272,424,2024-04-07,cancelled,4236.73
4273,79,2023-01-19,returned,2153.92
4274,477,2025-07-08,delivered,526.33
4275,354,2023-03-11,shipped,52.77
4276,67,2026-01-20,cancelled,2412.66
4277,389,2024-07-31,shipped,2769.05
4278,479,2025-03-13,delivered,463.29
4279,239,2023-01-11,placed,2616.68
4280,251,2024-10-07,shipped,2962.56
4281,100,2024-01-15,returned,830.89
4282,83,2023-04-22,returned,827.1
4283,112,2024-07-30,delivered,2662.69
4284,174,2025-04-10,shipped,1155.8
4285,14,2025-09-07,returned,2056.93
4286,473,2023-09-09,shipped,2426.74
4287,41,2024-01-13,returned,764.82
4288,297,2023-06-04,delivered,2208.25
4289,245,2023-12-21,shipped,305.84
4290,448,2025-07-31,placed,3977.44
4291,128,2025-06-14,delivered,2269.45
4292,171,2024-07-30,shipped,2256.65
4293,211,2024-09-28,shipped,1676.01
4294,479,2025-11-17,returned,2595.75
4295,88,2023-05-19,delivered,1345.4
4296,209,2025-09-08,placed,2679.12
4297,365,2025-04-01,delivered,1382.62
4298,334,2023-09-11,placed,2515.92
4299,238,2026-02-22,placed,2325.89
4300,41,2025-04-25,placed,59.02
4301,151,2023-07-19,delivered,3070.96
4302,132,2023-06-11,returned,222.46
4303,358,2024-06-23,shipped,1377.51
4304,89,2024-01-04,placed,194.58
4305,31,2023-09-16,cancelled,1032.3
4306,106,2023-07-16,placed,1181.97
4307,112,2023-01-24,placed,2851.32
4308,415,2023-09-26,delivered,136.12
4309,117,2026-03-07,delivered,61.6
4310,180,2024-05-26,placed,2447.23
4311,277,2024-12-06,cancelled,196.41
4312,41,2025-07-30,cancelled,2449.1
4313,316,2026-08-10,shipped,3558.56
4314,448,2023-10-26,cancelled,585.85
4315,256,2024-07-26,placed,497.3
4316,157,2023-03-24,delivered,647.8
4317,220,2024-07-27,returned,868.51
4318,8,2023-03-11,returned,4389.56
4319,57,2023-05-28,returned,1624.67
4320,172,2024-05-03,returned,1185.98
4321,219,2026-06-21,delivered,1795.42
4322,438,2025-08-14,cancelled,1830.75
4323,240,2023-11-28,shipped,2041.26
4324,234,2026-04-18,cancelled,1840.56
4325,233,2023-09-02,returned,861.24
4326,364,2023-01-01,cancelled,1330.12
4327,348,2025-06-06,shipped,2544.24
4328,123,2024-03-08,returned,661.7
4329,344,2024-01-19,cancelled,2130.78
4330,201,2024-01-12,cancelled,1108.51
4331,28,2025-03-26,returned,1345.18
4332,364,2024-08-02,returned,5122.06
4333,34,2023-12-06,cancelled,351.09
4334,306,2024-10-22,returned,2904.16
4335,122,2024-03-25,shipped,572.6
4336,427,2023-05-30,placed,882.2
4337,171,2025-06-18,delivered,143.14
4338,423,2025-07-06,cancelled,2865.15
4339,318,2025-11-01,delivered,825.02
4340,202,2023-06-25,placed,949.88
4341,227,2024-04-29,delivered,3546.33
4342,307,2025-12-24,shipped,1008.55
4343,60,2025-09-25,placed,1652.78
4344,132,2025-03-02,placed,2076.04
4345,10,2025-03-23,cancelled,3115.52
4346,223,2023-11-17,shipped,1267.18
4347,54,2024-01-06,placed,1742.32
4348,212,2025-02-24,delivered,3296.03
4349,448,2023-04-28,returned,2857.3
4350,402,2023-05-23,delivered,2856.66
4351,433,2025-04-26,placed,4087.03
4352,147,2025-03-19,returned,1932.16
4353,152,2023-02-25,cancelled,395.8
4354,460,2026-07-25,shipped,994.04
4355,377,2026-04-03,placed,3986.7
4356,190,2026-01-03,cancelled,1460.8
4357,154,2023-09-17,delivered,1860.72
4358,486,2024-08-22,cancelled,3535.53
4359,364,2023-05-13,shipped,31.94
4360,9,2026-06-19,cancelled,3753.9
4361,37,2025-04-11,shipped,3503.77
4362,386,2024-02-10,delivered,762.74
4363,69,2024-09-29,placed,1466.16
4364,220,2025-10-19,cancelled,2478.83
4365,334,2024-12-18,shipped,1355.73
4366,377,2023-07-26,shipped,985.97
4367,261,2023-06-21,shipped,1247.5
4368,349,2024-07-16,delivered,1400.46
4369,305,2025-08-14,cancelled,1275.39
4370,347,2026-04-13,delivered,3963.45
4371,242,2025-10-17,placed,1973.07
4372,401,2026-02-11,shipped,4331.84
4373,129,2025-01-23,delivered,1894.21
4374,205,2024-04-11,delivered,515.34
4375,132,2024-05-06,delivered,2199.33
4376,354,2025-04-26,returned,1498.41
4377,76,2023-06-07,returned,3584.02
4378,123,2024-08-09,returned,2649.18
4379,275,2024-10-10,placed,1727.46
4380,460,2024-12-04,delivered,374.42
4381,229,2026-07-04,returned,2236.99
4382,251,2025-11-28,shipped,1169.74
4383,432,2023-08-13,placed,4163.66
4384,473,2024-01-04,cancelled,958.29
4385,499,2026-07-24,shipped,1712.68
4386,352,2024-01-25,cancelled,202.16
4387,138,2026-07-08,returned,3505.65
4388,97,2023-03-23,delivered,493.56
4389,175,2026-07-31,delivered,2150.17
4390,178,2023-09-13,delivered,2739.91
4391,335,2025-12-30,cancelled,2106.01
4392,126,2024-10-27,shipped,1444.06
4393,358,2024-12-16,cancelled,2731.5
4394,246,2024-11-21,placed,763.16
4395,190,2023-04-11,cancelled,1682.42
4396,222,2024-08-11,shipped,3596.99
4397,402,2024-11-15,cancelled,1134.56
4398,313,2025-01-25,shipped,273.7
4399,135,2024-06-08,shipped,1788.86
4400,69,2025-03-27,placed,111.69
4401,78,2023-10-06,returned,4682.01
4402,386,2023-01-05,placed,3310.52
4403,267,2025-02-07,placed,127.32
4404,446,2025-03-06,delivered,560.68
4405,96,2023-01-12,placed,410.1
4406,171,2026-06-02,returned,2663.28
4407,163,2024-11-20,returned,2256.04
4408,13,2024-11-08,returned,1652.52
4409,7,2025-08-26,placed,990.12
4410,214,2023-12-14,placed,2844.99
4411,60,2026-02-19,delivered,1148.42
4412,407,2024-02-03,delivered,2299.91
4413,359,2023-12-27,delivered,937.0
4414,457,2023-06-10,cancelled,1147.42
4415,121,2023-10-28,returned,3923.98
4416,97,2024-12-18,returned,1088.32
4417,405,2024-01-28,shipped,2567.17
4418,106,2025-05-09,placed,3237.38
4419,30,2026-06-20,placed,1735.5
4420,395,2024-01-09,shipped,1204.89
4421,299,2023-06-28,delivered,984.7
4422,138,2026-03-19,placed,806.0
4423,63,2023-03-11,delivered,234.99
4424,454,2026-08-10,delivered,3780.2
4425,404,2026-08-22,cancelled,1930.71
4426,189,2023-10-10,cancelled,1372.51
4427,87,2023-06-06,shipped,1158.69
4428,329,2025-05-21,placed,2220.89
4429,489,2025-04-30,placed,458.6
4430,468,2026-07-30,delivered,2175.83
4431,132,2024-03-12,shipped,1829.92
4432,246,2026-06-25,shipped,4820.07
4433,75,2026-04-03,placed,1906.78
4434,491,2023-12-21,cancelled,794.73
4435,144,2023-06-29,placed,206.65
4436,155,2026-04-22,delivered,1398.11
4437,448,2024-02-01,placed,1241.34
4438,380,2026-08-17,delivered,5364.98
4439,109,2025-04-21,delivered,1576.8
4440,317,2023-01-14,returned,2365.82
4441,55,2024-04-22,returned,1095.92
4442,74,2025-09-08,cancelled,226.44
4443,490,2024-01-11,delivered,2956.9
4444,379,2023-12-11,returned,3118.32
4445,406,2023-01-22,placed,1099.4
4446,233,2025-06-02,shipped,621.55
4447,189,2026-03-12,returned,2406.99
4448,380,2026-06-16,returned,1113.04
4449,14,2025-02-22,returned,1261.6
4450,35,2025-08-29,cancelled,2671.65
4451,490,2025-07-13,placed,2033.56
4452,270,2026-06-24,shipped,3693.67
4453,65,2023-12-12,cancelled,967.89
4454,425,2025-04-21,returned,1001.12
4455,438,2025-03-23,delivered,426.78
4456,393,2023-10-05,delivered,1806.43
4457,227,2024-08-17,placed,1419.34
4458,398,2024-03-11,delivered,360.72
4459,180,2023-10-02,returned,1161.08
4460,354,2025-04-26,shipped,1840.72
4461,325,2026-02-27,returned,1212.4
4462,158,2024-06-15,shipped,1724.15
4463,366,2024-08-22,placed,777.63
4464,215,2025-09-07,placed,4658.85
4465,31,2024-08-06,delivered,76.89
4466,458,2023-07-19,returned,2357.27
4467,129,2024-10-05,returned,894.48
4468,292,2024-10-28,cancelled,1467.62
4469,309,2024-09-09,cancelled,1704.45
4470,92,2026-01-01,shipped,451.53
4471,112,2023-08-25,placed,353.36
4472,74,2025-02-04,returned,2451.03
4473,249,2026-06-21,cancelled,2708.09
4474,298,2023-08-31,shipped,588.74
4475,253,2024-01-15,delivered,1196.55
4476,411,2024-02-21,placed,2714.82
4477,57,2026-04-04,shipped,3715.13
4478,62,2026-01-03,delivered,2887.5
4479,333,2025-07-12,delivered,692.84
4480,339,2023-09-10,cancelled,3146.6
4481,138,2023-07-12,delivered,2785.56
4482,91,2024-07-27,shipped,2447.57
4483,92,2024-09-03,returned,1417.05
4484,391,2025-05-17,shipped,1044.79
4485,227,2024-06-24,delivered,2325.83
4486,8,2025-08-31,cancelled,3761.39
4487,296,2023-07-04,shipped,2606.0
4488,13,2025-10-05,placed,2692.56
4489,338,2023-01-16,placed,2039.96
4490,136,2023-05-15,shipped,591.6
4491,422,2024-05-31,shipped,2833.66
4492,422,2023-05-28,cancelled,1672.12
4493,375,2023-01-19,returned,4276.12
4494,341,2026-01-21,returned,301.9
4495,288,2026-06-10,placed,1186.07
4496,66,2023-06-27,shipped,1792.91
4497,179,2025-11-01,shipped,1169.23
4498,96,2023-12-26,returned,1425.63
4499,492,2026-06-15,delivered,2918.13
4500,157,2025-03-16,cancelled,258.46
4501,109,2025-11-30,shipped,201.38
4502,294,2023-01-13,placed,5959.94
4503,378,2025-11-29,cancelled,3291.3
4504,380,2024-12-29,shipped,1598.13
4505,434,2026-01-04,delivered,1831.44
4506,152,2026-02-20,returned,435.52
4507,62,2023-04-25,cancelled,2344.89
4508,407,2023-07-07,returned,1383.34
4509,339,2025-10-17,shipped,1461.36
4510,112,2026-04-14,delivered,4853.49
4511,195,2025-12-31,shipped,755.15
4512,447,2024-02-18,delivered,1936.02
4513,279,2024-10-05,returned,616.2
4514,331,2023-11-24,returned,1775.0
4515,352,2024-12-31,placed,2292.93
4516,112,2023-12-26,returned,2334.36
4517,116,2024-12-31,cancelled,388.72
4518,41,2023-01-29,shipped,3582.48
4519,340,2023-03-01,cancelled,2007.63
4520,55,2025-01-01,cancelled,2369.38
4521,74,2023-05-18,delivered,3110.23
4522,223,2026-04-06,placed,902.53
4523,194,2024-07-12,cancelled,1168.79
4524,479,2023-01-02,placed,1595.05
4525,219,2023-10-29,cancelled,4937.21
4526,337,2023-11-01,returned,1424.73
4527,355,2024-06-01,cancelled,412.75
4528,416,2024-04-19,placed,4222.63
4529,267,2024-01-21,returned,2510.76
4530,267,2026-05-23,delivered,2268.93
4531,44,2025-07-08,delivered,1877.83
4532,17,2025-07-12,delivered,250.95
4533,343,2025-08-18,cancelled,2779.44
4534,312,2026-04-26,cancelled,1496.12
4535,87,2024-10-23,shipped,627.22
4536,263,2026-08-24,shipped,1455.85
4537,377,2023-10-29,placed,3475.33
4538,165,2026-07-09,shipped,1622.87
4539,469,2024-01-14,cancelled,1119.97
4540,422,2023-04-13,shipped,3253.05
4541,107,2024-03-24,placed,205.77
4542,395,2024-04-29,delivered,1463.12
4543,350,2026-05-27,cancelled,2017.62
4544,363,2023-04-24,placed,1950.88
4545,493,2023-02-28,shipped,933.4
4546,326,2023-07-23,returned,332.4
4547,422,2024-07-30,placed,5118.74
4548,452,2024-03-26,delivered,1085.28
4549,311,2023-09-01,shipped,2248.92
4550,414,2024-07-25,placed,1568.85
4551,244,2026-04-15,delivered,2332.81
4552,121,2025-07-12,returned,1703.32
4553,247,2025-04-19,shipped,1398.76
4554,152,2024-01-21,returned,871.08
4555,201,2026-03-22,returned,3212.62
4556,156,2023-12-31,delivered,2380.2
4557,370,2024-11-01,cancelled,1960.01
4558,354,2024-05-11,delivered,118.63
4559,250,2023-12-23,shipped,1272.9
4560,29,2026-05-03,cancelled,1881.6
4561,83,2025-12-09,placed,1405.32
4562,328,2025-11-26,returned,2477.39
4563,17,2026-03-04,returned,3616.67
4564,214,2026-08-07,delivered,5578.74
4565,482,2025-11-11,placed,2690.49
4566,234,2023-07-17,placed,2175.41
4567,154,2023-07-18,cancelled,1806.45
4568,440,2024-08-23,shipped,188.72
4569,90,2025-12-06,placed,974.66
4570,420,2026-08-05,cancelled,946.08
4571,151,2025-12-30,returned,2494.98
4572,280,2023-06-02,delivered,1200.35
4573,322,2024-07-28,returned,2772.33
4574,4,2025-09-03,returned,250.79
4575,155,2023-07-14,returned,1307.93
4576,28,2024-03-10,delivered,913.68
4577,200,2023-06-21,placed,3567.04
4578,377,2025-10-28,delivered,699.03
4579,464,2024-04-18,delivered,549.88
4580,475,2024-10-26,cancelled,1136.57
4581,160,2024-10-08,placed,3506.97
4582,429,2026-07-31,cancelled,3461.04
4583,135,2025-03-19,returned,2281.8
4584,82,2025-05-05,cancelled,2549.76
4585,223,2023-07-05,placed,1467.8
4586,301,2026-06-22,cancelled,5266.71
4587,245,2026-05-23,delivered,5473.76
4588,340,2024-05-30,placed,241.32
4589,243,2025-01-08,returned,897.15
4590,227,2024-12-25,placed,3401.81
4591,316,2024-10-24,placed,2324.82
4592,58,2024-12-21,returned,2821.39
4593,303,2023-11-06,placed,516.1
4594,85,2023-04-23,shipped,1377.02
4595,403,2025-08-18,placed,1425.24
4596,456,2024-12-09,placed,2330.52
4597,267,2025-11-09,placed,1078.4
4598,172,2025-12-26,shipped,3211.83
4599,264,2023-10-22,shipped,29.64
4600,430,2023-04-28,cancelled,2343.23
4601,171,2024-05-01,placed,278.16
4602,474,2023-10-01,returned,1790.98
4603,343,2026-02-17,returned,2135.22
4604,129,2024-05-02,delivered,703.89
4605,132,2024-09-28,returned,664.6
4606,447,2023-06-29,delivered,2385.17
4607,82,2023-05-29,delivered,1053.01
4608,313,2026-05-09,shipped,981.38
4609,244,2024-04-29,returned,932.08
4610,270,2026-02-15,shipped,4263.55
4611,437,2025-11-12,returned,285.71
4612,500,2023-07-07,cancelled,1313.24
4613,422,2024-09-10,cancelled,428.67
4614,121,2026-01-27,shipped,2833.72
4615,82,2025-01-11,placed,1375.35
4616,97,2026-06-05,cancelled,3120.81
4617,395,2024-07-19,delivered,280.6
4618,178,2023-10-11,returned,2691.27
4619,98,2023-10-29,shipped,2507.69
4620,474,2025-09-30,returned,1064.94
4621,498,2023-06-07,placed,341.94
4622,495,2025-07-24,cancelled,1378.75
4623,2,2023-07-12,returned,1707.84
4624,464,2025-09-12,shipped,2423.97
4625,84,2025-07-24,delivered,1238.25
4626,418,2024-07-24,returned,1463.48
4627,296,2023-03-14,delivered,729.4
4628,469,2023-05-23,placed,31.06
4629,142,2025-02-20,delivered,472.1
4630,200,2024-10-02,placed,230.04
4631,200,2025-03-09,shipped,978.64
4632,160,2023-08-01,shipped,5289.39
4633,117,2023-07-17,placed,796.4
4634,100,2023-07-09,cancelled,424.47
4635,106,2023-11-26,placed,322.72
4636,226,2023-01-17,placed,2663.82
4637,79,2026-01-21,returned,2706.84
4638,387,2024-07-13,delivered,1434.14
4639,383,2025-10-25,delivered,1195.04
4640,444,2024-09-23,cancelled,1991.08
4641,156,2023-07-08,cancelled,4153.2
4642,76,2024-12-09,delivered,1529.04
4643,332,2026-06-29,shipped,2062.77
4644,434,2024-09-23,delivered,677.18
4645,328,2025-08-29,delivered,1204.3
4646,239,2024-08-19,returned,1678.72
4647,14,2025-05-16,returned,4678.93
4648,230,2023-01-18,returned,3343.23
4649,264,2023-05-30,delivered,4124.11
4650,55,2023-03-22,delivered,4276.62
4651,88,2025-05-13,shipped,2871.93
4652,38,2025-03-23,returned,600.95
4653,160,2023-08-22,cancelled,885.8
4654,168,2023-08-04,returned,162.16
4655,374,2024-06-16,returned,932.44
4656,211,2024-07-23,cancelled,2879.6
4657,212,2026-06-28,placed,484.89
4658,327,2024-09-02,returned,1136.39
4659,444,2025-08-14,placed,1592.41
4660,60,2023-12-13,shipped,1471.6
4661,290,2025-02-07,shipped,2580.89
4662,21,2024-02-16,placed,1353.24
4663,186,2023-11-02,placed,2620.4
4664,80,2026-06-05,delivered,2257.04
4665,43,2024-01-01,returned,2007.75
4666,486,2023-05-04,delivered,2689.2
4667,148,2024-05-22,returned,657.67
4668,55,2026-07-02,returned,2905.18
4669,100,2025-09-25,returned,924.03
4670,118,2024-06-22,placed,3824.95
4671,327,2023-03-17,placed,2798.23
4672,426,2024-06-11,delivered,3494.42
4673,258,2026-01-10,returned,680.48
4674,401,2026-08-04,shipped,3678.56
4675,353,2025-03-24,delivered,1763.83
4676,120,2023-04-14,cancelled,3601.13
4677,112,2025-07-19,delivered,4637.76
4678,499,2024-10-03,shipped,3227.98
4679,449,2025-05-27,placed,1126.8
4680,271,2024-06-28,placed,1203.03
4681,296,2024-05-26,placed,2104.68
4682,481,2023-03-15,returned,1378.89
4683,290,2024-05-14,delivered,1682.38
4684,270,2024-07-24,shipped,2774.05
4685,235,2023-12-29,delivered,2121.9
4686,494,2023-05-21,shipped,3123.62
4687,260,2024-05-02,shipped,3606.26
4688,286,2025-11-12,returned,2330.2
4689,311,2024-03-26,cancelled,1372.23
4690,303,2023-11-18,returned,2131.72
4691,226,2023-08-07,returned,4315.34
4692,378,2023-05-24,delivered,1902.51
4693,106,2023-10-12,cancelled,3049.9
4694,378,2023-01-15,placed,196.05
4695,122,2026-05-07,shipped,1201.91
4696,159,2023-09-10,delivered,2005.6
4697,36,2023-09-29,shipped,1626.7
4698,395,2026-06-02,shipped,2015.74
4699,104,2023-11-20,placed,3042.96
4700,53,2023-04-25,delivered,3309.96
4701,384,2025-02-05,delivered,1239.6
4702,54,2023-03-02,shipped,2999.98
4703,388,2026-08-18,returned,1636.42
4704,337,2024-10-12,placed,1628.09
4705,282,2023-03-06,delivered,421.31
4706,356,2023-05-06,placed,3181.62
4707,158,2024-02-19,shipped,1298.56
4708,401,2026-08-10,delivered,4225.2
4709,257,2025-10-07,shipped,208.64
4710,90,2026-07-12,delivered,1884.28
4711,238,2024-11-03,returned,2154.28
4712,480,2024-02-27,cancelled,2185.02
4713,391,2024-06-09,delivered,1332.35
4714,267,2024-04-23,delivered,1525.25
4715,324,2023-06-24,shipped,3352.12
4716,66,2025-06-25,placed,1400.24
4717,495,2024-03-21,returned,2616.37
4718,266,2026-04-19,returned,1141.19
4719,384,2024-11-07,placed,2731.26
4720,407,2024-11-05,cancelled,1759.8
4721,386,2025-11-07,cancelled,1189.34
4722,355,2023-02-01,shipped,772.77
4723,243,2025-12-05,delivered,3125.5
4724,286,2024-10-03,shipped,895.34
4725,464,2026-03-13,delivered,3353.74
4726,280,2023-02-20,cancelled,2523.76
4727,252,2023-08-05,placed,731.64
4728,266,2025-07-06,shipped,2727.05
4729,196,2023-04-16,delivered,2044.76
4730,193,2025-04-21,cancelled,1601.62
4731,391,2026-07-04,placed,1803.49
4732,249,2023-11-08,shipped,895.74
4733,145,2023-10-17,cancelled,3219.57
4734,263,2025-07-04,delivered,2707.14
4735,448,2023-07-09,returned,633.84
4736,332,2025-08-23,returned,801.92
4737,327,2026-08-28,returned,2568.34
4738,493,2024-11-05,cancelled,1625.33
4739,117,2026-08-26,placed,963.56
4740,49,2025-03-29,shipped,1563.19
4741,28,2024-12-04,shipped,2884.92
4742,490,2025-10-30,cancelled,2071.73
4743,35,2024-08-24,delivered,1802.55
4744,156,2023-06-26,returned,2106.45
4745,144,2024-01-26,placed,2750.18
4746,77,2025-04-17,delivered,265.36
4747,263,2026-06-17,returned,3621.25
4748,418,2023-02-23,placed,3805.96
4749,375,2025-08-15,cancelled,3567.51
4750,203,2025-07-06,cancelled,636.38
4751,163,2023-11-18,returned,1989.04
4752,34,2026-09-01,returned,2587.34
4753,225,2025-03-26,returned,2563.86
4754,280,2026-07-11,cancelled,5124.04
4755,262,2025-01-31,cancelled,1810.56
4756,440,2026-08-29,cancelled,4654.41
4757,110,2023-05-11,placed,1955.28
4758,39,2023-01-21,shipped,1726.11
4759,2,2025-10-26,returned,2595.13
4760,218,2024-02-21,cancelled,849.31
4761,285,2026-03-11,shipped,5111.44
4762,309,2025-12-07,shipped,785.04
4763,420,2026-04-18,cancelled,3989.18
4764,381,2024-11-01,shipped,733.24
4765,500,2024-09-03,cancelled,404.18
4766,265,2023-08-17,delivered,1451.71
4767,324,2024-02-02,cancelled,1341.56
4768,380,2023-04-02,cancelled,2468.85
4769,186,2025-02-13,shipped,1202.2
4770,285,2024-04-19,cancelled,3549.88
4771,155,2023-04-06,placed,4216.09
4772,268,2025-08-13,delivered,296.96
4773,476,2024-09-11,delivered,1085.71
4774,416,2026-08-18,returned,4221.75
4775,387,2026-08-08,cancelled,2189.62
4776,165,2025-10-22,shipped,2301.5
4777,220,2024-08-17,delivered,1167.66
4778,187,2026-05-27,placed,3922.61
4779,446,2026-06-17,returned,859.38
4780,314,2026-07-29,returned,801.66
4781,475,2024-10-18,delivered,2176.33
4782,43,2024-05-03,shipped,4113.1
4783,22,2024-01-21,cancelled,1203.52
4784,363,2024-07-03,placed,417.1
4785,58,2025-04-12,placed,633.32
4786,424,2025-07-03,shipped,1164.24
4787,308,2024-08-15,shipped,2783.44
4788,29,2024-11-19,delivered,367.31
4789,98,2025-04-19,placed,3774.97
4790,140,2024-02-26,delivered,548.18
4791,482,2023-04-23,cancelled,1408.05
4792,191,2024-07-09,delivered,2158.11
4793,159,2024-08-27,delivered,2591.62
4794,192,2026-03-25,cancelled,2259.95
4795,457,2026-08-25,returned,1326.76
4796,116,2023-02-27,cancelled,445.77
4797,405,2026-08-06,returned,2287.45
4798,346,2023-03-18,shipped,111.49
4799,332,2025-11-28,cancelled,1303.52
4800,486,2025-07-29,shipped,106.76
4801,135,2025-01-23,delivered,1184.97
4802,198,2023-07-27,shipped,1324.92
4803,214,2023-05-22,delivered,2597.86
4804,295,2024-05-20,delivered,624.05
4805,437,2025-02-05,delivered,2104.72
4806,371,2026-02-21,placed,1479.41
4807,455,2023-10-27,returned,2057.63
4808,402,2026-03-20,delivered,2266.87
4809,24,2025-06-18,shipped,2280.4
4810,288,2024-04-13,placed,2078.64
4811,120,2024-09-21,cancelled,1944.69
4812,103,2024-12-20,placed,2536.89
4813,84,2026-01-04,cancelled,3277.48
4814,195,2023-05-27,placed,4599.0
4815,349,2023-08-31,cancelled,1381.98
4816,322,2023-05-26,cancelled,707.48
4817,175,2026-07-13,cancelled,1575.06
4818,134,2024-06-17,delivered,1133.4
4819,129,2024-08-05,placed,337.07
4820,25,2024-06-23,cancelled,2422.04
4821,11,2023-03-28,placed,513.16
4822,243,2024-04-05,shipped,1818.95
4823,317,2025-03-23,placed,329.22
4824,3,2023-10-13,cancelled,730.65
4825,53,2025-09-23,delivered,2260.89
4826,397,2023-06-03,shipped,2678.69
4827,277,2024-09-02,delivered,3552.48
4828,2,2025-01-02,shipped,191.94
4829,2,2026-06-28,delivered,1073.84
4830,28,2023-07-15,placed,876.56
4831,106,2023-10-14,cancelled,1020.63
4832,198,2025-02-02,placed,886.13
4833,423,2026-08-20,delivered,3135.28
4834,394,2025-11-06,delivered,1604.88
4835,422,2023-03-25,placed,329.56
4836,131,2025-12-22,placed,1596.45
4837,36,2025-11-27,returned,2926.59
4838,386,2026-08-08,returned,1804.07
4839,312,2023-10-14,returned,2702.7
4840,288,2023-10-12,returned,1412.52
4841,165,2023-01-31,shipped,4043.95
4842,233,2025-10-16,placed,170.22
4843,330,2024-07-22,returned,2477.78
4844,398,2023-12-05,delivered,1472.87
4845,439,2023-08-25,shipped,2145.1
4846,349,2023-07-10,delivered,3228.26
4847,213,2024-01-04,placed,333.91
4848,40,2023-04-20,placed,405.28
4849,174,2026-03-20,delivered,430.78
4850,214,2024-08-29,returned,5091.59
4851,383,2024-07-18,shipped,489.36
4852,466,2023-10-15,cancelled,137.0
4853,64,2026-04-15,returned,1810.89
4854,217,2023-09-05,returned,1934.43
4855,349,2023-03-14,placed,1744.12
4856,449,2026-04-17,delivered,1794.66
4857,399,2024-07-29,shipped,2514.62
4858,41,2026-07-18,returned,3946.24
4859,487,2024-02-04,placed,2397.27
4860,340,2023-09-24,placed,150.21
4861,173,2026-06-19,placed,3544.26
4862,418,2024-10-09,returned,5442.22
4863,35,2024-12-20,placed,4022.54
4864,41,2025-11-19,placed,1966.25
4865,396,2026-07-21,shipped,2472.25
4866,462,2024-08-10,shipped,1120.65
4867,52,2026-05-11,shipped,767.37
4868,350,2025-02-05,delivered,161.9
4869,409,2026-01-11,delivered,182.35
4870,31,2025-01-23,returned,2050.68
4871,353,2026-04-16,cancelled,927.86
4872,156,2023-09-24,cancelled,1331.15
4873,109,2025-08-29,returned,1582.4
4874,359,2025-02-16,cancelled,3629.72
4875,480,2023-07-14,delivered,389.58
4876,312,2025-06-11,cancelled,2432.24
4877,29,2026-01-11,shipped,2120.61
4878,121,2025-09-13,cancelled,1251.38
4879,117,2026-01-14,placed,343.3
4880,196,2025-09-12,returned,3217.76
4881,258,2023-01-20,shipped,3527.38
4882,61,2026-04-19,shipped,1288.36
4883,101,2026-06-09,cancelled,2706.05
4884,95,2024-11-02,returned,1714.96
4885,262,2024-03-01,delivered,2244.16
4886,306,2025-11-30,cancelled,1017.58
4887,350,2025-06-24,cancelled,1686.54
4888,21,2023-12-20,shipped,3001.1
4889,73,2025-08-28,cancelled,863.13
4890,130,2026-08-21,placed,201.18
4891,486,2026-06-21,returned,4865.36
4892,482,2026-02-26,delivered,2078.2
4893,222,2025-05-02,cancelled,2481.08
4894,404,2025-05-08,placed,954.92
4895,425,2025-02-16,cancelled,1339.24
4896,248,2023-02-19,placed,3498.07
4897,408,2025-09-29,shipped,3685.73
4898,399,2023-09-10,placed,777.44
4899,345,2025-07-25,delivered,3983.27
4900,450,2025-11-06,shipped,1996.52
4901,13,2025-03-18,shipped,1311.7
4902,72,2023-10-18,returned,717.59
4903,125,2023-10-09,delivered,2902.92
4904,339,2023-09-14,cancelled,5235.1
4905,389,2025-07-02,cancelled,1119.01
4906,207,2026-07-07,shipped,158.17
4907,347,2024-05-12,returned,631.67
4908,6,2024-05-03,placed,3022.24
4909,173,2024-02-10,placed,2358.39
4910,431,2024-02-17,returned,1540.38
4911,333,2026-01-05,delivered,338.72
4912,304,2023-06-17,shipped,3304.32
4913,8,2024-11-01,delivered,2289.89
4914,63,2026-09-04,delivered,1014.96
4915,253,2024-07-10,returned,580.08
4916,398,2024-04-17,delivered,2232.13
4917,427,2026-01-18,returned,1032.45
4918,430,2024-07-26,placed,2218.64
4919,262,2026-08-02,returned,1443.33
4920,276,2024-03-27,placed,545.8
4921,419,2026-05-30,cancelled,4152.66
4922,280,2024-09-08,placed,2640.58
4923,265,2024-05-16,shipped,353.63
4924,357,2025-01-12,delivered,4579.67
4925,168,2023-08-07,returned,2362.8
4926,185,2024-08-08,placed,311.14
4927,46,2024-01-19,placed,1831.85
4928,37,2025-06-05,cancelled,196.94
4929,371,2025-07-03,cancelled,3767.89
4930,310,2025-05-02,shipped,559.44
4931,226,2025-08-01,shipped,2391.08
4932,363,2026-06-14,returned,475.42
4933,496,2026-05-02,delivered,3689.69
4934,225,2023-05-14,shipped,1183.23
4935,295,2023-04-28,shipped,1596.38
4936,443,2026-01-30,delivered,3523.36
4937,215,2023-05-01,cancelled,1550.64
4938,484,2023-01-23,placed,48.6
4939,254,2026-06-07,placed,347.83
4940,321,2023-05-20,returned,2564.56
4941,365,2025-10-04,shipped,960.08
4942,221,2025-04-18,returned,1841.77
4943,83,2025-01-02,returned,2875.95
4944,8,2025-05-01,delivered,495.08
4945,417,2024-11-07,cancelled,1748.97
4946,222,2025-12-19,delivered,683.4
4947,251,2025-06-16,placed,4014.93
4948,99,2026-02-18,returned,2732.22
4949,234,2023-10-12,cancelled,4091.58
4950,184,2025-11-10,delivered,3877.19
4951,20,2025-01-11,returned,1517.65
4952,492,2023-06-03,returned,720.45
4953,472,2026-02-24,delivered,31.74
4954,124,2026-07-01,delivered,2218.04
4955,224,2024-04-16,shipped,767.14
4956,339,2025-12-02,returned,487.98
4957,152,2024-09-15,delivered,2932.65
4958,308,2026-05-05,cancelled,1440.98
4959,306,2025-05-16,returned,1723.73
4960,204,2025-11-20,shipped,75.53
4961,14,2024-06-15,delivered,2444.25
4962,22,2026-06-16,delivered,2266.4
4963,288,2025-11-17,shipped,2519.59
4964,344,2024-11-13,shipped,1618.91
4965,73,2023-12-26,shipped,2550.66
4966,391,2025-06-04,delivered,3275.18
4967,225,2024-02-18,returned,1116.51
4968,276,2026-04-28,shipped,3440.03
4969,202,2026-05-07,shipped,2153.21
4970,209,2025-06-23,shipped,5183.0
4971,448,2023-01-06,cancelled,3569.02
4972,152,2026-05-06,cancelled,879.92
4973,273,2023-02-13,cancelled,964.54
4974,65,2023-02-05,returned,4824.44
4975,53,2025-11-28,cancelled,856.5
4976,315,2026-02-03,cancelled,1725.86
4977,198,2024-11-28,delivered,3199.7
4978,279,2025-09-23,shipped,213.38
4979,335,2024-03-02,placed,3243.0
4980,171,2023-08-18,delivered,1687.2
4981,340,2025-02-08,placed,2943.59
4982,296,2024-07-31,cancelled,2090.09
4983,321,2025-01-16,shipped,2535.91
4984,195,2024-06-09,cancelled,709.05
4985,102,2025-04-08,placed,2870.43
4986,200,2024-06-12,shipped,1198.08
4987,352,2023-03-11,placed,2944.59
4988,71,2026-06-06,returned,1900.21
4989,85,2024-07-30,shipped,1890.59
4990,372,2026-06-16,cancelled,294.06
4991,447,2024-06-08,cancelled,3160.07
4992,119,2025-09-05,returned,1768.39
4993,276,2024-06-25,shipped,1773.2
4994,143,2024-03-03,delivered,2268.87
4995,279,2023-08-01,placed,2544.99
4996,30,2023-11-07,cancelled,4285.68
4997,494,2025-08-12,cancelled,841.26
4998,192,2023-06-19,cancelled,4142.09
4999,271,2023-06-09,delivered,1574.49
5000,244,2025-02-14,shipped,2434.26
